post_id,created_utc,title,selftext,author,permalink,url,flair,score,num_comments,post_fullname,date,period
1be73q9,1710374403,"„Das ist letztlich auch eine Stärke, wenn man nicht immer rote Linien zieht“ – Sicherheitsexpertin @ClaudMajor zur Debatte um die Macron-Äußerungen zur Entsendung westlicher Bodentruppen in die Ukraine.",,agent007653,/r/PolitikBRD/comments/1be73q9/das_ist_letztlich_auch_eine_stärke_wenn_man_nicht/,https://v.redd.it/o13puoo1x6oc1,,8,1,t3_1be73q9,2024-03-14 00:00:03+00:00,pre
1be75t5,1710374538,"Der Angriff auf die Demokratie erfolgt durch eine Verrohung der Sprache, auf die Taten folgen, warnt Wirtschaftsminister Robert #Habeck vor dem ""Kampfmittel des Populismus"". @Die_Gruenen https://phoenix.de/s/0Aa",,agent007653,/r/PolitikBRD/comments/1be75t5/der_angriff_auf_die_demokratie_erfolgt_durch_eine/,https://v.redd.it/yed99bmlx6oc1,,21,1,t3_1be75t5,2024-03-14 00:02:18+00:00,pre
1be7c18,1710374976,"Guten Morgen Fellas, Hr. Ramelow ist, in meinen Augen, der vernünftigste Linken-Politiker im Land. Wie angenehm seine Haltung wenn man ihn z. B. mit Unterwerfungspazifistin Fr. Wagenknecht vergleicht! Respekt für seinen klaren Verstand! 👍 (@twidderix)",,agent007653,/r/PolitikBRD/comments/1be7c18/guten_morgen_fellas_hr_ramelow_ist_in_meinen/,https://v.redd.it/rmkje7dvy6oc1,,90,5,t3_1be7c18,2024-03-14 00:09:36+00:00,pre
1be7eqe,1710375164,"Wenn man nur eine Rede zum AfD-Nazi-Treffen in Potsdam hören wollte, dann diese. Eva von Angern ( @Eva0112 ) , Fraktionsvorsitzende Die Linke im Landtag Sachsen-Anhalt zur Abberufung von AfD Siegmund als Vorsitzender des Ausschusses für Soziales (sic!) ⬇",,agent007653,/r/PolitikBRD/comments/1be7eqe/wenn_man_nur_eine_rede_zum_afdnazitreffen_in/,https://v.redd.it/jjv2zv6gz6oc1,,13,1,t3_1be7eqe,2024-03-14 00:12:44+00:00,pre
1be7gnv,1710375309,Der #MicDrop des Abends geht an @katharinawarda ! #Miosga,,agent007653,/r/PolitikBRD/comments/1be7gnv/der_micdrop_des_abends_geht_an_katharinawarda/,https://v.redd.it/dscm2z8vz6oc1,,13,1,t3_1be7gnv,2024-03-14 00:15:09+00:00,pre
1be7hyu,1710375399,"Ich denke, dass es nicht mehr lange dauert, bis Weidel bei der AfD raus ist. Die nächste Häutung steht bei der Nazi-Partei kurz bevor. Mark my words. (@djpr)",,agent007653,/r/PolitikBRD/comments/1be7hyu/ich_denke_dass_es_nicht_mehr_lange_dauert_bis/,https://v.redd.it/ldh8wds407oc1,,17,1,t3_1be7hyu,2024-03-14 00:16:39+00:00,pre
1be7j12,1710375477,"Herr @Markus_Soeder , fast zwei Drittel des Sozialbudget ist für Alter und Gesundheit, dagegen weniger als 5 Prozent für Bürgergeld sowie Arbeitslosigkeit. Hören Sie also endlich auf mit Ihrem billigen Populismus! (@NurderK)",,agent007653,/r/PolitikBRD/comments/1be7j12/herr_markus_soeder_fast_zwei_drittel_des/,https://v.redd.it/2qdpoovc07oc1,,17,1,t3_1be7j12,2024-03-14 00:17:57+00:00,pre
1bei0rs,1710411951,Bundestagsautos fahren bei der  Arbeitsstelle einer Freundin ein und aus. Verschwörungsreif?,[removed],Living-Emergency-371,/r/PolitikBRD/comments/1bei0rs/bundestagsautos_fahren_bei_der_arbeitsstelle/,https://www.reddit.com/r/PolitikBRD/comments/1bei0rs/bundestagsautos_fahren_bei_der_arbeitsstelle/,,1,0,t3_1bei0rs,2024-03-14 10:25:51+00:00,pre
1bemp6i,1710427063,In Mexiko will eine starke Linke ihre Arbeit fortsetzen,,PlecotusAuritus,/r/PolitikBRD/comments/1bemp6i/in_mexiko_will_eine_starke_linke_ihre_arbeit/,https://jacobin.de/artikel/mexiko-morena-praesidentschaftswahlen,,4,0,t3_1bemp6i,2024-03-14 14:37:43+00:00,pre
1bf0mjm,1710462067,Auch im Jahr nach dem Beginn des russischen Angriffskrieges gegen die Ukraine hat eine große Mehrheit der Nato-Staaten das 2014 gesetzte Bündnisziel für Verteidigungsausgaben verfehlt.,,agent007653,/r/PolitikBRD/comments/1bf0mjm/auch_im_jahr_nach_dem_beginn_des_russischen/,https://i.redd.it/4a0ld93u5eoc1.jpeg,,14,2,t3_1bf0mjm,2024-03-15 00:21:07+00:00,pre
1bf0nxs,1710462172,Die Diskussion um einen THC-Grenzwert ist durch die Teillegalisierung von Cannabis in vollem Gange. Doch sollte nicht auch der Alkohol-Grenzwert im Straßenverkehr genauer betrachtet werden ?,,agent007653,/r/PolitikBRD/comments/1bf0nxs/die_diskussion_um_einen_thcgrenzwert_ist_durch/,https://www.reddit.com/gallery/1bf0nxs,,28,12,t3_1bf0nxs,2024-03-15 00:22:52+00:00,pre
1bf0par,1710462280,"""Die AfD ist gesichert rechtsmissbräuchlich.""",,agent007653,/r/PolitikBRD/comments/1bf0par/die_afd_ist_gesichert_rechtsmissbräuchlich/,https://i.redd.it/ghlja1hg6eoc1.jpeg,,42,1,t3_1bf0par,2024-03-15 00:24:40+00:00,pre
1bf0qbh,1710462363,Verkehrswende : Schlechte Aussichten,,agent007653,/r/PolitikBRD/comments/1bf0qbh/verkehrswende_schlechte_aussichten/,https://i.redd.it/ljl7zlqp6eoc1.jpeg,,29,2,t3_1bf0qbh,2024-03-15 00:26:03+00:00,pre
1bf0t9f,1710462590,Warum die Fuball-EM die deutsche Polizei nervös macht,,agent007653,/r/PolitikBRD/comments/1bf0t9f/warum_die_fuballem_die_deutsche_polizei_nervös/,https://www.reddit.com/gallery/1bf0t9f,,10,1,t3_1bf0t9f,2024-03-15 00:29:50+00:00,pre
1bf0vxo,1710462785,"Lithium : ""weißes Gold"" mit Folgen",,agent007653,/r/PolitikBRD/comments/1bf0vxo/lithium_weißes_gold_mit_folgen/,https://v.redd.it/af14linp7eoc1,,10,2,t3_1bf0vxo,2024-03-15 00:33:05+00:00,pre
1bf0y75,1710462958,Hälfte der Stromimporte stammt aus grünen Quellen,,agent007653,/r/PolitikBRD/comments/1bf0y75/hälfte_der_stromimporte_stammt_aus_grünen_quellen/,https://www.reddit.com/gallery/1bf0y75,,27,4,t3_1bf0y75,2024-03-15 00:35:58+00:00,pre
1bf0zjb,1710463061,So etwas hat es noch nicht gegeben,,agent007653,/r/PolitikBRD/comments/1bf0zjb/so_etwas_hat_es_noch_nicht_gegeben/,https://www.reddit.com/gallery/1bf0zjb,,55,9,t3_1bf0zjb,2024-03-15 00:37:41+00:00,pre
1bfkikz,1710526488,"Gefahr für nationale Sicherheit? – Der wahre Grund, warum Scholz keine Taurus liefert",,PlecotusAuritus,/r/PolitikBRD/comments/1bfkikz/gefahr_für_nationale_sicherheit_der_wahre_grund/,https://www.t-online.de/nachrichten/deutschland/militaer-verteidigung/id_100364946/taurus-debatte-olaf-scholz-liefert-wirklich-keine-marschflugkoerper.html,,1,0,t3_1bfkikz,2024-03-15 18:14:48+00:00,pre
1bflo4g,1710529442,"Beschäftigte in Deutschland sind einer neuen Umfrage zufolge zunehmend bereit, den Job zu wechseln.",,agent007653,/r/PolitikBRD/comments/1bflo4g/beschäftigte_in_deutschland_sind_einer_neuen/,https://www.reddit.com/gallery/1bflo4g,,8,2,t3_1bflo4g,2024-03-15 19:04:02+00:00,pre
1bflr29,1710529658,"Ein australischer Milliardär will die Titanic originalgetreu nachbauen lassen - samt Ballsaal, Pool und Türkischem Bad.",,agent007653,/r/PolitikBRD/comments/1bflr29/ein_australischer_milliardär_will_die_titanic/,https://www.reddit.com/gallery/1bflr29,,13,7,t3_1bflr29,2024-03-15 19:07:38+00:00,pre
1bftsoe,1710550841,Ab Ende des Jahres sind für viele Elektrogeräte einheitliche Ladekabel Pflicht :,,agent007653,/r/PolitikBRD/comments/1bftsoe/ab_ende_des_jahres_sind_für_viele_elektrogeräte/,https://www.reddit.com/gallery/1bftsoe,,31,4,t3_1bftsoe,2024-03-16 01:00:41+00:00,pre
1bftuyp,1710551011,"Seit September 2023 hatte sich der erste Bürgerrat zum Thema ""Ernährung im Wandel"" immer wieder getroffen und Ideen mit Blick auf Tierwohl, Gesundheit und Klimaschutz ausgearbeitet.",,agent007653,/r/PolitikBRD/comments/1bftuyp/seit_september_2023_hatte_sich_der_erste/,https://www.reddit.com/gallery/1bftuyp,,16,1,t3_1bftuyp,2024-03-16 01:03:31+00:00,pre
1bftw5l,1710551107,Gute Nachricht für den Syrer Ahmad Ahmad: Er darf offiziell wieder arbeiten.,,agent007653,/r/PolitikBRD/comments/1bftw5l/gute_nachricht_für_den_syrer_ahmad_ahmad_er_darf/,https://i.redd.it/v5umxnrmiloc1.jpeg,,23,2,t3_1bftw5l,2024-03-16 01:05:07+00:00,pre
1bfu2i1,1710551630,Europas Waffenimporte fast verdoppelt,,agent007653,/r/PolitikBRD/comments/1bfu2i1/europas_waffenimporte_fast_verdoppelt/,https://www.reddit.com/gallery/1bfu2i1,,13,1,t3_1bfu2i1,2024-03-16 01:13:50+00:00,pre
1bfv63o,1710554875,BSW: Wagenknecht schließt Kanzlerkandidatur nicht aus,,agent007653,/r/PolitikBRD/comments/1bfv63o/bsw_wagenknecht_schließt_kanzlerkandidatur_nicht/,https://www.zeit.de/news/2024-03/16/wagenknecht-schliesst-kanzlerkandidatur-nicht-aus,,12,8,t3_1bfv63o,2024-03-16 02:07:55+00:00,pre
1bfvpvf,1710556559,Ukraine - Gemeinden in der Region Sumy nahe der russischen Grenze evakuiert,,agent007653,/r/PolitikBRD/comments/1bfvpvf/ukraine_gemeinden_in_der_region_sumy_nahe_der/,https://www.deutschlandfunk.de/gemeinden-in-der-region-sumy-nahe-der-russischen-grenze-evakuiert-100.html,,1,0,t3_1bfvpvf,2024-03-16 02:35:59+00:00,pre
1bfvrbj,1710556688,CDU will Arbeitsunwilligen das Bürgergeld streichen,,agent007653,/r/PolitikBRD/comments/1bfvrbj/cdu_will_arbeitsunwilligen_das_bürgergeld/,https://www.sueddeutsche.de/politik/cdu-buergergeld-neue-grundsicherung-bundesvorstand-1.6457083,,5,3,t3_1bfvrbj,2024-03-16 02:38:08+00:00,pre
1bfvrom,1710556718,Schweigegeld-Prozess gegen Trump verzögert sich,,agent007653,/r/PolitikBRD/comments/1bfvrom/schweigegeldprozess_gegen_trump_verzögert_sich/,https://www.tagesschau.de/ausland/amerika/trump-verfahren-usa-100.html,,3,0,t3_1bfvrom,2024-03-16 02:38:38+00:00,pre
1bfvrxo,1710556742,Tarifkonflikte - DGB-Vorsitzende Fahimi warnt vor Einschränkungen beim Streikrecht,,agent007653,/r/PolitikBRD/comments/1bfvrxo/tarifkonflikte_dgbvorsitzende_fahimi_warnt_vor/,https://www.deutschlandfunk.de/dgb-vorsitzende-fahimi-warnt-vor-einschraenkungen-beim-streikrecht-100.html,,4,0,t3_1bfvrxo,2024-03-16 02:39:02+00:00,pre
1bfvsif,1710556793,"Nein, der globale Wald bindet nicht mehr CO2 als der Mensch produziert",,agent007653,/r/PolitikBRD/comments/1bfvsif/nein_der_globale_wald_bindet_nicht_mehr_co2_als/,https://correctiv.org/faktencheck/2024/03/13/nein-der-globale-wald-bindet-nicht-mehr-co2-als-der-mensch-produziert/,,6,0,t3_1bfvsif,2024-03-16 02:39:53+00:00,pre
1bfvsw8,1710556825,Wagenknecht will Leistungen für abgelehnte Asybewerber streichen,,agent007653,/r/PolitikBRD/comments/1bfvsw8/wagenknecht_will_leistungen_für_abgelehnte/,https://www.faz.net/aktuell/politik/inland/wagenknecht-will-leistungen-fuer-abgelehnte-asybewerber-streichen-19588224.html,,4,0,t3_1bfvsw8,2024-03-16 02:40:25+00:00,pre
1bfvt56,1710556845,Mike Pence: Ex-US-Vizepräsident verweigert Donald Trump die Unterstützung,,agent007653,/r/PolitikBRD/comments/1bfvt56/mike_pence_exusvizepräsident_verweigert_donald/,https://www.spiegel.de/ausland/mike-pence-ex-us-vizepraesident-verweigert-donald-trump-die-unterstuetzung-a-49b1e810-7fff-4d1f-b0be-864c8de72e7c#ref=rss,,4,0,t3_1bfvt56,2024-03-16 02:40:45+00:00,pre
1bfvuqg,1710556983,Marschflugkörper: FDP will Olaf Scholz in Taurus-Streit noch umstimmen,,agent007653,/r/PolitikBRD/comments/1bfvuqg/marschflugkörper_fdp_will_olaf_scholz_in/,https://www.zeit.de/politik/deutschland/2024-03/taurus-streit-koalition-fdp-kanzleramt-johannes-vogel-scholz-muetzenich,,4,0,t3_1bfvuqg,2024-03-16 02:43:03+00:00,pre
1bgd893,1710615215,"Pottwal ""gestrandet""",,agent007653,/r/PolitikBRD/comments/1bgd893/pottwal_gestrandet/,https://i.redd.it/mp32r4q8tqoc1.jpeg,,28,1,t3_1bgd893,2024-03-16 18:53:35+00:00,pre
1bh1y7x,1710693427,"""#Taurus ist für uns hier ein wesentliches Waffensystem, wonach die Ukraine ja auch verlangt"", so die @GrueneBundestag Vorsitzende @BriHasselmann . Die Grünen-Fraktion lehnt den Vorschlag Macrons, Bodentruppen in die #Ukraine zu entsenden, ab: https://phoenix.de/s/0Aa",,agent007653,/r/PolitikBRD/comments/1bh1y7x/taurus_ist_für_uns_hier_ein_wesentliches/,https://v.redd.it/vtizqha89xoc1,,1,1,t3_1bh1y7x,2024-03-17 16:37:07+00:00,pre
1bh233h,1710693769,"""Die Russen brauchen bei uns keine Agenten, die hatten Gerhard Schröder"", meint @robinalexander_ von @welt in der #phoenixrunde.",,agent007653,/r/PolitikBRD/comments/1bh233h/die_russen_brauchen_bei_uns_keine_agenten_die/,https://v.redd.it/fvxj9h5taxoc1,,13,1,t3_1bh233h,2024-03-17 16:42:49+00:00,pre
1bh254a,1710693913,"Ein komplettes Jahr mussten wir uns anhören, wann überall wo das Licht ausgehen wird, wie dramatisch ein AKW-Aus für die Klimabilanz wäre und dass absehbar die Republik den Bach runtergehen würde. Ich möchte gerne meine Zeit zurück. Ein Hoch auf die Windkraft. #Erneuerbar (@Luisamneubauer)",,agent007653,/r/PolitikBRD/comments/1bh254a/ein_komplettes_jahr_mussten_wir_uns_anhören_wann/,https://i.redd.it/r0fpllm6bxoc1.jpeg,,69,10,t3_1bh254a,2024-03-17 16:45:13+00:00,pre
1bh26ln,1710694016,Kürzungen bei der #Rente kommen für mich nicht in Betracht. Das ist eine Frage des Respekts: gegenüber aktuellen Rentnerinnen und Rentnern und gegenüber der jüngeren Generation. Deshalb stabilisieren und modernisieren wir nun die Rente. (@Bundeskanzler),,agent007653,/r/PolitikBRD/comments/1bh26ln/kürzungen_bei_der_rente_kommen_für_mich_nicht_in/,https://v.redd.it/kfz5mn5hbxoc1,,2,10,t3_1bh26ln,2024-03-17 16:46:56+00:00,pre
1bh29bd,1710694204,Diese #Protestaktion von #Landwirt​en und #Handwerker​n am späten Sonntag war buchstäblich Mist. Auf der #B5 bei #Wustermark (#Havelland) hatten sie einen großen Haufen #Gülle und Mist gekippt - dadurch kam es zu #Unfällen. >> http://rbburl.de/protesteunfall,,agent007653,/r/PolitikBRD/comments/1bh29bd/diese_protestaktion_von_landwirten_und/,https://v.redd.it/bvarfbm2cxoc1,,113,19,t3_1bh29bd,2024-03-17 16:50:04+00:00,pre
1bh2b9j,1710694336,"Dobrindt zu möglichem #Taurus -U-Ausschuss: Kanzler Scholz habe möglicherweise mit einer ""Falschbegründung"" die Taurus-Lieferung an die Ukraine blockiert, so Alexander Dobrindt (CSU). Das könne ein Untersuchungsausschuss klären.",,agent007653,/r/PolitikBRD/comments/1bh2b9j/dobrindt_zu_möglichem_taurus_uausschuss_kanzler/,https://v.redd.it/lrfzeiugcxoc1,,1,1,t3_1bh2b9j,2024-03-17 16:52:16+00:00,pre
1bh2dnu,1710694505,DU BIST #AFD Wähler? Und glaubst die AFD will den Menschen „Gutes tun“? Dann höre dir das mal an. 👇👇👇👇👇👇👇👇👇👇 (@querdenkerRAUS),,agent007653,/r/PolitikBRD/comments/1bh2dnu/du_bist_afd_wähler_und_glaubst_die_afd_will_den/,https://v.redd.it/kkeldsjwcxoc1,,26,1,t3_1bh2dnu,2024-03-17 16:55:05+00:00,pre
1bh2gew,1710694699,"„Dass dieser Bahnvorstand unbelehrbar ist, muss nun jeder mitbekommen haben. Und dass dieser Bahnvorstand weiter so agieren kann, ist nicht zuletzt auch die Schuld der Politik und hier ganz konkret des Verkehrsministers!“ Claus Weselsky rasiert @Wissing und die @DB_Bahn 🔥",,agent007653,/r/PolitikBRD/comments/1bh2gew/dass_dieser_bahnvorstand_unbelehrbar_ist_muss_nun/,https://v.redd.it/hy29l4kkdxoc1,,173,11,t3_1bh2gew,2024-03-17 16:58:19+00:00,pre
1bh2hk8,1710694772,"„Wenn Bayern auch mehr Windkraftanlagen hat, dann haben auch die bayrischen Unternehmen gut davon.“ Robert Habeck",,agent007653,/r/PolitikBRD/comments/1bh2hk8/wenn_bayern_auch_mehr_windkraftanlagen_hat_dann/,https://v.redd.it/2cnqh3otdxoc1,,28,1,t3_1bh2hk8,2024-03-17 16:59:32+00:00,pre
1bhor1y,1710762419,Deutschland und das NEOM-Projekt [audio],[removed],gcpwnd,/r/PolitikBRD/comments/1bhor1y/deutschland_und_das_neomprojekt_audio/,https://www.reddit.com/r/PolitikBRD/comments/1bhor1y/deutschland_und_das_neomprojekt_audio/,,1,0,t3_1bhor1y,2024-03-18 11:46:59+00:00,pre
1bhorzk,1710762508,Deutschland und das NEOM-Projekt [audio],[removed],gcpwnd,/r/PolitikBRD/comments/1bhorzk/deutschland_und_das_neomprojekt_audio/,https://www.reddit.com/r/PolitikBRD/comments/1bhorzk/deutschland_und_das_neomprojekt_audio/,,1,0,t3_1bhorzk,2024-03-18 11:48:28+00:00,pre
1bhosd3,1710762547,Deutschland und das NEOM-Projekt,[removed],gcpwnd,/r/PolitikBRD/comments/1bhosd3/deutschland_und_das_neomprojekt/,https://www.reddit.com/r/PolitikBRD/comments/1bhosd3/deutschland_und_das_neomprojekt/,,1,0,t3_1bhosd3,2024-03-18 11:49:07+00:00,pre
1bhotgk,1710762645,Test,[removed],gcpwnd,/r/PolitikBRD/comments/1bhotgk/test/,https://www.reddit.com/r/PolitikBRD/comments/1bhotgk/test/,,1,0,t3_1bhotgk,2024-03-18 11:50:45+00:00,pre
1bhotvh,1710762683,Deutschland und das NEOM-Projekt der Saudis,,gcpwnd,/r/PolitikBRD/comments/1bhotvh/deutschland_und_das_neomprojekt_der_saudis/,https://www.hoerspielundfeature.de/blut-sand-und-beton-100.html,,1,0,t3_1bhotvh,2024-03-18 11:51:23+00:00,pre
1bi3x7j,1710800641,Falls der Russe vor Berlin steht: Bildungsministerin will kriegstüchtige Kids,,PlecotusAuritus,/r/PolitikBRD/comments/1bi3x7j/falls_der_russe_vor_berlin_steht/,https://www.freitag.de/autoren/wolfgang-michal/bildungsministerin-bettina-stark-watzinger-fordert-zivilschutzuebungen-in-schulen,,1,0,t3_1bi3x7j,2024-03-18 22:24:01+00:00,pre
1bi5fie,1710804372,Der Mann hat recht! (@UlrichSchneider),,agent007653,/r/PolitikBRD/comments/1bi5fie/der_mann_hat_recht_ulrichschneider/,https://v.redd.it/gdv7sq4lf6pc1,,88,10,t3_1bi5fie,2024-03-18 23:26:12+00:00,pre
1bi5jmv,1710804647,"Florian Schroeder hat sich eine Taube zur Konversation eingeladen, und wundert sich jetzt, dass die ihm doch tatsächlich aufs Schachbrett geschissen hat. Manchen kapieren es einfach nicht. (@djpr)",,agent007653,/r/PolitikBRD/comments/1bi5jmv/florian_schroeder_hat_sich_eine_taube_zur/,https://v.redd.it/6wshtaqfg6pc1,,1,1,t3_1bi5jmv,2024-03-18 23:30:47+00:00,pre
1bi5m3y,1710804812,"Wenn man schon mit Reichelt redet, dann bitte genauso! Danke Florian Schroeder. 🫶 (@mel__aura)",,agent007653,/r/PolitikBRD/comments/1bi5m3y/wenn_man_schon_mit_reichelt_redet_dann_bitte/,https://v.redd.it/6kqy31qyg6pc1,,54,3,t3_1bi5m3y,2024-03-18 23:33:32+00:00,pre
1bi5ote,1710804994,Es wird immer bekloppter (@CarloMasala1),,agent007653,/r/PolitikBRD/comments/1bi5ote/es_wird_immer_bekloppter_carlomasala1/,https://i.redd.it/ta9a1adjh6pc1.jpeg,,22,7,t3_1bi5ote,2024-03-18 23:36:34+00:00,pre
1bimp9c,1710861465,Zionism Über Alles - Dissent Magazine,,PlecotusAuritus,/r/PolitikBRD/comments/1bimp9c/zionism_über_alles_dissent_magazine/,https://www.dissentmagazine.org/online_articles/zionism-uber-alles/,,1,0,t3_1bimp9c,2024-03-19 15:17:45+00:00,pre
1binehc,1710863234,Europarat beklagt Armut und Wohnungsnot in Deutschland,,PlecotusAuritus,/r/PolitikBRD/comments/1binehc/europarat_beklagt_armut_und_wohnungsnot_in/,https://www.tagesschau.de/inland/europarat-armut-deutschland-100.html,,1,1,t3_1binehc,2024-03-19 15:47:14+00:00,pre
1biqdx8,1710870454,"""Diesen Putin mit der alten Sowjetunion zu vergleichen ist dermassen fachlich falsch, dass man schreiend davonlaufen möchte"" sagt Anton Hofreiter bei #hartaberfair . Davor zählt er die Kriegsverbrechen Putins seit dem Jahr 2000 auf. (@Golemiker; 04.03.2024)",,agent007653,/r/PolitikBRD/comments/1biqdx8/diesen_putin_mit_der_alten_sowjetunion_zu/,https://v.redd.it/cd9hrejyvbpc1,,9,1,t3_1biqdx8,2024-03-19 17:47:34+00:00,pre
1biqh7a,1710870683,Was für eine herablassende Reaktion. SIE sollten sich schämen Herr @DjirSarai . #Frauentag (@NurderK;17.03.2024),,agent007653,/r/PolitikBRD/comments/1biqh7a/was_für_eine_herablassende_reaktion_sie_sollten/,https://v.redd.it/zhklqb2hwbpc1,,1,1,t3_1biqh7a,2024-03-19 17:51:23+00:00,pre
1biqipy,1710870792,"Es ginge bei „eingefrorenen Konflikten“ darum, „zeitlich befristete, regional begrenzte Waffenstillstände“ zu erreichen, so der SPD-Abgeordnete @Ralf_Stegner zur Rede von Rolf #Mützenich. #Ukraine (@heutejournal) 15.03.2024",,agent007653,/r/PolitikBRD/comments/1biqipy/es_ginge_bei_eingefrorenen_konflikten_darum/,https://v.redd.it/xbcvpk24xbpc1,,1,1,t3_1biqipy,2024-03-19 17:53:12+00:00,pre
1biqlkt,1710870982,"Alles das, was der Anrufer im #Presseclub sagt! (@NurderK;17.03.2024)",,agent007653,/r/PolitikBRD/comments/1biqlkt/alles_das_was_der_anrufer_im_presseclub_sagt/,https://v.redd.it/ls3rol8oxbpc1,,11,1,t3_1biqlkt,2024-03-19 17:56:22+00:00,pre
1biqng3,1710871112,"Die Vorsitzende der Gruppe @dieLinke , @HeidiReichinnek , hat gerade die #fckAfD im Bundestag eingeschult. Und die Ampel gleich mit! 👏 (@NurderK;Mar 14, 2024)",,agent007653,/r/PolitikBRD/comments/1biqng3/die_vorsitzende_der_gruppe_dielinke/,https://v.redd.it/pvwnaqo3ybpc1,,58,4,t3_1biqng3,2024-03-19 17:58:32+00:00,pre
1biqyt8,1710871883,Studie der Bertelsmann Stiftung : Weltweit steigt die Zahl der Autokratien,,agent007653,/r/PolitikBRD/comments/1biqyt8/studie_der_bertelsmann_stiftung_weltweit_steigt/,https://www.reddit.com/gallery/1biqyt8,,12,1,t3_1biqyt8,2024-03-19 18:11:23+00:00,pre
1bir456,1710872243,Bayern beschließt Verbot von Gendersprache,,agent007653,/r/PolitikBRD/comments/1bir456/bayern_beschließt_verbot_von_gendersprache/,https://i.redd.it/8dv49qh61cpc1.jpeg,,36,20,t3_1bir456,2024-03-19 18:17:23+00:00,pre
1bir5pg,1710872351,Thüringentrend : AfD bleibt stärkste kraft im Freistaat,,agent007653,/r/PolitikBRD/comments/1bir5pg/thüringentrend_afd_bleibt_stärkste_kraft_im/,https://www.reddit.com/gallery/1bir5pg,,16,7,t3_1bir5pg,2024-03-19 18:19:11+00:00,pre
1bisnqj,1710875972,Klimazustandsbericht : 2023 wärmstes Jahr der Aufzeichnungen,,agent007653,/r/PolitikBRD/comments/1bisnqj/klimazustandsbericht_2023_wärmstes_jahr_der/,https://www.reddit.com/gallery/1bisnqj,,5,1,t3_1bisnqj,2024-03-19 19:19:32+00:00,pre
1bit5qm,1710877172,Was macht eine Nachricht zur Nachricht ?,,agent007653,/r/PolitikBRD/comments/1bit5qm/was_macht_eine_nachricht_zur_nachricht/,https://www.reddit.com/gallery/1bit5qm,,2,2,t3_1bit5qm,2024-03-19 19:39:32+00:00,pre
1bitd2y,1710877678,Treue fans des Diktators,,agent007653,/r/PolitikBRD/comments/1bitd2y/treue_fans_des_diktators/,https://i.redd.it/g1zm7tdohcpc1.jpeg,,37,1,t3_1bitd2y,2024-03-19 19:47:58+00:00,pre
1bito6g,1710878413,Beschäftigte im sozialen Sektor in Deutschland verdienen laut einer neuen Studie durchschnittlich 17 Prozent weniger als Beschäftigte in anderen Sektoren.,,agent007653,/r/PolitikBRD/comments/1bito6g/beschäftigte_im_sozialen_sektor_in_deutschland/,https://i.redd.it/jiziyrrvjcpc1.jpeg,,10,6,t3_1bito6g,2024-03-19 20:00:13+00:00,pre
1bitr2u,1710878591,Doku: Bittere Früchte - Ausbeutung in der Landwirtschaft,,agent007653,/r/PolitikBRD/comments/1bitr2u/doku_bittere_früchte_ausbeutung_in_der/,https://v.redd.it/eja71wqekcpc1,,4,1,t3_1bitr2u,2024-03-19 20:03:11+00:00,pre
1bitwig,1710878958,"Seit Wochen hält in Brasilien eine Hitzewelle an – am Sonntag habe die gefühlte Temperatur in Rio de Janeiro teilweise bei über 62 Grad Celsius gelegen, teilte der Wetterdienst mit.",,agent007653,/r/PolitikBRD/comments/1bitwig/seit_wochen_hält_in_brasilien_eine_hitzewelle_an/,https://i.redd.it/o2j79ewhlcpc1.jpeg,,11,2,t3_1bitwig,2024-03-19 20:09:18+00:00,pre
1biu02u,1710879189,Ungehemmte Wahlmanipulation : Beispiellose Verstöße bei Russland-Wahl,,agent007653,/r/PolitikBRD/comments/1biu02u/ungehemmte_wahlmanipulation_beispiellose_verstöße/,https://www.reddit.com/gallery/1biu02u,,15,2,t3_1biu02u,2024-03-19 20:13:09+00:00,pre
1biu7t6,1710879724,🚦 Die Ampel will Abgeordnetenbestechung schärfer bestrafen - Die Unionsfraktion sieht laut dem Tagesspiegel 'keinen Handlungsbedarf.' Interessant. Denn sogar der Bundesgerichtshof sieht das so.,,agent007653,/r/PolitikBRD/comments/1biu7t6/die_ampel_will_abgeordnetenbestechung_schärfer/,https://i.redd.it/v3574utrncpc1.png,,61,3,t3_1biu7t6,2024-03-19 20:22:04+00:00,pre
1biu8se,1710879792,Die EU will erstmals Sanktionen gegen radikale israelische Siedler im Westjordanland verhängen.,,agent007653,/r/PolitikBRD/comments/1biu8se/die_eu_will_erstmals_sanktionen_gegen_radikale/,https://i.redd.it/je725rnzncpc1.jpeg,,57,13,t3_1biu8se,2024-03-19 20:23:12+00:00,pre
1biu9s1,1710879862,Der frühere US-Präsident Donald Trump kann nach Angaben seiner Anwälte derzeit keine Garantie für die Zahlung einer Geldstrafe aus einem Betrugsprozess in Höhe von 454 Millionen Dollar geben.,,agent007653,/r/PolitikBRD/comments/1biu9s1/der_frühere_uspräsident_donald_trump_kann_nach/,https://i.redd.it/csvurxy6ocpc1.jpeg,,11,1,t3_1biu9s1,2024-03-19 20:24:22+00:00,pre
1biwxof,1710886194,So macht Putin weiter mit Gas Kasse,,agent007653,/r/PolitikBRD/comments/1biwxof/so_macht_putin_weiter_mit_gas_kasse/,https://i.redd.it/1jl6geer6dpc1.jpeg,,19,6,t3_1biwxof,2024-03-19 22:09:54+00:00,pre
1biwzlt,1710886318,"""Jede Branche könnte einen Weselsky brauchen.""",,agent007653,/r/PolitikBRD/comments/1biwzlt/jede_branche_könnte_einen_weselsky_brauchen/,https://i.redd.it/afxiw1ib7dpc1.jpeg,,84,2,t3_1biwzlt,2024-03-19 22:11:58+00:00,pre
1bix2j3,1710886510,"Parteien in Deutschland finanzieren sich durch staatliche Zuschüsse, Mitgliedsbeiträge, Sponsoring und Spenden.",,agent007653,/r/PolitikBRD/comments/1bix2j3/parteien_in_deutschland_finanzieren_sich_durch/,https://www.reddit.com/gallery/1bix2j3,,14,2,t3_1bix2j3,2024-03-19 22:15:10+00:00,pre
1bixgxb,1710887454,Putin mit knapp 88% erneut als Präsident bestätigt,,agent007653,/r/PolitikBRD/comments/1bixgxb/putin_mit_knapp_88_erneut_als_präsident_bestätigt/,https://www.reddit.com/gallery/1bixgxb,,14,3,t3_1bixgxb,2024-03-19 22:30:54+00:00,pre
1bixjg1,1710887626,Brauchen wir gendergerechte Sprache ?,,agent007653,/r/PolitikBRD/comments/1bixjg1/brauchen_wir_gendergerechte_sprache/,https://v.redd.it/45f2evw2bdpc1,,21,8,t3_1bixjg1,2024-03-19 22:33:46+00:00,pre
1bjppnq,1710971878,"So viel ist sicher, Trumps Milizen sind dazu fähig und bereit, ein Blutbad anzurichten, wenn ihr Führer das anordnet. 1/3 (@djpr)",,agent007653,/r/PolitikBRD/comments/1bjppnq/so_viel_ist_sicher_trumps_milizen_sind_dazu_fähig/,https://v.redd.it/k11z0edq9kpc1,,13,5,t3_1bjppnq,2024-03-20 21:57:58+00:00,pre
1bjpr9h,1710971989,"So viel ist sicher, Trumps Milizen sind dazu fähig und bereit, ein Blutbad anzurichten, wenn ihr Führer das anordnet. 2/3",,agent007653,/r/PolitikBRD/comments/1bjpr9h/so_viel_ist_sicher_trumps_milizen_sind_dazu_fähig/,https://v.redd.it/vjr1smw0akpc1,,2,1,t3_1bjpr9h,2024-03-20 21:59:49+00:00,pre
1bjpsbm,1710972053,"So viel ist sicher, Trumps Milizen sind dazu fähig und bereit, ein Blutbad anzurichten, wenn ihr Führer das anordnet. 3/3",,agent007653,/r/PolitikBRD/comments/1bjpsbm/so_viel_ist_sicher_trumps_milizen_sind_dazu_fähig/,https://v.redd.it/luq600saakpc1,,14,3,t3_1bjpsbm,2024-03-20 22:00:53+00:00,pre
1bjpvuw,1710972290,"Guten Morgen liebe Nachbarinnen und Nachbarn! Das, was @NicoleGohlke sagt! (@NurderK)",,agent007653,/r/PolitikBRD/comments/1bjpvuw/guten_morgen_liebe_nachbarinnen_und_nachbarn_das/,https://i.redd.it/02z55dqzakpc1.jpeg,,19,3,t3_1bjpvuw,2024-03-20 22:04:50+00:00,pre
1bjpx1q,1710972368,"Michael Roth (SPD) plädiert dafür, das gesamte Vermögen des russischen Staats, das in der EU liegt, für die Ukraine zu nutzen. ""Wenn es nach mir ginge, würden wir im Rahmen des völkerrechtlich Möglichen das ganze Geld Russland entziehen"".",,agent007653,/r/PolitikBRD/comments/1bjpx1q/michael_roth_spd_plädiert_dafür_das_gesamte/,https://v.redd.it/wlexnv89bkpc1,,14,2,t3_1bjpx1q,2024-03-20 22:06:08+00:00,pre
1bjpy62,1710972444,"""Diese beiden Verträge liefen auf eine neue Teilung Europas hinaus (...)"" beschreibt @SabFis3 bei #Lanz die verzweifelten diplomatischen Bemühungen Anfang 2022, um den Überfall auf die Ukraine zu verhindern. (@Golemiker)",,agent007653,/r/PolitikBRD/comments/1bjpy62/diese_beiden_verträge_liefen_auf_eine_neue/,https://v.redd.it/8v3bhmegbkpc1,,6,2,t3_1bjpy62,2024-03-20 22:07:24+00:00,pre
1bjpz6d,1710972512,"„Fakt ist, dass der Klimawandel falsch diskutiert wird.“ Es sei keine Verzichts-, sondern eine Strukturwandel-Debatte, sagt der Klimawissenschaftler @ALevermann im Gespräch mit @CHSievers . China presche voran mit den erneuerbaren Energien: „Wollen wir wieder hinten dran sein?“",,agent007653,/r/PolitikBRD/comments/1bjpz6d/fakt_ist_dass_der_klimawandel_falsch_diskutiert/,https://v.redd.it/iew6co7obkpc1,,11,1,t3_1bjpz6d,2024-03-20 22:08:32+00:00,pre
1bjq6e5,1710973013,"„Das Gendern ist eigentlich etwas, das niemanden beschäftigt. Also niemand wirklich kümmert sich um dieses Problem, das jetzt hier von @Markus_Soeder so stark polarisierend vorangetrieben wird. Niemandem war bekannt, dass das ein Problem war.“ @TorstenUtz ,Bayerischer Landesstudierendenrat",,agent007653,/r/PolitikBRD/comments/1bjq6e5/das_gendern_ist_eigentlich_etwas_das_niemanden/,https://v.redd.it/900bhqg5dkpc1,,15,1,t3_1bjq6e5,2024-03-20 22:16:53+00:00,pre
1bjq7km,1710973096,. @SteffiLemke zerlegt gerade bei #Maischberger argumentativ @Markus_Soeder und Dobrindt gleich mit. (@NurderK),,agent007653,/r/PolitikBRD/comments/1bjq7km/steffilemke_zerlegt_gerade_bei_maischberger/,https://v.redd.it/vmwin1zddkpc1,,8,1,t3_1bjq7km,2024-03-20 22:18:16+00:00,pre
1bjq9ew,1710973218,"CDU/CSU/FDP hetzen über ""Totalverweigerer"" ➡ Hetze verfestigt sich ➡ @hubertus_heil will #Bürgergeld für 2 Monate streichen ➡ CDU/CSU will komplett streichen ‼ CDU heute: ""Ganz, ganz kleine Zahl, aber man hat Debatte in der Bevölkerung da"" Ganz, ganz miese Demagogie. (@wenig_worte)",,agent007653,/r/PolitikBRD/comments/1bjq9ew/cducsufdp_hetzen_über_totalverweigerer_hetze/,https://v.redd.it/cm7fzy7tdkpc1,,44,10,t3_1bjq9ew,2024-03-20 22:20:18+00:00,pre
1bjqeoi,1710973585,„Die Energieversorgung ist in jeder Hinsicht sicher“ – Wirtschaftsminister Habeck (Grüne) erklärt die Energiekrise in Deutschland auf einer Konferenz in Berlin für beendet.,,agent007653,/r/PolitikBRD/comments/1bjqeoi/die_energieversorgung_ist_in_jeder_hinsicht/,https://v.redd.it/9a1ros8wekpc1,,7,0,t3_1bjqeoi,2024-03-20 22:26:25+00:00,pre
1bjqhub,1710973809,"Wow! Das war Paris gestern. So sieht eine Stadt aus, die endgültig vor einem Fahrrad-Kipppunkt steht. Einfach wunderbar zu sehen, wie Anne Hidalgo in der 🇫🇷 Hauptstadt die Verkehrswende angeht und einfach unglaublich zu sehen, wie sehr die Pariser:innen sie annehmen❤️ 📸 @JBPssx (@Perowinger94)",,agent007653,/r/PolitikBRD/comments/1bjqhub/wow_das_war_paris_gestern_so_sieht_eine_stadt_aus/,https://i.redd.it/j3l6f21jfkpc1.jpeg,,24,1,t3_1bjqhub,2024-03-20 22:30:09+00:00,pre
1bjqj5z,1710973893,Treffer! 👇 (@UlrichSchneider),,agent007653,/r/PolitikBRD/comments/1bjqj5z/treffer_ulrichschneider/,https://v.redd.it/vu75umrqfkpc1,,62,7,t3_1bjqj5z,2024-03-20 22:31:33+00:00,pre
1bjqnk5,1710974200,🔥 diese Wortspende wird sich das restliche Jahr kaum mehr toppen lassen (@friiyo),,agent007653,/r/PolitikBRD/comments/1bjqnk5/diese_wortspende_wird_sich_das_restliche_jahr/,https://v.redd.it/s0v1y49ogkpc1,,2,1,t3_1bjqnk5,2024-03-20 22:36:40+00:00,pre
1bjqpy2,1710974370,In Boris we trust (@CarloMasala1),,agent007653,/r/PolitikBRD/comments/1bjqpy2/in_boris_we_trust_carlomasala1/,https://v.redd.it/jetlra9ygkpc1,,4,2,t3_1bjqpy2,2024-03-20 22:39:30+00:00,pre
1bjqrvv,1710974500,"„Dieses Cannabisgesetz ist ein Dealerschutzprogramm und kein Jugendschutzprogramm, und deswegen gehört es in die Tonne.“ Sagte heute Alexander Dobrindt. Ich finde ja, dass die Union in die Tonne gehört, mit all ihren Programmen. (@NurderK)",,agent007653,/r/PolitikBRD/comments/1bjqrvv/dieses_cannabisgesetz_ist_ein/,https://v.redd.it/y8r5kghghkpc1,,19,3,t3_1bjqrvv,2024-03-20 22:41:40+00:00,pre
1bjqwhg,1710974826,Welche Städte am teuersten sind,,agent007653,/r/PolitikBRD/comments/1bjqwhg/welche_städte_am_teuersten_sind/,https://www.reddit.com/gallery/1bjqwhg,,18,1,t3_1bjqwhg,2024-03-20 22:47:06+00:00,pre
1bjrlk8,1710976563,Länder mit der höchsten Pressefreiheit in Europa,,agent007653,/r/PolitikBRD/comments/1bjrlk8/länder_mit_der_höchsten_pressefreiheit_in_europa/,https://v.redd.it/7ofwchiqnkpc1,,1,1,t3_1bjrlk8,2024-03-20 23:16:03+00:00,pre
1bjrpx0,1710976868,Jetzt mit großen Folien → 'Time is up' (Umwelt-Update) März 2024,,agent007653,/r/PolitikBRD/comments/1bjrpx0/jetzt_mit_großen_folien_time_is_up_umweltupdate/,https://youtu.be/66cLQ5lGyuw?si=-wu7_dlN0KZu6Soq,,4,0,t3_1bjrpx0,2024-03-20 23:21:08+00:00,pre
1bjrtb8,1710977112,EU will Zollfreiheit wieder einschränken,,agent007653,/r/PolitikBRD/comments/1bjrtb8/eu_will_zollfreiheit_wieder_einschränken/,https://www.reddit.com/gallery/1bjrtb8,,12,3,t3_1bjrtb8,2024-03-20 23:25:12+00:00,pre
1bjrulu,1710977205,Abgeordnetenbestechung,,agent007653,/r/PolitikBRD/comments/1bjrulu/abgeordnetenbestechung/,https://www.reddit.com/gallery/1bjrulu,,39,2,t3_1bjrulu,2024-03-20 23:26:45+00:00,pre
1bjrwbf,1710977332,"“Ich bin nicht Kanzler geworden, weil ich ein schönes Leben will”, sagt Bundeskanzler Olaf Scholz über seinen Job in Krisenzeiten.",,agent007653,/r/PolitikBRD/comments/1bjrwbf/ich_bin_nicht_kanzler_geworden_weil_ich_ein/,https://v.redd.it/h1bfwrp0qkpc1,,3,2,t3_1bjrwbf,2024-03-20 23:28:52+00:00,pre
1bjtjra,1710981636,Deutschland und das NEOM-Projekt der Saudis,,agent007653,/r/PolitikBRD/comments/1bjtjra/deutschland_und_das_neomprojekt_der_saudis/,https://www.hoerspielundfeature.de/blut-sand-und-beton-100.html,,2,0,t3_1bjtjra,2024-03-21 00:40:36+00:00,pre
1bk8zsd,1711034291,"Die gefährlichen ""Remigrations""-Pläne von Martin Sellner",,agent007653,/r/PolitikBRD/comments/1bk8zsd/die_gefährlichen_remigrationspläne_von_martin/,https://www.zdf.de/nachrichten/politik/deutschland/remigration-martin-sellner-afd-buch-einreiseverbot-100.html,,1,1,t3_1bk8zsd,2024-03-21 15:18:11+00:00,pre
1bk90t4,1711034366,"Die gefährlichen ""Remigrations""-Pläne von Martin Sellner",,agent007653,/r/PolitikBRD/comments/1bk90t4/die_gefährlichen_remigrationspläne_von_martin/,https://www.zdf.de/nachrichten/politik/deutschland/remigration-martin-sellner-afd-buch-einreiseverbot-100.html,,1,1,t3_1bk90t4,2024-03-21 15:19:26+00:00,pre
1bk9430,1711034588,Trümmer fallen auf Kindergarten: Schwerer Raketenangriff auf Kiew - mindestens 13 Verletzte,,agent007653,/r/PolitikBRD/comments/1bk9430/trümmer_fallen_auf_kindergarten_schwerer/,https://www.n-tv.de/politik/Schwerer-Raketenangriff-auf-Kiew-mindestens-zwoelf-Verletzte-article24820097.html,,5,1,t3_1bk9430,2024-03-21 15:23:08+00:00,pre
1bkgtkq,1711053595,"Sozialtalk bei Maischberger: Kühnert nennt Spahn einen ""Pappkameraden""",,agent007653,/r/PolitikBRD/comments/1bkgtkq/sozialtalk_bei_maischberger_kühnert_nennt_spahn/,https://www.n-tv.de/politik/Kuehnert-nennt-Spahn-einen-Pappkameraden-article24819900.html,,12,1,t3_1bkgtkq,2024-03-21 20:39:55+00:00,pre
1bkgu34,1711053628,Donald Trump verschickt Spendenaufruf wegen drohender Geldstrafe,,agent007653,/r/PolitikBRD/comments/1bkgu34/donald_trump_verschickt_spendenaufruf_wegen/,https://www.faz.net/aktuell/politik/ausland/donald-trump-verschickt-spendenaufruf-wegen-drohender-geldstrafe-19601667.html,,2,1,t3_1bkgu34,2024-03-21 20:40:28+00:00,pre
1bkgygb,1711053925,CORRECTIV beteiligt sich an größter Faktencheck-Datenbank zur Europawahl,,agent007653,/r/PolitikBRD/comments/1bkgygb/correctiv_beteiligt_sich_an_größter/,https://correctiv.org/in-eigener-sache/2024/03/21/correctiv-beteiligt-sich-an-groesster-faktencheck-datenbank-zur-europawahl/,,10,1,t3_1bkgygb,2024-03-21 20:45:25+00:00,pre
1bkh0hj,1711054066,Atomkraft: Staaten kündigen beschleunigten Ausbau an,,agent007653,/r/PolitikBRD/comments/1bkh0hj/atomkraft_staaten_kündigen_beschleunigten_ausbau/,https://www.spiegel.de/wissenschaft/technik/atomkraft-staaten-kuendigen-beschleunigten-ausbau-an-a-e0cae78d-1b57-4511-925f-97ef65ce24a3,,1,1,t3_1bkh0hj,2024-03-21 20:47:46+00:00,pre
1bkh0vh,1711054098,Erfolg der AfD in Sachsen: Wie Firmen mit der Radikalisierung ihrer Belegschaft umgehen,,agent007653,/r/PolitikBRD/comments/1bkh0vh/erfolg_der_afd_in_sachsen_wie_firmen_mit_der/,https://www.spiegel.de/karriere/erfolg-der-afd-in-sachsen-wie-firmen-mit-der-radikalisierung-ihrer-belegschaft-umgehen-a-f7b2f58c-b2d5-4546-803a-44efbb60a755,,1,1,t3_1bkh0vh,2024-03-21 20:48:18+00:00,pre
1bkh1qc,1711054158,"Rechte Wähler: Das sind die Millionen, die AfD wählen wollen",,agent007653,/r/PolitikBRD/comments/1bkh1qc/rechte_wähler_das_sind_die_millionen_die_afd/,https://www.zeit.de/politik/deutschland/2024-03/afd-waehler-profil-daten-statistik,,24,1,t3_1bkh1qc,2024-03-21 20:49:18+00:00,pre
1bkh2fu,1711054207,Bundesregierung will digitale Arbeitsverträge ermöglichen,,agent007653,/r/PolitikBRD/comments/1bkh2fu/bundesregierung_will_digitale_arbeitsverträge/,https://www.tagesschau.de/inland/arbeitsvertrag-digital-ampel-100.html,,4,1,t3_1bkh2fu,2024-03-21 20:50:07+00:00,pre
1bkh2w0,1711054236,Erster großer Raketenangriff auf Kiew seit Wochen,,agent007653,/r/PolitikBRD/comments/1bkh2w0/erster_großer_raketenangriff_auf_kiew_seit_wochen/,https://www.tagesschau.de/ausland/europa/ukraine-kiew-angriffe-100.html,,1,1,t3_1bkh2w0,2024-03-21 20:50:36+00:00,pre
1bkh3c1,1711054264,EuGH: Fingerabdrücke im Personalausweis sind rechtens,,agent007653,/r/PolitikBRD/comments/1bkh3c1/eugh_fingerabdrücke_im_personalausweis_sind/,https://www.tagesschau.de/ausland/europa/eugh-fingerabdruecke-personalausweis-100.html,,3,1,t3_1bkh3c1,2024-03-21 20:51:04+00:00,pre
1bkh441,1711054312,München: U-Bahnen fahren künftig an Wochenenden die ganze Nacht lang - ab wann es gilt,,agent007653,/r/PolitikBRD/comments/1bkh441/münchen_ubahnen_fahren_künftig_an_wochenenden_die/,https://www.sueddeutsche.de/muenchen/muenchen-u-bahn-mvg-wochenenden-nacht-1.6476005,,1,1,t3_1bkh441,2024-03-21 20:51:52+00:00,pre
1bkka24,1711062078,"Deutsche Bahnen macht 2023 2,4 Milliarden Euro Verlust",,agent007653,/r/PolitikBRD/comments/1bkka24/deutsche_bahnen_macht_2023_24_milliarden_euro/,https://i.redd.it/7kqcvo1xprpc1.jpeg,,13,1,t3_1bkka24,2024-03-21 23:01:18+00:00,pre
1bkkbkj,1711062183,Schwere Luftangriffe auf Kiew,,agent007653,/r/PolitikBRD/comments/1bkkbkj/schwere_luftangriffe_auf_kiew/,https://www.reddit.com/gallery/1bkkbkj,,11,1,t3_1bkkbkj,2024-03-21 23:03:03+00:00,pre
1bkkelp,1711062397,Am Donnerstag startet die Bezahlkarte für Asylbewerber in vier bayerischen Pilotregionen.,,agent007653,/r/PolitikBRD/comments/1bkkelp/am_donnerstag_startet_die_bezahlkarte_für/,https://i.redd.it/w1tmxj4xqrpc1.jpeg,,14,1,t3_1bkkelp,2024-03-21 23:06:37+00:00,pre
1bkkglp,1711062542,Vorschlag der EU-Kommission,,agent007653,/r/PolitikBRD/comments/1bkkglp/vorschlag_der_eukommission/,https://www.reddit.com/gallery/1bkkglp,,21,1,t3_1bkkglp,2024-03-21 23:09:02+00:00,pre
1bkkmhs,1711062977,Niemand kann sich mehr den Früherschein leisten!,,agent007653,/r/PolitikBRD/comments/1bkkmhs/niemand_kann_sich_mehr_den_früherschein_leisten/,https://v.redd.it/17ye85wasrpc1,,34,1,t3_1bkkmhs,2024-03-21 23:16:17+00:00,pre
1bkkps9,1711063221,Deutsche Politiker fordern schärferes Vorgehen gegen Tiktok,,agent007653,/r/PolitikBRD/comments/1bkkps9/deutsche_politiker_fordern_schärferes_vorgehen/,https://i.redd.it/x3ulkc3dtrpc1.jpeg,,39,1,t3_1bkkps9,2024-03-21 23:20:21+00:00,pre
1bkllmf,1711065615,Wer wählt die AfD ?,,agent007653,/r/PolitikBRD/comments/1bkllmf/wer_wählt_die_afd/,https://www.reddit.com/gallery/1bkllmf,,54,1,t3_1bkllmf,2024-03-22 00:00:15+00:00,pre
1bko657,1711073002,Demokratien auf dem Rückzug,,agent007653,/r/PolitikBRD/comments/1bko657/demokratien_auf_dem_rückzug/,https://www.reddit.com/gallery/1bko657,,32,1,t3_1bko657,2024-03-22 02:03:22+00:00,pre
1bkoa3y,1711073333,"Genauere Ortung bei Notruf über ""110"" geplant",,agent007653,/r/PolitikBRD/comments/1bkoa3y/genauere_ortung_bei_notruf_über_110_geplant/,https://www.reddit.com/gallery/1bkoa3y,,13,1,t3_1bkoa3y,2024-03-22 02:08:53+00:00,pre
1blb8eq,1711144299,Nahe Moskau: Tote bei Angriff auf Konzerthalle,,agent007653,/r/PolitikBRD/comments/1blb8eq/nahe_moskau_tote_bei_angriff_auf_konzerthalle/,https://www.zdf.de/nachrichten/panorama/region-moskau-schuesse-konzerthalle-100.html,,2,1,t3_1blb8eq,2024-03-22 21:51:39+00:00,pre
1blb90k,1711144344,Großbritannien: Prinzessin Kate macht Krebsdiagnose bekannt,,agent007653,/r/PolitikBRD/comments/1blb90k/großbritannien_prinzessin_kate_macht/,https://www.zeit.de/gesellschaft/zeitgeschehen/2024-03/krebsdiagnose-bei-britischer-prinzessin-kate,,1,1,t3_1blb90k,2024-03-22 21:52:24+00:00,pre
1blb9fm,1711144372,DFB-Trikottausch: Habeck sollte die Adidas-Niederlage sportlich nehmen,,agent007653,/r/PolitikBRD/comments/1blb9fm/dfbtrikottausch_habeck_sollte_die/,https://www.faz.net/aktuell/wirtschaft/unternehmen/dfb-trikottausch-habeck-sollte-die-adidas-niederlage-sportlich-nehmen-19604623.html,,5,1,t3_1blb9fm,2024-03-22 21:52:52+00:00,pre
1blba95,1711144428,Strom und Gas im ersten Quartal deutlich günstiger als in Vorjahren,,agent007653,/r/PolitikBRD/comments/1blba95/strom_und_gas_im_ersten_quartal_deutlich/,https://www.faz.net/aktuell/finanzen/strom-und-gas-im-ersten-quartal-deutlich-guenstiger-als-in-vorjahren-19604501.html,,1,1,t3_1blba95,2024-03-22 21:53:48+00:00,pre
1blbc39,1711144559,Cannabis: Bundesrat lässt Legalisierung passieren,,agent007653,/r/PolitikBRD/comments/1blbc39/cannabis_bundesrat_lässt_legalisierung_passieren/,https://www.spiegel.de/politik/deutschland/cannabis-bundesrat-billigt-legalisierung-a-86ed2890-c788-4ce7-877a-21dced023219,,6,1,t3_1blbc39,2024-03-22 21:55:59+00:00,pre
1blbcvf,1711144616,FC Bundestag will keine AfD-Mitglieder mehr in seinen Reihen,,agent007653,/r/PolitikBRD/comments/1blbcvf/fc_bundestag_will_keine_afdmitglieder_mehr_in/,https://www.spiegel.de/politik/deutschland/fc-bundestag-will-keine-afd-mitglieder-mehr-in-seinen-reihen-a-6bdc099c-ba02-48d5-8ed1-0f8cce731d24,,11,1,t3_1blbcvf,2024-03-22 21:56:56+00:00,pre
1blbdbb,1711144649,Vier Jahre nach dem ersten Corona-Lockdown - Virologe Drosten fordert gesellschaftlichen Aufarbeitungsprozess der Pandemie,,agent007653,/r/PolitikBRD/comments/1blbdbb/vier_jahre_nach_dem_ersten_coronalockdown/,https://www.deutschlandfunk.de/virologe-drosten-fordert-gesellschaftlichen-aufarbeitungsprozess-der-pandemie-102.html,,21,1,t3_1blbdbb,2024-03-22 21:57:29+00:00,pre
1blbdqm,1711144681,"""Einfrier""-Debatte - Bundeswehr-Generalinspekteur kritisiert Mützenich-Äußerungen",,agent007653,/r/PolitikBRD/comments/1blbdqm/einfrierdebatte_bundeswehrgeneralinspekteur/,https://www.deutschlandfunk.de/bundeswehr-generalinspekteur-kritisiert-muetzenich-aeusserungen-102.html,,7,1,t3_1blbdqm,2024-03-22 21:58:01+00:00,pre
1blbghp,1711144867,Westjordanland - Israel verkündet Beschlagnahmung von besetztem Land,,agent007653,/r/PolitikBRD/comments/1blbghp/westjordanland_israel_verkündet_beschlagnahmung/,https://www.deutschlandfunk.de/israel-verkuendet-beschlagnahmung-von-besetztem-land-102.html,,12,1,t3_1blbghp,2024-03-22 22:01:07+00:00,pre
1blbgzn,1711144898,"""Sie öffnen Büchse der Pandora"": Cannabis kommt, gescheiterte Union schäumt",,agent007653,/r/PolitikBRD/comments/1blbgzn/sie_öffnen_büchse_der_pandora_cannabis_kommt/,https://www.n-tv.de/politik/Cannabis-kommt-gescheiterte-Union-schaeumt-article24823895.html,,8,1,t3_1blbgzn,2024-03-22 22:01:38+00:00,pre
1blbhsz,1711144954,"Im Fall von Regierungsübernahme: Merz will Cannabis-Legalisierung ""umgehend rückgängig machen""",,agent007653,/r/PolitikBRD/comments/1blbhsz/im_fall_von_regierungsübernahme_merz_will/,https://www.n-tv.de/politik/Merz-will-Cannabis-Legalisierung-umgehend-rueckgaengig-machen-article24822582.html,,25,1,t3_1blbhsz,2024-03-22 22:02:34+00:00,pre
1blbime,1711145011,Erfolg für die Ampel: Bundestag stimmt Wachstumspaket zu,,agent007653,/r/PolitikBRD/comments/1blbime/erfolg_für_die_ampel_bundestag_stimmt/,https://www.t-online.de/nachrichten/deutschland/id_100369908/erfolg-fuer-die-ampel-bundestag-stimmt-wachstumspaket-zu.html,,9,1,t3_1blbime,2024-03-22 22:03:31+00:00,pre
1blbj1q,1711145043,Russland: Russischer Geheimdienst spricht von 40 Toten bei Angriff nahe Moskau,,agent007653,/r/PolitikBRD/comments/1blbj1q/russland_russischer_geheimdienst_spricht_von_40/,https://www.zeit.de/gesellschaft/zeitgeschehen/2024-03/offenbar-anschlag-auf-moskauer-theater,,3,1,t3_1blbj1q,2024-03-22 22:04:03+00:00,pre
1blbjjh,1711145077,"Landtagswahlen: ""Die AfD wird immer radikaler – und immer erfolgreicher""",,agent007653,/r/PolitikBRD/comments/1blbjjh/landtagswahlen_die_afd_wird_immer_radikaler_und/,https://www.zeit.de/politik/2024-03/landtagswahlen-afd-demos-rechts-politikpodcast,,3,1,t3_1blbjjh,2024-03-22 22:04:37+00:00,pre
1blbjyl,1711145107,Kinder- und Jugendschutz: Bundestag debattiert über Kinderehen,,agent007653,/r/PolitikBRD/comments/1blbjyl/kinder_und_jugendschutz_bundestag_debattiert_über/,https://www.sueddeutsche.de/politik/kinderehen-gesetz-deutschland-1.6478711,,1,1,t3_1blbjyl,2024-03-22 22:05:07+00:00,pre
1blbkji,1711145151,"Kremlsprecher Peskow nennt die Invasion der Ukraine ""Krieg""",,agent007653,/r/PolitikBRD/comments/1blbkji/kremlsprecher_peskow_nennt_die_invasion_der/,https://www.tagesschau.de/ausland/europa/russland-ukraine-krieg-peskow-100.html,,1,1,t3_1blbkji,2024-03-22 22:05:51+00:00,pre
1blbl4o,1711145191,Union hetzt gegen das Bürgergeld: Mehr als Populismus ist da nicht,,agent007653,/r/PolitikBRD/comments/1blbl4o/union_hetzt_gegen_das_bürgergeld_mehr_als/,https://taz.de/!5997357/,,28,1,t3_1blbl4o,2024-03-22 22:06:31+00:00,pre
1blblsr,1711145239,Trans Medizin: Neue Leitlinie für Jugendliche mit Geschlechtsdysphorie,,agent007653,/r/PolitikBRD/comments/1blblsr/trans_medizin_neue_leitlinie_für_jugendliche_mit/,https://www.sueddeutsche.de/gesundheit/trans-trans-kids-leitlinie-geschlechtsdysphorie-geschlechtsinkongruenz-geschlechtsdysphorie-bei-kindern-und-jugendlichen-transidentitaet-1.6478388,,4,1,t3_1blblsr,2024-03-22 22:07:19+00:00,pre
1blbo1x,1711145398,Die besten AfD-Eigentore im Prozess in Münster gegen den Verfassungsschutz,,agent007653,/r/PolitikBRD/comments/1blbo1x/die_besten_afdeigentore_im_prozess_in_münster/,https://www.volksverpetzer.de/aktuelles/afd-eigentore-muenster-verfassungsschutz/,,4,1,t3_1blbo1x,2024-03-22 22:09:58+00:00,pre
1blbogu,1711145426,"Prüfung des AfD-Verbots: Wenn nicht jetzt, wann dann?",,agent007653,/r/PolitikBRD/comments/1blbogu/prüfung_des_afdverbots_wenn_nicht_jetzt_wann_dann/,https://www.volksverpetzer.de/aktuelles/afd-verbots-jetzt-wann-dann/,,6,1,t3_1blbogu,2024-03-22 22:10:26+00:00,pre
1blbp7v,1711145477,IWF genehmigt Ukraine einen Kredit von 880 Millionen Dollar,,agent007653,/r/PolitikBRD/comments/1blbp7v/iwf_genehmigt_ukraine_einen_kredit_von_880/,https://www.zdf.de/nachrichten/politik/ausland/iwf-hilfe-kredit-ukraine-krieg-russland-100.html,,1,1,t3_1blbp7v,2024-03-22 22:11:17+00:00,pre
1blsr4d,1711202165,Warum ist Olaf Scholz so unbeliebt ?,,agent007653,/r/PolitikBRD/comments/1blsr4d/warum_ist_olaf_scholz_so_unbeliebt/,https://youtu.be/NCwL33aruH0?si=MdXwMy0NYfke0irh,,3,1,t3_1blsr4d,2024-03-23 13:56:05+00:00,pre
1blw06z,1711210609,Weltwasserbericht : UN warnen vor Wasserknappheit,,agent007653,/r/PolitikBRD/comments/1blw06z/weltwasserbericht_un_warnen_vor_wasserknappheit/,https://www.reddit.com/gallery/1blw06z,,13,1,t3_1blw06z,2024-03-23 16:16:49+00:00,pre
1blw2p1,1711210789,5 Fakten über das Fahrradfahren,,agent007653,/r/PolitikBRD/comments/1blw2p1/5_fakten_über_das_fahrradfahren/,https://www.reddit.com/gallery/1blw2p1,,2,1,t3_1blw2p1,2024-03-23 16:19:49+00:00,pre
1blwnxj,1711212296,Das EU-Parlament hat einen weiteren wichtigen Schritt in Richtung Regulierung von Künstlicher Intelligenz (KI) gemacht! 🤖,,agent007653,/r/PolitikBRD/comments/1blwnxj/das_euparlament_hat_einen_weiteren_wichtigen/,https://www.reddit.com/gallery/1blwnxj,,10,1,t3_1blwnxj,2024-03-23 16:44:56+00:00,pre
1blws0o,1711212577,"Im Dresdner Stadtrat fällt die ""Brandmauer"" zur AfD",,agent007653,/r/PolitikBRD/comments/1blws0o/im_dresdner_stadtrat_fällt_die_brandmauer_zur_afd/,https://www.reddit.com/gallery/1blws0o,,57,1,t3_1blws0o,2024-03-23 16:49:37+00:00,pre
1blwtr0,1711212691,Islamischer Staat bekennt sich zu Anschlag in Moskau,,agent007653,/r/PolitikBRD/comments/1blwtr0/islamischer_staat_bekennt_sich_zu_anschlag_in/,https://www.reddit.com/gallery/1blwtr0,,12,1,t3_1blwtr0,2024-03-23 16:51:31+00:00,pre
1blww9d,1711212875,"Ab heute erhältlich : ""Der AfD-Komplex""",,agent007653,/r/PolitikBRD/comments/1blww9d/ab_heute_erhältlich_der_afdkomplex/,https://www.reddit.com/gallery/1blww9d,,26,1,t3_1blww9d,2024-03-23 16:54:35+00:00,pre
1blzn4r,1711219787,"Deutsche Bahn : ""Bei diesen Dienstplänen kriegen wir keinen mehr vom Sofa hoch""",,agent007653,/r/PolitikBRD/comments/1blzn4r/deutsche_bahn_bei_diesen_dienstplänen_kriegen_wir/,https://www.zeit.de/arbeit/2024-03/bahn-gdl-streik-zugchef,,7,1,t3_1blzn4r,2024-03-23 18:49:47+00:00,pre
1blznp0,1711219827,Blinken in Israel: Washington verliert zunehmend Geduld,,agent007653,/r/PolitikBRD/comments/1blznp0/blinken_in_israel_washington_verliert_zunehmend/,https://www.faz.net/aktuell/israel-krieg/blinken-in-israel-washington-verliert-zunehmend-geduld-19607199.html,,3,1,t3_1blznp0,2024-03-23 18:50:27+00:00,pre
1blzob3,1711219871,Der Kreml pflegt einen taktischen Umgang mit Terror,,agent007653,/r/PolitikBRD/comments/1blzob3/der_kreml_pflegt_einen_taktischen_umgang_mit/,https://www.faz.net/aktuell/politik/ausland/der-kreml-pflegt-einen-taktischen-umgang-mit-terror-19607688.html,,3,1,t3_1blzob3,2024-03-23 18:51:11+00:00,pre
1blzr1r,1711220066,Moskau: Russland verdächtigt trotz IS-Bekennerschreiben Ukraine,,agent007653,/r/PolitikBRD/comments/1blzr1r/moskau_russland_verdächtigt_trotz/,https://www.spiegel.de/ausland/russland-zweifel-an-is-bekennerschreiben-nach-anschlag-bei-moskau-a-0a7784bf-af32-4340-adfa-6c000cc5a501,,2,1,t3_1blzr1r,2024-03-23 18:54:26+00:00,pre
1blzsll,1711220177,Anschlag nahe Moskau - Steinberg: Islamisten könnten Ukraine als Rückzugsgebiet betrachten,,agent007653,/r/PolitikBRD/comments/1blzsll/anschlag_nahe_moskau_steinberg_islamisten_könnten/,https://www.deutschlandfunk.de/steinberg-islamisten-koennten-ukraine-als-rueckzugsgebiet-betrachten-100.html,,1,1,t3_1blzsll,2024-03-23 18:56:17+00:00,pre
1blztee,1711220232,Niedriglohnsektor - Sozialverband fordert Verbot von Minijobs,,agent007653,/r/PolitikBRD/comments/1blztee/niedriglohnsektor_sozialverband_fordert_verbot/,https://www.deutschlandfunk.de/sozialverband-fordert-verbot-von-minijobs-100.html,,5,1,t3_1blztee,2024-03-23 18:57:12+00:00,pre
1bm1rl3,1711225027,"""Barbarische terroristische Tat"": Putin kündigt ""gerechte und unausweichliche"" Bestrafung an",,agent007653,/r/PolitikBRD/comments/1bm1rl3/barbarische_terroristische_tat_putin_kündigt/,https://www.n-tv.de/politik/Putin-kuendigt-gerechte-und-unausweichliche-Bestrafung-an-article24826425.html,,1,1,t3_1bm1rl3,2024-03-23 20:17:07+00:00,pre
1bm1spr,1711225101,Anschlag in Moskau: Inlandsgeheimdienst FSB meldet Festnahme mehrerer Verdächtiger,,agent007653,/r/PolitikBRD/comments/1bm1spr/anschlag_in_moskau_inlandsgeheimdienst_fsb_meldet/,https://www.zeit.de/politik/ausland/2024-03/anschlag-in-moskau-behoerden-melden-festnahme-mehrerer-verdaechtiger,,1,1,t3_1bm1spr,2024-03-23 20:18:21+00:00,pre
1bm1tp3,1711225168,"Kretschmann: Der Ministerpräsident, der in seinem Land nicht sprechen kann",,agent007653,/r/PolitikBRD/comments/1bm1tp3/kretschmann_der_ministerpräsident_der_in_seinem/,https://www.sueddeutsche.de/politik/kretschmann-biberach-politischer-abend-1.6481487,,3,1,t3_1bm1tp3,2024-03-23 20:19:28+00:00,pre
1bm1v7l,1711225272,Islamismus in Russland - die verdrängte Gefahr,,agent007653,/r/PolitikBRD/comments/1bm1v7l/islamismus_in_russland_die_verdrängte_gefahr/,https://www.tagesschau.de/ausland/europa/russland-anschlag-konzerthalle-terrorismus-islamismus-100.html,,1,1,t3_1bm1v7l,2024-03-23 20:21:12+00:00,pre
1bm1vsa,1711225312,Anschlag bei Moskau: Falsche Bilder und vorschnelle Anschuldigungen,,agent007653,/r/PolitikBRD/comments/1bm1vsa/anschlag_bei_moskau_falsche_bilder_und/,https://www.tagesschau.de/faktenfinder/moskau-anschlag-fakes-100.html,,1,1,t3_1bm1vsa,2024-03-23 20:21:52+00:00,pre
1bm1wiw,1711225364,"Neues ""Sicherheitsgesetz"" in Hongkong tritt in Kraft",,agent007653,/r/PolitikBRD/comments/1bm1wiw/neues_sicherheitsgesetz_in_hongkong_tritt_in_kraft/,https://www.tagesschau.de/ausland/asien/hongkong-sicherheitsgesetz-122.html,,1,1,t3_1bm1wiw,2024-03-23 20:22:44+00:00,pre
1bm1zvi,1711225593,"Was tun, wenn die AfD in Thüringen oder Sachsen die Gerichte blockiert?",,agent007653,/r/PolitikBRD/comments/1bm1zvi/was_tun_wenn_die_afd_in_thüringen_oder_sachsen/,https://www.volksverpetzer.de/analyse/afd-laendern-gerichte-blockiert/,,4,1,t3_1bm1zvi,2024-03-23 20:26:33+00:00,pre
1bm20iq,1711225638,Diese 5 Dinge zur Cannabis-Legalisierung stimmen nicht,,agent007653,/r/PolitikBRD/comments/1bm20iq/diese_5_dinge_zur_cannabislegalisierung_stimmen/,https://www.volksverpetzer.de/faktencheck/5-mythen-cannabis-legalisierung/,,2,1,t3_1bm20iq,2024-03-23 20:27:18+00:00,pre
1bm21iy,1711225710,"""Earth Hour"": Wie groß ist der Wunsch nach Klimaschutz ?",,agent007653,/r/PolitikBRD/comments/1bm21iy/earth_hour_wie_groß_ist_der_wunsch_nach/,https://www.zdf.de/nachrichten/panorama/klimaschutz-earth-hour-2024-licht-aus-aktion-100.html,,3,1,t3_1bm21iy,2024-03-23 20:28:30+00:00,pre
1bm22ft,1711225774,Pellegrinis Wahlkampf in der Slowakei: Presse unerwünscht,,agent007653,/r/PolitikBRD/comments/1bm22ft/pellegrinis_wahlkampf_in_der_slowakei_presse/,https://www.zdf.de/nachrichten/politik/ausland/slowakei-praesidentschaftswahl-pellegrini-100.html,,1,1,t3_1bm22ft,2024-03-23 20:29:34+00:00,pre
1bmravh,1711304074,So stark sind die Emissionen 2023 zurückgegangen,,agent007653,/r/PolitikBRD/comments/1bmravh/so_stark_sind_die_emissionen_2023_zurückgegangen/,https://www.reddit.com/gallery/1bmravh,,28,1,t3_1bmravh,2024-03-24 18:14:34+00:00,pre
1bn0zvb,1711328517,Russland erlässt erste Haftbefehle gegen Terror-Verdächtige,,agent007653,/r/PolitikBRD/comments/1bn0zvb/russland_erlässt_erste_haftbefehle_gegen/,https://www.t-online.de/nachrichten/ausland/krisen/id_100371458/angriff-in-moskau-russland-erlaesst-haftbefehle-gegen-terror-verdaechtige.html,,9,1,t3_1bn0zvb,2024-03-25 01:01:57+00:00,pre
1bnrlg7,1711406711,Wer ist eigentlich ... Ursula von der Leyen ?,,agent007653,/r/PolitikBRD/comments/1bnrlg7/wer_ist_eigentlich_ursula_von_der_leyen/,https://www.reddit.com/gallery/1bnrlg7,,1,1,t3_1bnrlg7,2024-03-25 22:45:11+00:00,pre
1bnrp23,1711406962,"Warum Scholz, Habeck und Günther boßeln",,agent007653,/r/PolitikBRD/comments/1bnrp23/warum_scholz_habeck_und_günther_boßeln/,https://www.reddit.com/gallery/1bnrp23,,13,1,t3_1bnrp23,2024-03-25 22:49:22+00:00,pre
1bnrsxg,1711407213,Gefährdet Einsamkeit unsere Demokratie ?,,agent007653,/r/PolitikBRD/comments/1bnrsxg/gefährdet_einsamkeit_unsere_demokratie/,https://www.reddit.com/gallery/1bnrsxg,,20,1,t3_1bnrsxg,2024-03-25 22:53:33+00:00,pre
1bnrumj,1711407328,Zwei Monate U-Haft verhängt : Vier IS-Terroristen mit Folterspuren vor Gericht,,agent007653,/r/PolitikBRD/comments/1bnrumj/zwei_monate_uhaft_verhängt_vier_isterroristen_mit/,https://www.reddit.com/gallery/1bnrumj,,11,1,t3_1bnrumj,2024-03-25 22:55:28+00:00,pre
1bnry3j,1711407568,So viel Wasser verbraucht ein Gespräch mit ChatGPT,[deleted],agent007653,/r/PolitikBRD/comments/1bnry3j/so_viel_wasser_verbraucht_ein_gespräch_mit_chatgpt/,https://www.reddit.com/gallery/1bnry3j,,1,1,t3_1bnry3j,2024-03-25 22:59:28+00:00,pre
1bo75xt,1711457583,"An welche Regeln sich das Bundesverfassungsgericht halten muss und welche Aufgaben es übernimmt, ist übrigens im Grundgesetz geregelt.",,agent007653,/r/PolitikBRD/comments/1bo75xt/an_welche_regeln_sich_das/,https://www.reddit.com/gallery/1bo75xt,,5,1,t3_1bo75xt,2024-03-26 12:53:03+00:00,pre
1bo7e9o,1711458254,Nahost-Krieg : Bericht sieht Hinweise auf Völkermord Israels,,agent007653,/r/PolitikBRD/comments/1bo7e9o/nahostkrieg_bericht_sieht_hinweise_auf_völkermord/,https://www.reddit.com/gallery/1bo7e9o,,34,1,t3_1bo7e9o,2024-03-26 13:04:14+00:00,pre
1bo7g5j,1711458409,"🌍 🩹 Die Erde ist robust. Doch nun scheint ihre Widerstandskraft am Ende, sagt der Klimaforscher Johan Rockström. Wie nah hat der Mensch die Erde an ihr Limit gebracht ?",,agent007653,/r/PolitikBRD/comments/1bo7g5j/die_erde_ist_robust_doch_nun_scheint_ihre/,https://www.reddit.com/gallery/1bo7g5j,,13,1,t3_1bo7g5j,2024-03-26 13:06:49+00:00,pre
1bo7hpx,1711458540,DER WERT SOZIALER ARBEIT ?,,agent007653,/r/PolitikBRD/comments/1bo7hpx/der_wert_sozialer_arbeit/,https://www.reddit.com/gallery/1bo7hpx,,12,1,t3_1bo7hpx,2024-03-26 13:09:00+00:00,pre
1bo7ir2,1711458621,"Die Direktorin des Bevölkerungsfonds der Vereinten Nationen, Natalia Kanem, hat die geplante Aufhebung des Verbots der weiblichen Genitalverstümmelung in Gambia kritisiert.",,agent007653,/r/PolitikBRD/comments/1bo7ir2/die_direktorin_des_bevölkerungsfonds_der/,https://www.reddit.com/gallery/1bo7ir2,,32,1,t3_1bo7ir2,2024-03-26 13:10:21+00:00,pre
1bol10w,1711491668,Deutsche Bahn und GDL : 35-Stunden-Woche ab 2029 vereinbart,,agent007653,/r/PolitikBRD/comments/1bol10w/deutsche_bahn_und_gdl_35stundenwoche_ab_2029/,https://i.redd.it/utfa8db77rqc1.jpeg,,43,1,t3_1bol10w,2024-03-26 22:21:08+00:00,pre
1bompe8,1711495619,TikTok wird Medienpartner des DFB Entscheidung sorgt für Aufsehen,,agent007653,/r/PolitikBRD/comments/1bompe8/tiktok_wird_medienpartner_des_dfb_entscheidung/,https://www.reddit.com/gallery/1bompe8,,8,2,t3_1bompe8,2024-03-26 23:26:59+00:00,pre
1bomy2p,1711496206,Vietnamesischer Kaffee trotzt dem Klimawandel,,agent007653,/r/PolitikBRD/comments/1bomy2p/vietnamesischer_kaffee_trotzt_dem_klimawandel/,https://v.redd.it/s9mplc3skrqc1,,7,3,t3_1bomy2p,2024-03-26 23:36:46+00:00,pre
1bomzow,1711496317,Lindner vs. Haseloff : Zu den Folgen der Teil-Legalisierung von Cannabis,,agent007653,/r/PolitikBRD/comments/1bomzow/lindner_vs_haseloff_zu_den_folgen_der/,https://v.redd.it/ee6sgae6lrqc1,,10,4,t3_1bomzow,2024-03-26 23:38:37+00:00,pre
1bon440,1711496605,Pfarrer verliert Stelle wegen AfD-Kandidatur,,agent007653,/r/PolitikBRD/comments/1bon440/pfarrer_verliert_stelle_wegen_afdkandidatur/,https://www.reddit.com/gallery/1bon440,,71,1,t3_1bon440,2024-03-26 23:43:25+00:00,pre
1bp4t2q,1711553661,So (un)gerecht ist Erben,"Nur wenige Deutsche haben bis heute schon mal etwas geerbt. Und das, obwohl in Deutschland grundsatzlich mehr Vermogen vererbt, als mit eigenen Händen erarbeitet wird. Diese Ungleichheit liegt vor allem daran, dass dort, wo bereits Wohlstand herrscht, das meiste Geld vermacht wird. Die Summen bleiben also in den eigenen Reihen.
Millionenerb*innen wie die Wienerin Marlene Engelhorn wollen diesem Prinzip entgegenwirken und setzen sich für eine höhere Erbschaftssteuer bei Superreichen ein.
Für wie gerecht haltet ihr erben?

Quellen:
https://www.morgenpost.de/wirtschaft/ article240762418/Gold-Immobilien-Schulden-Was-die-Deutschen-wirklich-erben.html#:~:text=52%2C3%20Prozent%20der%2
ODeutschen,7%20Prozent%20erwarten%20eine%20
Erbschaft.
https://www.dia-vorsorge.de/einkommen-vermoegen/erbschaften-sind-sehr-ungleich-verteilt/
https://www.diw.de/de/diw_01.c.809832.de/ publikationen/wochenberichte/2021_05_1/ haelfte_aller_erbschaften_und_
_schenkungen_geht_
an_die_reichsten_zehn_prozent_aller_beguenstigten
.html
https://www.empirica-institut.de/fileadmin/Redaktion/
Publikationen_Referenzen/PDFs/ DIA_Studie_Erben_in_Deutschland_HighRes.pdf
https://www.n-tv.de/wirtschaft/Wie-gerecht-ist-es-viel-Geld-zu-erben-article23740393.html

Quelle : https://www.instagram.com/p/C5A3gQBsMNJ/?igsh=eGhnOG84djMxZngw",agent007653,/r/PolitikBRD/comments/1bp4t2q/so_ungerecht_ist_erben/,https://www.reddit.com/gallery/1bp4t2q,,69,1,t3_1bp4t2q,2024-03-27 15:34:21+00:00,pre
1bpdjtg,1711574833,„Wie soll ich das schaffen ohne Burnout?“ Befristete Verträge an Unis,,agent007653,/r/PolitikBRD/comments/1bpdjtg/wie_soll_ich_das_schaffen_ohne_burnout_befristete/,https://www.reddit.com/gallery/1bpdjtg,,8,1,t3_1bpdjtg,2024-03-27 21:27:13+00:00,pre
1bpdlip,1711574949,Neue Regelungen beim Beantragen : Einfacher zum neuen Ausweis oder Pass,,agent007653,/r/PolitikBRD/comments/1bpdlip/neue_regelungen_beim_beantragen_einfacher_zum/,https://www.reddit.com/gallery/1bpdlip,,6,1,t3_1bpdlip,2024-03-27 21:29:09+00:00,pre
1bpdn6d,1711575056,"Ist die Ständige Impfkommission unabhängig genug, wenn das Ministerium die Mitglieder aussucht ?",,agent007653,/r/PolitikBRD/comments/1bpdn6d/ist_die_ständige_impfkommission_unabhängig_genug/,https://www.reddit.com/gallery/1bpdn6d,,8,1,t3_1bpdn6d,2024-03-27 21:30:56+00:00,pre
1bpdt74,1711575461,Was will die Letzte Generation in der Politik ?,,agent007653,/r/PolitikBRD/comments/1bpdt74/was_will_die_letzte_generation_in_der_politik/,https://www.reddit.com/gallery/1bpdt74,,24,1,t3_1bpdt74,2024-03-27 21:37:41+00:00,pre
1bpe9mc,1711576571,Wie die AfD und andere rechte Gruppierungen Tiktok nutzen,,agent007653,/r/PolitikBRD/comments/1bpe9mc/wie_die_afd_und_andere_rechte_gruppierungen/,https://www.reddit.com/gallery/1bpe9mc,,5,1,t3_1bpe9mc,2024-03-27 21:56:11+00:00,pre
1bpfabb,1711579037,Gendern: Was dafür und was dagegen spricht,,agent007653,/r/PolitikBRD/comments/1bpfabb/gendern_was_dafür_und_was_dagegen_spricht/,https://i.redd.it/zyjn93p6fyqc1.jpeg,,9,1,t3_1bpfabb,2024-03-27 22:37:17+00:00,pre
1bpfcw7,1711579210,"Einbürgerungstest künftig mit Fragen zu Holocaust, Israel und jüdischem Leben",,agent007653,/r/PolitikBRD/comments/1bpfcw7/einbürgerungstest_künftig_mit_fragen_zu_holocaust/,https://i.redd.it/gaenhz5ofyqc1.jpeg,,23,1,t3_1bpfcw7,2024-03-27 22:40:10+00:00,pre
1bpfjyd,1711579700,So viele Waffen besitzen Menschen in Bayern privat. Damit kommt jede fünfte private Waffe in Deutschland aus dem Freistaat,,agent007653,/r/PolitikBRD/comments/1bpfjyd/so_viele_waffen_besitzen_menschen_in_bayern/,https://i.redd.it/y4xpxxtvgyqc1.jpeg,,12,1,t3_1bpfjyd,2024-03-27 22:48:20+00:00,pre
1bpfma0,1711579856,Arbeitszeitrevolution : Die Linke fordert Vier-Tage-Woche und Anti-Stress-Maßnahmen,,agent007653,/r/PolitikBRD/comments/1bpfma0/arbeitszeitrevolution_die_linke_fordert/,https://i.redd.it/cdjsg5ohhyqc1.jpeg,,19,1,t3_1bpfma0,2024-03-27 22:50:56+00:00,pre
1bpfor0,1711580030,Anrufe im Weißen Haus : Obama mischt jetzt in Bidens Wahlkampf mit,,agent007653,/r/PolitikBRD/comments/1bpfor0/anrufe_im_weißen_haus_obama_mischt_jetzt_in/,https://www.reddit.com/gallery/1bpfor0,,6,1,t3_1bpfor0,2024-03-27 22:53:50+00:00,pre
1bpszu1,1711624424,Auslieferung von Assange vorerst gestoppt,,agent007653,/r/PolitikBRD/comments/1bpszu1/auslieferung_von_assange_vorerst_gestoppt/,https://i.redd.it/1jw3cdz262rc1.jpeg,,43,1,t3_1bpszu1,2024-03-28 11:13:44+00:00,pre
1bpt3ce,1711624780,Bafög: Warum der Staat Studis so wenig zahlt,,agent007653,/r/PolitikBRD/comments/1bpt3ce/bafög_warum_der_staat_studis_so_wenig_zahlt/,https://v.redd.it/nnsftk1372rc1,,1,2,t3_1bpt3ce,2024-03-28 11:19:40+00:00,pre
1bpt62f,1711625052,Kindheit ohne Geldsorgen vs Kindheit mit Geldsorgen,,agent007653,/r/PolitikBRD/comments/1bpt62f/kindheit_ohne_geldsorgen_vs_kindheit_mit/,https://i.redd.it/u4ji1t9s72rc1.jpeg,,40,1,t3_1bpt62f,2024-03-28 11:24:12+00:00,pre
1bpt7e0,1711625172,Noch keine Einigung : Ampel und Union erarbeiten Plan für Schutz des Verfassungsgerichts,,agent007653,/r/PolitikBRD/comments/1bpt7e0/noch_keine_einigung_ampel_und_union_erarbeiten/,https://www.reddit.com/gallery/1bpt7e0,,14,1,t3_1bpt7e0,2024-03-28 11:26:12+00:00,pre
1bq2h6x,1711649711,POLIZEI HÄLT ZUSAMMEN,,agent007653,/r/PolitikBRD/comments/1bq2h6x/polizei_hält_zusammen/,https://i.redd.it/64hot0pa94rc1.jpeg,,58,1,t3_1bq2h6x,2024-03-28 18:15:11+00:00,pre
1bq2mv9,1711650073,Der Stand der Demokratie,,agent007653,/r/PolitikBRD/comments/1bq2mv9/der_stand_der_demokratie/,https://i.redd.it/jxix87zea4rc1.jpeg,,17,1,t3_1bq2mv9,2024-03-28 18:21:13+00:00,pre
1bq2qro,1711650331,Jede*r sechste Schüler*in in Europa erlebt Cybermobbing,,agent007653,/r/PolitikBRD/comments/1bq2qro/jeder_sechste_schülerin_in_europa_erlebt/,https://i.redd.it/l4291b16b4rc1.jpeg,,16,1,t3_1bq2qro,2024-03-28 18:25:31+00:00,pre
1bq4vn1,1711655554,"Grenzwert für Cannabis am Steuer: Experten-Kommission empfiehlt 3,5 ng/ml THC",,agent007653,/r/PolitikBRD/comments/1bq4vn1/grenzwert_für_cannabis_am_steuer/,https://i.redd.it/t7prfq7pq4rc1.jpeg,,10,1,t3_1bq4vn1,2024-03-28 19:52:34+00:00,pre
1bq4zhj,1711655819,"Religionsunterricht ist das einzige Schulfach, das in der Verfassung verankert ist.",,agent007653,/r/PolitikBRD/comments/1bq4zhj/religionsunterricht_ist_das_einzige_schulfach_das/,https://i.redd.it/xig6l8whr4rc1.jpeg,,40,16,t3_1bq4zhj,2024-03-28 19:56:59+00:00,pre
1bq6bmz,1711659013,Saudi-Arabien übernimmt Vorsitz der UN-Frauenrechts- kommission : Amnesty übt scharfe Kritik,,agent007653,/r/PolitikBRD/comments/1bq6bmz/saudiarabien_übernimmt_vorsitz_der_unfrauenrechts/,https://www.reddit.com/gallery/1bq6bmz,,23,1,t3_1bq6bmz,2024-03-28 20:50:13+00:00,pre
1bq7zed,1711663101,Darum müssten wir mehr Elektroschrott recyceln,,agent007653,/r/PolitikBRD/comments/1bq7zed/darum_müssten_wir_mehr_elektroschrott_recyceln/,https://www.reddit.com/gallery/1bq7zed,,18,1,t3_1bq7zed,2024-03-28 21:58:21+00:00,pre
1br41cb,1711757899,Eine Milliarde Euro für den Erhalt des Amazonas-Regenwalds wollen Brasilien und Frankreich investieren,,agent007653,/r/PolitikBRD/comments/1br41cb/eine_milliarde_euro_für_den_erhalt_des/,https://i.redd.it/uwfhbbxz6drc1.jpeg,,17,1,t3_1br41cb,2024-03-30 00:18:19+00:00,pre
1br42jh,1711757988,IMMER MEHR ARME KINDER,,agent007653,/r/PolitikBRD/comments/1br42jh/immer_mehr_arme_kinder/,https://i.redd.it/2b4u73ba7drc1.jpeg,,20,1,t3_1br42jh,2024-03-30 00:19:48+00:00,pre
1br43pm,1711758072,"Deutsche Post stellt innerdeutsche Brief-Nachtflüge ein um CO, einzusparen",,agent007653,/r/PolitikBRD/comments/1br43pm/deutsche_post_stellt_innerdeutsche/,https://i.redd.it/e33yuuuj7drc1.jpeg,,44,1,t3_1br43pm,2024-03-30 00:21:12+00:00,pre
1br5x5o,1711763142,UN-Frauenrechtskommission : Saudi-Arabien übernimmt Vorsitz,,agent007653,/r/PolitikBRD/comments/1br5x5o/unfrauenrechtskommission_saudiarabien_übernimmt/,https://www.reddit.com/gallery/1br5x5o,,18,1,t3_1br5x5o,2024-03-30 01:45:42+00:00,pre
1brx482,1711845212,ChatGPT-Entwickler OpenAl : Neues Programm zum Klonen von Stimmen,,agent007653,/r/PolitikBRD/comments/1brx482/chatgptentwickler_openal_neues_programm_zum/,https://www.reddit.com/gallery/1brx482,,1,2,t3_1brx482,2024-03-31 00:33:32+00:00,pre
1brx5o6,1711845327,Pro-russisches Propaganda-Netzwerk enttarnt,,agent007653,/r/PolitikBRD/comments/1brx5o6/prorussisches_propagandanetzwerk_enttarnt/,https://i.redd.it/hjegzyzyekrc1.jpeg,,45,3,t3_1brx5o6,2024-03-31 00:35:27+00:00,pre
1brx741,1711845446,„Hart aber fair“ – Druck und Sanktionen: Bürgergeld abschaffen ?,,agent007653,/r/PolitikBRD/comments/1brx741/hart_aber_fair_druck_und_sanktionen_bürgergeld/,https://v.redd.it/60v3h8ccfkrc1,,30,3,t3_1brx741,2024-03-31 00:37:26+00:00,pre
1brx87a,1711845533,WIRTSCHAFTSWACHSTUM 2023 TOP-3-BUNDESLÄNDER,,agent007653,/r/PolitikBRD/comments/1brx87a/wirtschaftswachstum_2023_top3bundesländer/,https://i.redd.it/s3vgn3tlfkrc1.jpeg,,19,2,t3_1brx87a,2024-03-31 00:38:53+00:00,pre
1brxcb8,1711845839,Sollte man Zoos verbieten ?,,agent007653,/r/PolitikBRD/comments/1brxcb8/sollte_man_zoos_verbieten/,https://www.reddit.com/gallery/1brxcb8,,8,2,t3_1brxcb8,2024-03-31 00:43:59+00:00,pre
1brxdwt,1711845960,Darum ist Jugendgewalt in Prenzlauer Berg besonders hoch,,agent007653,/r/PolitikBRD/comments/1brxdwt/darum_ist_jugendgewalt_in_prenzlauer_berg/,https://www.reddit.com/gallery/1brxdwt,,9,4,t3_1brxdwt,2024-03-31 00:46:00+00:00,pre
1brxffp,1711846084,Corona-Maßnahmen Ampel-Politiker:innen fordern Aufarbeitung,,agent007653,/r/PolitikBRD/comments/1brxffp/coronamaßnahmen_ampelpolitikerinnen_fordern/,https://www.reddit.com/gallery/1brxffp,,19,6,t3_1brxffp,2024-03-31 00:48:04+00:00,pre
1brxgdo,1711846157,"Rund 2,7 Milliarden Menschen weltweit haben keine Möglichkeit zur Müllentsorgung",,agent007653,/r/PolitikBRD/comments/1brxgdo/rund_27_milliarden_menschen_weltweit_haben_keine/,https://i.redd.it/mbczctxghkrc1.jpeg,,21,3,t3_1brxgdo,2024-03-31 00:49:17+00:00,pre
1brxht4,1711846264,Essen an Ostern : So viel kannst du dir im Restaurant für 15 Euro noch leisten,,agent007653,/r/PolitikBRD/comments/1brxht4/essen_an_ostern_so_viel_kannst_du_dir_im/,https://i.redd.it/2zruhd6rhkrc1.jpeg,,4,3,t3_1brxht4,2024-03-31 00:51:04+00:00,pre
1bsi7vh,1711912335,AFD-ERFOLG BEI ERSTWÄHLENDEN ?,,agent007653,/r/PolitikBRD/comments/1bsi7vh/afderfolg_bei_erstwählenden/,https://www.reddit.com/gallery/1bsi7vh,,38,21,t3_1bsi7vh,2024-03-31 19:12:15+00:00,pre
1bsi9g9,1711912449,Mehr Minderjährige bei der Bundeswehr,,agent007653,/r/PolitikBRD/comments/1bsi9g9/mehr_minderjährige_bei_der_bundeswehr/,https://www.reddit.com/gallery/1bsi9g9,,16,4,t3_1bsi9g9,2024-03-31 19:14:09+00:00,pre
1bsigx0,1711912994,EINFLUSS DER KIRCHE : HÄTTET IHR'S GEWUSST ?,,agent007653,/r/PolitikBRD/comments/1bsigx0/einfluss_der_kirche_hättet_ihrs_gewusst/,https://www.reddit.com/gallery/1bsigx0,,42,7,t3_1bsigx0,2024-03-31 19:23:14+00:00,pre
1bsy1k4,1711959226,Was ist Antisemitismus?,[removed],LartenFlix,/r/PolitikBRD/comments/1bsy1k4/was_ist_antisemitismus/,https://www.reddit.com/r/PolitikBRD/comments/1bsy1k4/was_ist_antisemitismus/,,1,1,t3_1bsy1k4,2024-04-01 08:13:46+00:00,pre
1bsz7ej,1711963966,Zeit gekommen nach anderen Optionen zu suchen?,"Im Krieg in der Ukraine steht der nächste Sommer an, die Zeit in der die meisten Kampf Handlungen stattfinden. Die westlichen Unterstützer schaffen es nicht zugesagte Munition/waffen zu liefern. Dazu gehen der Ukraine Zunehmen freiwillige Soldaten aus und Menschen werden in zunehmenden Umfang an die Front gezwungen. Ist das die Freiheit die wir den Ukrainern wünschen? Angesicht dieser Lage, ist es nicht vernünftig sich für Friedensgespräche einzusetzen, anstatt ein weiter so zu unterstützen, dass nicht den gewünschten nutzen erzieht. Die Ukrainische Demographie, ja hier sind wir angekommen, kann einen abnutzungskrieg nicht gewinnen. Viele der deutschen “Experten” lügen oder verzerren die Wahrheit. Es ist Zeit zum Umdenken.",Covid2033,/r/PolitikBRD/comments/1bsz7ej/zeit_gekommen_nach_anderen_optionen_zu_suchen/,https://www.reddit.com/gallery/1bsz7ej,,1,1,t3_1bsz7ej,2024-04-01 09:32:46+00:00,pre
1btexh1,1712003800,Ihr dürft alle Bundestagsparteien neu designen und verändern wie ihr wollt. Wie siedt euer neuer Bundestag aus? ,,Fresh_Dumblerdore,/r/PolitikBRD/comments/1btexh1/ihr_dürft_alle_bundestagsparteien_neu_designen/,https://www.reddit.com/r/PolitikBRD/comments/1btexh1/ihr_dürft_alle_bundestagsparteien_neu_designen/,,0,2,t3_1btexh1,2024-04-01 20:36:40+00:00,pre
1bttngr,1712047075,Zukunftsprognose aus der Vergangenheit für das Jahr 2020,,Marvolo90,/r/PolitikBRD/comments/1bttngr/zukunftsprognose_aus_der_vergangenheit_für_das/,https://v.redd.it/hclqmskp21sc1,,31,2,t3_1bttngr,2024-04-02 08:37:55+00:00,pre
1bu1ghz,1712071403,Was sagt der Kleidungsstil über deutsche Politikerinnen aus?,,RainerMariaRitter,/r/PolitikBRD/comments/1bu1ghz/was_sagt_der_kleidungsstil_über_deutsche/,https://www.corrigenda.online/trend/was-sagt-der-kleidungsstil-ueber-deutsche-politikerinnen-aus,,1,1,t3_1bu1ghz,2024-04-02 15:23:23+00:00,pre
1buvp06,1712158622,"4 vegane Alternativen, die nicht teurer sind als ihre tierischen Gegenstücke",,agent007653,/r/PolitikBRD/comments/1buvp06/4_vegane_alternativen_die_nicht_teurer_sind_als/,https://i.redd.it/eliqjf0laasc1.jpeg,,35,6,t3_1buvp06,2024-04-03 15:37:02+00:00,pre
1buvqz4,1712158761,WAS IST MIT EINEM TEMPOLIMIT 120 ?,,agent007653,/r/PolitikBRD/comments/1buvqz4/was_ist_mit_einem_tempolimit_120/,https://i.redd.it/htwr883zaasc1.jpeg,,90,31,t3_1buvqz4,2024-04-03 15:39:21+00:00,pre
1bv15dy,1712171148,"CANNABIS, ELTERNGELD & CO. DAS ÄNDERT SICH AB APRIL",,agent007653,/r/PolitikBRD/comments/1bv15dy/cannabis_elterngeld_co_das_ändert_sich_ab_april/,https://i.redd.it/8v902hidbbsc1.jpeg,,15,3,t3_1bv15dy,2024-04-03 19:05:48+00:00,pre
1bv15nl,1712171165,Das wäre ein gutes Wahlergebnis für die Bundestagswahl 2025:,"Union: 20%
SPD: 20%
FW: 20%
BSW: 20%
AfD: 10%
Grüne: 8,5%
Sonstige: 1,5%

Was meint/hofft ihr?",winnieTouch,/r/PolitikBRD/comments/1bv15nl/das_wäre_ein_gutes_wahlergebnis_für_die/,https://www.reddit.com/r/PolitikBRD/comments/1bv15nl/das_wäre_ein_gutes_wahlergebnis_für_die/,,0,2,t3_1bv15nl,2024-04-03 19:06:05+00:00,pre
1bv2cmn,1712173868,Das ändert sich im April,,agent007653,/r/PolitikBRD/comments/1bv2cmn/das_ändert_sich_im_april/,https://i.redd.it/vqklfagwjbsc1.jpeg,,6,2,t3_1bv2cmn,2024-04-03 19:51:08+00:00,pre
1bv2eel,1712173978,ALTE WEISSE MÄNNER,,agent007653,/r/PolitikBRD/comments/1bv2eel/alte_weisse_männer/,https://v.redd.it/ngj4b1q7kbsc1,,21,9,t3_1bv2eel,2024-04-03 19:52:58+00:00,pre
1bv2gdx,1712174105,DISKRIMINIERT DURCHS ALTER,,agent007653,/r/PolitikBRD/comments/1bv2gdx/diskriminiert_durchs_alter/,https://v.redd.it/do2n41akkbsc1,,0,2,t3_1bv2gdx,2024-04-03 19:55:05+00:00,pre
1bv2hs5,1712174196,Ukraine-Konferenz : Treffen zur Verfolgung von Kriegsverbrechen in der Ukraine,,agent007653,/r/PolitikBRD/comments/1bv2hs5/ukrainekonferenz_treffen_zur_verfolgung_von/,https://i.redd.it/j09usf6vkbsc1.jpeg,,14,2,t3_1bv2hs5,2024-04-03 19:56:36+00:00,pre
1bv2jw7,1712174334,Gerhard Schröder hat schon immer polarisiert.,,agent007653,/r/PolitikBRD/comments/1bv2jw7/gerhard_schröder_hat_schon_immer_polarisiert/,https://v.redd.it/o1de8io9lbsc1,,14,7,t3_1bv2jw7,2024-04-03 19:58:54+00:00,pre
1bv2lp8,1712174441,Rückzug von Israels Armee von Al-Schifa-Klinik,,agent007653,/r/PolitikBRD/comments/1bv2lp8/rückzug_von_israels_armee_von_alschifaklinik/,https://www.reddit.com/gallery/1bv2lp8,,9,2,t3_1bv2lp8,2024-04-03 20:00:41+00:00,pre
1bv2nco,1712174540,„World Central Kitchen“ : Mitarbeitende im Gazastreifen bei Luftangriff getötet,,agent007653,/r/PolitikBRD/comments/1bv2nco/world_central_kitchen_mitarbeitende_im/,https://www.reddit.com/gallery/1bv2nco,,12,5,t3_1bv2nco,2024-04-03 20:02:20+00:00,pre
1bv2or0,1712174636,Gas wird teurer,,agent007653,/r/PolitikBRD/comments/1bv2or0/gas_wird_teurer/,https://i.redd.it/0pk2ad87mbsc1.jpeg,,3,2,t3_1bv2or0,2024-04-03 20:03:56+00:00,pre
1bv2y1m,1712175249,Angriff auf Hilfskonvoi Netanyahu räumt Verantwortung ein,,agent007653,/r/PolitikBRD/comments/1bv2y1m/angriff_auf_hilfskonvoi_netanyahu_räumt/,https://www.reddit.com/gallery/1bv2y1m,,22,7,t3_1bv2y1m,2024-04-03 20:14:09+00:00,pre
1bv32as,1712175527,Ukraine senkt Alter für Einberufung von Reservisten von 27 auf 25 Jahre,,agent007653,/r/PolitikBRD/comments/1bv32as/ukraine_senkt_alter_für_einberufung_von/,https://i.redd.it/82t8dh7uobsc1.jpeg,,15,2,t3_1bv32as,2024-04-03 20:18:47+00:00,pre
1bv374s,1712175831,STIMMEN AUS GAZA,,agent007653,/r/PolitikBRD/comments/1bv374s/stimmen_aus_gaza/,https://www.reddit.com/gallery/1bv374s,,12,2,t3_1bv374s,2024-04-03 20:23:51+00:00,pre
1bv3bdh,1712176117,TÖDLICHE HILFE,,agent007653,/r/PolitikBRD/comments/1bv3bdh/tödliche_hilfe/,https://i.redd.it/b6g4ruzlqbsc1.jpeg,,53,27,t3_1bv3bdh,2024-04-03 20:28:37+00:00,pre
1bv3ctt,1712176211,Der Ausbau der Bio-Landwirtschaft in Deutschland ist vom Ziel der Bundesregierung für das Jahr 2030 noch weit entfernt.,,agent007653,/r/PolitikBRD/comments/1bv3ctt/der_ausbau_der_biolandwirtschaft_in_deutschland/,https://www.reddit.com/gallery/1bv3ctt,,2,2,t3_1bv3ctt,2024-04-03 20:30:11+00:00,pre
1bv3e4z,1712176290,Kreml-News: Die Welt durch Putins Brille,,agent007653,/r/PolitikBRD/comments/1bv3e4z/kremlnews_die_welt_durch_putins_brille/,https://v.redd.it/elhhp0x3rbsc1,,8,2,t3_1bv3e4z,2024-04-03 20:31:30+00:00,pre
1bv3h86,1712176491,Lang: Die verdienen bessere Löhne !,,agent007653,/r/PolitikBRD/comments/1bv3h86/lang_die_verdienen_bessere_löhne/,https://v.redd.it/ay3qgfxmrbsc1,,54,16,t3_1bv3h86,2024-04-03 20:34:51+00:00,pre
1bv3jep,1712176628,Jung gegen Alt,,agent007653,/r/PolitikBRD/comments/1bv3jep/jung_gegen_alt/,https://www.reddit.com/gallery/1bv3jep,,3,2,t3_1bv3jep,2024-04-03 20:37:08+00:00,pre
1bv47kb,1712178185,",Russland geht schon das Geld aus""",,agent007653,/r/PolitikBRD/comments/1bv47kb/russland_geht_schon_das_geld_aus/,https://www.reddit.com/gallery/1bv47kb,,35,9,t3_1bv47kb,2024-04-03 21:03:05+00:00,pre
1bwqdzn,1712344434,Rente oder Rüstung : Was ist den Deutschen wichtiger ?,,agent007653,/r/PolitikBRD/comments/1bwqdzn/rente_oder_rüstung_was_ist_den_deutschen_wichtiger/,https://www.reddit.com/gallery/1bwqdzn,,17,21,t3_1bwqdzn,2024-04-05 19:13:54+00:00,pre
1bwqf9b,1712344527,Verdacht auf rechte Gesinnung : Ermittlungen und Verfahren gegen Hunderte Polizisten,,agent007653,/r/PolitikBRD/comments/1bwqf9b/verdacht_auf_rechte_gesinnung_ermittlungen_und/,https://www.reddit.com/gallery/1bwqf9b,,28,7,t3_1bwqf9b,2024-04-05 19:15:27+00:00,pre
1bwv33r,1712355883,Zwischen Frauen und Männern : Kinder verstärken Ungleichheit,,agent007653,/r/PolitikBRD/comments/1bwv33r/zwischen_frauen_und_männern_kinder_verstärken/,https://www.reddit.com/gallery/1bwv33r,,9,2,t3_1bwv33r,2024-04-05 22:24:43+00:00,pre
1bwv7gt,1712356186,VIER-TAGE-WOCHE - IN KITAS & DER PFLEGE ?!,,agent007653,/r/PolitikBRD/comments/1bwv7gt/viertagewoche_in_kitas_der_pflege/,https://www.reddit.com/gallery/1bwv7gt,,49,20,t3_1bwv7gt,2024-04-05 22:29:46+00:00,pre
1bwv98p,1712356305,ZU ARM FÜR URLAUB,,agent007653,/r/PolitikBRD/comments/1bwv98p/zu_arm_für_urlaub/,https://i.redd.it/4321ip1emqsc1.jpeg,,17,1,t3_1bwv98p,2024-04-05 22:31:45+00:00,pre
1bxaha6,1712406868,Was ist los bei der FDP ?,,agent007653,/r/PolitikBRD/comments/1bxaha6/was_ist_los_bei_der_fdp/,https://www.reddit.com/gallery/1bxaha6,,32,17,t3_1bxaha6,2024-04-06 12:34:28+00:00,pre
1by92hy,1712508594,GROSSSPENDENTICKER 2024,,agent007653,/r/PolitikBRD/comments/1by92hy/grossspendenticker_2024/,https://www.reddit.com/gallery/1by92hy,,37,4,t3_1by92hy,2024-04-07 16:49:54+00:00,pre
1byhod8,1712529516,DAS LÄUFT IN FINNLAND ANDERS ALS BEI UNS,,agent007653,/r/PolitikBRD/comments/1byhod8/das_läuft_in_finnland_anders_als_bei_uns/,https://www.reddit.com/gallery/1byhod8,,63,12,t3_1byhod8,2024-04-07 22:38:36+00:00,pre
1byhs0e,1712529782,Volkermord in Ruanda : Wie die Vereinten Nationen versagt haben,,agent007653,/r/PolitikBRD/comments/1byhs0e/volkermord_in_ruanda_wie_die_vereinten_nationen/,https://www.reddit.com/gallery/1byhs0e,,21,1,t3_1byhs0e,2024-04-07 22:43:02+00:00,pre
1byhu2h,1712529931,Der lange Weg zu einer Gesundheit für alle : Wie das Menschenrecht weltweit durchgesetzt werden soll,,agent007653,/r/PolitikBRD/comments/1byhu2h/der_lange_weg_zu_einer_gesundheit_für_alle_wie/,https://www.reddit.com/gallery/1byhu2h,,14,1,t3_1byhu2h,2024-04-07 22:45:31+00:00,pre
1byhx68,1712530166,"Schläge, Drohungen, Waffenbesitz : So fallen AfD-Mandatstrager mit Gewalt auf - und bleiben trotz Verurteilung im Amt",,agent007653,/r/PolitikBRD/comments/1byhx68/schläge_drohungen_waffenbesitz_so_fallen/,https://www.reddit.com/gallery/1byhx68,,50,5,t3_1byhx68,2024-04-07 22:49:26+00:00,pre
1c06dgn,1712704404,„RKI-Files“ Worum es in den Corona- Protokollen geht,,agent007653,/r/PolitikBRD/comments/1c06dgn/rkifiles_worum_es_in_den_corona_protokollen_geht/,https://www.reddit.com/gallery/1c06dgn,,15,1,t3_1c06dgn,2024-04-09 23:13:24+00:00,pre
1c06lz7,1712705004,Kontakt mit Großkonzern : KANZLERAMT VERHEIMLICHTE LOBBY-DOKUMENTE,,agent007653,/r/PolitikBRD/comments/1c06lz7/kontakt_mit_großkonzern_kanzleramt_verheimlichte/,https://www.reddit.com/gallery/1c06lz7,,37,5,t3_1c06lz7,2024-04-09 23:23:24+00:00,pre
1c24sdv,1712913896,Lindners Strategie ,"Hallo Leute,
ich verstehe die FDP bzw Lindner nicht. Sie stehen irgendwo zwischen 4-5% und sorgen durch ihre Blockaden nicht für den wirtschaftlichen Abschwung, der möglich wäre und zerstören damit ihr größtes Argument gegenüber dem Wähler. 
Wieso machen sie das? Es ergibt einfach keinen Sinn. 
Die einzige Theorie die ich habe ist, dass sie eine Progressive Koalition blockieren wollen, damit diese so schnell nicht mehr an Regierungsverantwortung kommt. Aber eine starke FDP könnte das ja auch immer blockieren. 
Kann mit bitte jemand einen Denkanstoß geben danke :) ",AMGICERRRR,/r/PolitikBRD/comments/1c24sdv/lindners_strategie/,https://www.reddit.com/r/PolitikBRD/comments/1c24sdv/lindners_strategie/,,1,1,t3_1c24sdv,2024-04-12 09:24:56+00:00,pre
1c2kfoj,1712956315,Arbeit für Asylbewerber:innen- für 80 Cent pro Stunde,,agent007653,/r/PolitikBRD/comments/1c2kfoj/arbeit_für_asylbewerberinnen_für_80_cent_pro/,https://v.redd.it/i6bud67h64uc1,,51,24,t3_1c2kfoj,2024-04-12 21:11:55+00:00,pre
1c2khi6,1712956444,Krieg gegen die Ukraine USA schicken beschlagnahmte Waffen,,agent007653,/r/PolitikBRD/comments/1c2khi6/krieg_gegen_die_ukraine_usa_schicken/,https://www.reddit.com/gallery/1c2khi6,,24,3,t3_1c2khi6,2024-04-12 21:14:04+00:00,pre
1c2kj7x,1712956565,"Wahlpräferenz der Befragten, wenn am kommenden Sonntag Bundestagswahl wäre (in %)*",,agent007653,/r/PolitikBRD/comments/1c2kj7x/wahlpräferenz_der_befragten_wenn_am_kommenden/,https://i.redd.it/j3s08v5874uc1.jpeg,,33,14,t3_1c2kj7x,2024-04-12 21:16:05+00:00,pre
1c2km9v,1712956785,Wie groß ist die Kriegsgefahr für Deutschland ? Teil 1,,agent007653,/r/PolitikBRD/comments/1c2km9v/wie_groß_ist_die_kriegsgefahr_für_deutschland/,https://v.redd.it/gma11pvv74uc1,,1,1,t3_1c2km9v,2024-04-12 21:19:45+00:00,pre
1c2kpfq,1712957008,Wie groß ist die Kriegsgefahr für Deutschland ? Teil 2,,agent007653,/r/PolitikBRD/comments/1c2kpfq/wie_groß_ist_die_kriegsgefahr_für_deutschland/,https://v.redd.it/8zi8qrmh84uc1,,3,7,t3_1c2kpfq,2024-04-12 21:23:28+00:00,pre
1c4qjya,1713198560,STÖRUNG IM GEHIRN : Darum können ADHS-Betroffene sich nicht einfach zusammenreißen,,agent007653,/r/PolitikBRD/comments/1c4qjya/störung_im_gehirn_darum_können_adhsbetroffene/,https://www.reddit.com/gallery/1c4qjya,,1,1,t3_1c4qjya,2024-04-15 16:29:20+00:00,pre
1c5h6v2,1713276932,"Warum glauben ""gemäßigte"" AfD WählerInnen deren Müll?","Es heißt ja oft, dass viele AfD WählerInnen diese Partei bloß wählen, um ihre Unzufriedenheit mit der Regierung und der Union auszudrücken. 

Aber wie kommt es dann, dass diese WählerInnen nicht bei dem ganzen offensichtlich ideologischen Kram wie ihrer Terminologie, ihrer Ziele und ihrem Auftreten nicht abspringen?

Sollte sowas die Leute mit Hirn nicht eigentlich abschrecken?",genericPikachu,/r/PolitikBRD/comments/1c5h6v2/warum_glauben_gemäßigte_afd_wählerinnen_deren_müll/,https://www.reddit.com/r/PolitikBRD/comments/1c5h6v2/warum_glauben_gemäßigte_afd_wählerinnen_deren_müll/,,25,28,t3_1c5h6v2,2024-04-16 14:15:32+00:00,pre
1c5r6ns,1713301187,Den obersten fünf Prozent gehört fast die Hälfte,,agent007653,/r/PolitikBRD/comments/1c5r6ns/den_obersten_fünf_prozent_gehört_fast_die_hälfte/,https://www.reddit.com/gallery/1c5r6ns,,61,40,t3_1c5r6ns,2024-04-16 20:59:47+00:00,pre
1c6cg8z,1713366922,Soll Julian Assange ausgeliefert werden?,"[removed]

[View Poll](https://www.reddit.com/poll/1c6cg8z)",the____________c,/r/PolitikBRD/comments/1c6cg8z/soll_julian_assange_ausgeliefert_werden/,https://www.reddit.com/r/PolitikBRD/comments/1c6cg8z/soll_julian_assange_ausgeliefert_werden/,,1,0,t3_1c6cg8z,2024-04-17 15:15:22+00:00,pre
1c6cghm,1713366939,Soll Julian Assange ausgeliefert werden?,"[removed]

[View Poll](https://www.reddit.com/poll/1c6cghm)",the____________c,/r/PolitikBRD/comments/1c6cghm/soll_julian_assange_ausgeliefert_werden/,https://www.reddit.com/r/PolitikBRD/comments/1c6cghm/soll_julian_assange_ausgeliefert_werden/,,1,0,t3_1c6cghm,2024-04-17 15:15:39+00:00,pre
1c6xpi6,1713426573,Olaf trifft Xi Jinping,"Politische Beziehungen sind bei unterschiedlicher Auffassung von Menschenrecht eine echte Herausforderung.

Auf mich wirkt die ganze Außenpolitik Chinas wie eine Machtergreifung mit Salami und Zuckerbrot.

Brauchen wir hier striktere Vorgaben?

https://www.stern.de/34633362.html

",MILLENNIAL_1280,/r/PolitikBRD/comments/1c6xpi6/olaf_trifft_xi_jinping/,https://i.redd.it/qj6syafw07vc1.jpeg,,29,1,t3_1c6xpi6,2024-04-18 07:49:33+00:00,pre
1c7wp5k,1713532726,Grundfreibetrag gestiegen : Viele Rentner sind die Last der Steuer los,,agent007653,/r/PolitikBRD/comments/1c7wp5k/grundfreibetrag_gestiegen_viele_rentner_sind_die/,https://www.reddit.com/gallery/1c7wp5k,,17,4,t3_1c7wp5k,2024-04-19 13:18:46+00:00,pre
1c7wtct,1713533052,Autos schlucken mehr Sprit als angegeben,,agent007653,/r/PolitikBRD/comments/1c7wtct/autos_schlucken_mehr_sprit_als_angegeben/,https://i.redd.it/ykb1fczftfvc1.jpeg,,81,21,t3_1c7wtct,2024-04-19 13:24:12+00:00,pre
1c7wvsn,1713533241,Mangel in Deutschland : Zehntausende Ärzt:innen und Pfleger:innen fehlen,,agent007653,/r/PolitikBRD/comments/1c7wvsn/mangel_in_deutschland_zehntausende_ärztinnen_und/,https://www.reddit.com/gallery/1c7wvsn,,21,11,t3_1c7wvsn,2024-04-19 13:27:21+00:00,pre
1c7wy32,1713533429,Deutschland laut Studie Steueroase für Milliardär*innen,,agent007653,/r/PolitikBRD/comments/1c7wy32/deutschland_laut_studie_steueroase_für/,https://www.reddit.com/gallery/1c7wy32,,56,6,t3_1c7wy32,2024-04-19 13:30:29+00:00,pre
1c7yu6x,1713538368,Studie des Potsdam-Instituts : Klimawandel bedroht die Weltwirtschaft,"Die Weltwirtschaft droht einer neuen Berechnung zufolge durch Folgen der Erderwärmung bis Mitte des Jahrhunderts um rund ein Fünftel zu schrumpfen - und das sogar, wenn der Ausstoß klimaschädlicher Gase künftig drastisch gesenkt würde.
Andernfalls sind noch deutlich größere wirtschaftliche Schäden als jene 38 Billionen US-Dollar pro Jahr zu erwarten, wie Forscher des Potsdam-Instituts für Klimafolgenforschung (PIK) in einer heute im Wissenschaftsmagazin Nature veroffentlichten Studie berechnet haben.
Diese Schäden würden damit sechsmal höher ausfallen als die veranschlagten Kosten für Klimaschutzmaßnahmen zur Begrenzung der Erderwärmung auf maximal zwei Grad, schreiben die Autor:innen des PIK.
Je nach Region fallen die erwarteten Schäden sehr unterschiedlich aus. Die ärmsten und am wenigsten für den Klimawandel verantwortlichen Länder werde es am schwersten treffen, heißt es in der Studie. Für Deutschland sagen die Forschenden - ebenso wie für die USA - bis zur Mitte des Jahrhunderts ein Schrumpfen der Wirtschaft um elf Prozent hinaus, verglichen mit einem Szenario ohne Klimafolgen.

Quelle : https://www.instagram.com/p/C55VvIGolCD/?igsh=MXIwN2twZ2Z0ZnBlcQ==",agent007653,/r/PolitikBRD/comments/1c7yu6x/studie_des_potsdaminstituts_klimawandel_bedroht/,https://www.reddit.com/gallery/1c7yu6x,,28,4,t3_1c7yu6x,2024-04-19 14:52:48+00:00,pre
1c8qsex,1713621910,"Mehrheit muslimischer Jugendliche: ""Gesetze des Korans wichtiger als die Gesetze in Deutschland""",,AufEwigOstfront,/r/PolitikBRD/comments/1c8qsex/mehrheit_muslimischer_jugendliche_gesetze_des/,https://www.bz-berlin.de/deutschland/studie-niedersachsen-junge-muslime,,0,0,t3_1c8qsex,2024-04-20 14:05:10+00:00,pre
1c9ubx3,1713737557,Wie Rechtspopulismus in Europa Fuß fasst,,agent007653,/r/PolitikBRD/comments/1c9ubx3/wie_rechtspopulismus_in_europa_fuß_fasst/,https://i.redd.it/8k6dmkhapwvc1.jpeg,,34,3,t3_1c9ubx3,2024-04-21 22:12:37+00:00,pre
1c9uswc,1713738753,"Maximilian Krah (AfD), Spitzenkandidat bei der Europawahl - Jung & Naiv: Folge 701",,agent007653,/r/PolitikBRD/comments/1c9uswc/maximilian_krah_afd_spitzenkandidat_bei_der/,https://www.youtube.com/live/BuMZzfDUOf8?si=vQMO2CBvYj9CeiP_,,1,1,t3_1c9uswc,2024-04-21 22:32:33+00:00,pre
1ca7wg2,1713783986,Frage zur Bundesregierung ,"Hallo,

Heute wurde ein 12 Punkte Plan der FDP vorgestellt welches große Wellen geschlagen hat. 

Von Unzumutbarkeiten und mangelnder Kompromissbereitschaft in der Bundesregierung Seitens der FDP war zu lessen. 

Jetzt meine Frage!

Waren es die anderen Parteien der Koalition auch ? Ich meine, gibt es die großen Punkte der anderen Parteien wo Sie von ihrer Linie abgewichen sind und einen Kompromiss eingegangen sind in der bisherigen Regierungszeit? 

Bitte um eine konstruktive Beantwortung, kein Bashing oder so was, möchte tatsächlich versuchen zu schauen wer weniger Ideologie getrieben ist. 

Danke 🙏🏻 ",Mister_Mammut,/r/PolitikBRD/comments/1ca7wg2/frage_zur_bundesregierung/,https://www.reddit.com/r/PolitikBRD/comments/1ca7wg2/frage_zur_bundesregierung/,,1,0,t3_1ca7wg2,2024-04-22 11:06:26+00:00,pre
1camvpm,1713821990,US-Repräsentantenhaus : Ultimatum für Verkauf von TikTok gestellt,,agent007653,/r/PolitikBRD/comments/1camvpm/usrepräsentantenhaus_ultimatum_für_verkauf_von/,https://www.reddit.com/gallery/1camvpm,,12,3,t3_1camvpm,2024-04-22 21:39:50+00:00,pre
1camxe5,1713822090,Europa erwärmt sich am Schnellsten,,agent007653,/r/PolitikBRD/comments/1camxe5/europa_erwärmt_sich_am_schnellsten/,https://www.reddit.com/gallery/1camxe5,,38,4,t3_1camxe5,2024-04-22 21:41:30+00:00,pre
1can5rv,1713822640,SELBSTBESTIMMUNGSGESETZ (BESCHLUSSEMPFEHLUNG),,agent007653,/r/PolitikBRD/comments/1can5rv/selbstbestimmungsgesetz_beschlussempfehlung/,https://www.reddit.com/gallery/1can5rv,,59,28,t3_1can5rv,2024-04-22 21:50:40+00:00,pre
1cbvjc4,1713957341,Der rechte Vibe verfängt,,agent007653,/r/PolitikBRD/comments/1cbvjc4/der_rechte_vibe_verfängt/,https://www.reddit.com/gallery/1cbvjc4,,29,8,t3_1cbvjc4,2024-04-24 11:15:41+00:00,pre
1cc0khg,1713971213,SIPRI-Bericht : So viel Geld wurde weltweit für das Militar ausgegeben,,agent007653,/r/PolitikBRD/comments/1cc0khg/sipribericht_so_viel_geld_wurde_weltweit_für_das/,https://www.reddit.com/gallery/1cc0khg,,7,2,t3_1cc0khg,2024-04-24 15:06:53+00:00,pre
1cc0tj6,1713971836,Hohe mentale Belastung unter jungen Menschen in Deutschland,,agent007653,/r/PolitikBRD/comments/1cc0tj6/hohe_mentale_belastung_unter_jungen_menschen_in/,https://i.redd.it/6ariam772gwc1.jpeg,,49,7,t3_1cc0tj6,2024-04-24 15:17:16+00:00,pre
1ccsfp7,1714052997,"Europaparlament macht Weg frei : ""Recht auf Reparatur"" kommt in der EU",,agent007653,/r/PolitikBRD/comments/1ccsfp7/europaparlament_macht_weg_frei_recht_auf/,https://www.reddit.com/gallery/1ccsfp7,,32,3,t3_1ccsfp7,2024-04-25 13:49:57+00:00,pre
1cczqko,1714072243,Amnesty International warnt : Menschenrechte weltweit bedroht,,agent007653,/r/PolitikBRD/comments/1cczqko/amnesty_international_warnt_menschenrechte/,https://www.reddit.com/gallery/1cczqko,,29,1,t3_1cczqko,2024-04-25 19:10:43+00:00,pre
1cczsrh,1714072376,DESINFORMATION WIRKT BEI JÜNGEREN,,agent007653,/r/PolitikBRD/comments/1cczsrh/desinformation_wirkt_bei_jüngeren/,https://www.reddit.com/gallery/1cczsrh,,14,8,t3_1cczsrh,2024-04-25 19:12:56+00:00,pre
1cczubd,1714072475,Rente: So viel weniger bekommen Frauen,,agent007653,/r/PolitikBRD/comments/1cczubd/rente_so_viel_weniger_bekommen_frauen/,https://i.redd.it/m6to08aedowc1.jpeg,,4,1,t3_1cczubd,2024-04-25 19:14:35+00:00,pre
1cczvq8,1714072563,AM MONTAG STARTET UNSER EU-WAHLPORTAL,,agent007653,/r/PolitikBRD/comments/1cczvq8/am_montag_startet_unser_euwahlportal/,https://www.reddit.com/gallery/1cczvq8,,3,1,t3_1cczvq8,2024-04-25 19:16:03+00:00,pre
1cczxde,1714072666,So denken die Stadt- und Landbewohner in Deutschland :,,agent007653,/r/PolitikBRD/comments/1cczxde/so_denken_die_stadt_und_landbewohner_in/,https://www.reddit.com/gallery/1cczxde,,9,1,t3_1cczxde,2024-04-25 19:17:46+00:00,pre
1cczzxo,1714072828,Aktionsplan beschlossen : Bund will Wohnungslosigkeit bis 2030 beenden,,agent007653,/r/PolitikBRD/comments/1cczzxo/aktionsplan_beschlossen_bund_will/,https://www.reddit.com/gallery/1cczzxo,,22,7,t3_1cczzxo,2024-04-25 19:20:28+00:00,pre
1cd08vr,1714073396,„Deutsches Schulbarometer 2024“ : Lehrkräfte beobachten Gewalt an Schulen,,agent007653,/r/PolitikBRD/comments/1cd08vr/deutsches_schulbarometer_2024_lehrkräfte/,https://www.reddit.com/gallery/1cd08vr,,9,2,t3_1cd08vr,2024-04-25 19:29:56+00:00,pre
1cd0c51,1714073600,SO RECHTS DENKT DIE JUNGE GENERATION,,agent007653,/r/PolitikBRD/comments/1cd0c51/so_rechts_denkt_die_junge_generation/,https://i.redd.it/v2nhrucrgowc1.jpeg,,14,3,t3_1cd0c51,2024-04-25 19:33:20+00:00,pre
1cd0g8r,1714073872,12-Punkte-Plan zur „Wirtschaftswende“ : Sorgt ein FDP-Papier für Streit in der Ampel ?,,agent007653,/r/PolitikBRD/comments/1cd0g8r/12punkteplan_zur_wirtschaftswende_sorgt_ein/,https://www.reddit.com/gallery/1cd0g8r,,48,16,t3_1cd0g8r,2024-04-25 19:37:52+00:00,pre
1cd0jfm,1714074082,Faul sind nur die Vorurteile,,agent007653,/r/PolitikBRD/comments/1cd0jfm/faul_sind_nur_die_vorurteile/,https://www.reddit.com/gallery/1cd0jfm,,85,10,t3_1cd0jfm,2024-04-25 19:41:22+00:00,pre
1cdydz7,1714170038,"Gibt es hier AFD-Sympathisierende, und wenn ja, inwiefern haben die Ereignisse der letzten Monate euren Blick auf die Partei beeinflusst?","Zur Info/Transparenz: Ich halte persönlich nichts von der AFD und kenne auch keine Leute die mit denen sympathisieren. Mich würde es aber wirklich brennend interessieren, was AFD-Wähler_innen von den Ereignissen der letzten Monate halten. (Es ging ja einiges durch die Presse: Das Treffen in Potsdam; Weidel entlässt ihren Berater aufgrund dessen Teilnahme daran; Ermittlungen gegen den AFD-Abgeordneten Halemba; Jetzt auch die Vorwürfe gegen Krah und Bystron.) Wie seht ihr das, AFD-Anhänger_innen? Seid ihr von der Partei abgerückt? Seid ihr enttäuscht von den Politikern? Empfindet ihr die Vorwürfe als irrelevant oder gar als Fake News? Auch wenn es bestimmt schwerfallen wird, würde ich mich über einen respektvollen, sachlichen Austausch über die politischen Grenzen hinweg freuen.

Edit: Formatierung",AlfredSurf,/r/PolitikBRD/comments/1cdydz7/gibt_es_hier_afdsympathisierende_und_wenn_ja/,https://www.reddit.com/r/PolitikBRD/comments/1cdydz7/gibt_es_hier_afdsympathisierende_und_wenn_ja/,,7,13,t3_1cdydz7,2024-04-26 22:20:38+00:00,pre
1cf4g58,1714304593,Die FDP nervt,[removed],AdForsaken5455,/r/PolitikBRD/comments/1cf4g58/die_fdp_nervt/,https://www.reddit.com/r/PolitikBRD/comments/1cf4g58/die_fdp_nervt/,,1,0,t3_1cf4g58,2024-04-28 11:43:13+00:00,pre
1cf86u3,1714315888,"Dieses YouTube-Video, wo ein AfDler im Plenum bloßgestellt wird, lässt mich an der Menschheit zweifeln ","Ich weiß echt nicht mehr, ob ich lachen, weinen oder auswandern soll. Was für Menschen sitzen bei uns im Bundestag? 
",yummiloco,/r/PolitikBRD/comments/1cf86u3/dieses_youtubevideo_wo_ein_afdler_im_plenum/,https://youtu.be/v0N8IvoNzyw?si=L8MuhIpVHnboAPHU,,16,8,t3_1cf86u3,2024-04-28 14:51:28+00:00,pre
1cftmjt,1714377879,was hat es mit dem vogel auf sich?,,hagr,/r/PolitikBRD/comments/1cftmjt/was_hat_es_mit_dem_vogel_auf_sich/,https://i.imgur.com/UUP4Atf.jpeg,,36,22,t3_1cftmjt,2024-04-29 08:04:39+00:00,pre
1cftvxj,1714378992,Studie zum Zusammenhang politischer Orientierung und verbaler Intelligenz ,"Ich schreibe gerade meine Bachelorarbeit zum Zusammenhang von politischer Orientierung und verbaler Intelligenz. Für die Online-Studie brauche ich noch einige Teilnehmer. Wäre für jeden wahnsinnig dankbar, der sich die 10 Minuten Zeit nehmen würde. 

Vielen, vielen Dank und einen guten Start in die Woche! 🫰🏽
",hellauy,/r/PolitikBRD/comments/1cftvxj/studie_zum_zusammenhang_politischer_orientierung/,https://www.soscisurvey.de/test408723/?q=Polintel,,4,11,t3_1cftvxj,2024-04-29 08:23:12+00:00,pre
1cgpa43,1714471923,🤔,,Gabse97,/r/PolitikBRD/comments/1cgpa43/_/,https://i.redd.it/bhod8xj9dlxc1.jpeg,,1,0,t3_1cgpa43,2024-04-30 10:12:03+00:00,pre
1cj2i7h,1714720241,Politik discord server ,[removed],Cautious_Video4582,/r/PolitikBRD/comments/1cj2i7h/politik_discord_server/,https://www.reddit.com/r/PolitikBRD/comments/1cj2i7h/politik_discord_server/,,1,0,t3_1cj2i7h,2024-05-03 07:10:41+00:00,pre
1cji6qt,1714768029,Woher die AfD ihr Geld bekommt :,,agent007653,/r/PolitikBRD/comments/1cji6qt/woher_die_afd_ihr_geld_bekommt/,https://i.redd.it/xz9maxuot9yc1.png,,34,5,t3_1cji6qt,2024-05-03 20:27:09+00:00,pre
1cjicu6,1714768435,Parteienfinanzierung : WOHER BEKOMMEN DIE PARTEIEN IHR GELD ?,,agent007653,/r/PolitikBRD/comments/1cjicu6/parteienfinanzierung_woher_bekommen_die_parteien/,https://i.redd.it/sz489vrtu9yc1.png,,4,1,t3_1cjicu6,2024-05-03 20:33:55+00:00,pre
1cjie4j,1714768523,WOHER DIE SPD IHR GELD BEKOMMT : (Stand 2022),,agent007653,/r/PolitikBRD/comments/1cjie4j/woher_die_spd_ihr_geld_bekommt_stand_2022/,https://i.redd.it/uekx5ny4v9yc1.png,,21,3,t3_1cjie4j,2024-05-03 20:35:23+00:00,pre
1cjij0e,1714768860,WOHER DIE FDP IHR GELD BEKOMMT : (Stand 2022),,agent007653,/r/PolitikBRD/comments/1cjij0e/woher_die_fdp_ihr_geld_bekommt_stand_2022/,https://i.redd.it/bjrkey46w9yc1.png,,11,2,t3_1cjij0e,2024-05-03 20:41:00+00:00,pre
1cjik60,1714768936,WOHER DIE GRÜNEN IHR GELD BEKOMMEN : (STAND 2022),,agent007653,/r/PolitikBRD/comments/1cjik60/woher_die_grünen_ihr_geld_bekommen_stand_2022/,https://i.redd.it/cbg0dmidw9yc1.png,,34,4,t3_1cjik60,2024-05-03 20:42:16+00:00,pre
1cjiln2,1714769033,Woher die Linke ihr Geld bekommt : (Stand 2022),,agent007653,/r/PolitikBRD/comments/1cjiln2/woher_die_linke_ihr_geld_bekommt_stand_2022/,https://i.redd.it/c3w7sj7mw9yc1.png,,68,6,t3_1cjiln2,2024-05-03 20:43:53+00:00,pre
1cjin3v,1714769131,WOHER DIE CSU IHR GELD BEKOMMT: (STAND 2022),,agent007653,/r/PolitikBRD/comments/1cjin3v/woher_die_csu_ihr_geld_bekommt_stand_2022/,https://i.redd.it/v2ilenryw9yc1.png,,12,2,t3_1cjin3v,2024-05-03 20:45:31+00:00,pre
1ck9ki7,1714854164,Analyse: Klimafreundliche Technologien machten 2023 fast ein Drittel des Wirtschaftswachstums in der EU aus,,agent007653,/r/PolitikBRD/comments/1ck9ki7/analyse_klimafreundliche_technologien_machten/,https://i.redd.it/gwnf5m3txgyc1.jpeg,,11,1,t3_1ck9ki7,2024-05-04 20:22:44+00:00,pre
1ck9lrn,1714854262,Jede*r Fünfte wegen des Klimawandels täglich besorgt,,agent007653,/r/PolitikBRD/comments/1ck9lrn/jeder_fünfte_wegen_des_klimawandels_täglich/,https://i.redd.it/ctqzm9s3ygyc1.jpeg,,40,9,t3_1ck9lrn,2024-05-04 20:24:22+00:00,pre
1ck9n6n,1714854369,Immer weniger Babys in Deutschland,,agent007653,/r/PolitikBRD/comments/1ck9n6n/immer_weniger_babys_in_deutschland/,https://www.reddit.com/gallery/1ck9n6n,,8,2,t3_1ck9n6n,2024-05-04 20:26:09+00:00,pre
1ck9obw,1714854459,Abtreibung bis zur 18. Woche,,agent007653,/r/PolitikBRD/comments/1ck9obw/abtreibung_bis_zur_18_woche/,https://www.reddit.com/gallery/1ck9obw,,29,7,t3_1ck9obw,2024-05-04 20:27:39+00:00,pre
1ck9pnl,1714854557,Gewalt gegen Frauen : So will Australien Frauen künftig besser schützen,,agent007653,/r/PolitikBRD/comments/1ck9pnl/gewalt_gegen_frauen_so_will_australien_frauen/,https://www.reddit.com/gallery/1ck9pnl,,21,4,t3_1ck9pnl,2024-05-04 20:29:17+00:00,pre
1ck9zz4,1714855324,KEINE POLITIK MEHR AUF INSTAGRAM ?!,,agent007653,/r/PolitikBRD/comments/1ck9zz4/keine_politik_mehr_auf_instagram/,https://www.reddit.com/gallery/1ck9zz4,,26,2,t3_1ck9zz4,2024-05-04 20:42:04+00:00,pre
1clm0zh,1715009730,"Kommentar: Dass so etwas wie das 3. Reich in Deutschland passieren konnte, ist kein Zufall.",[removed],FlyingDonkey12,/r/PolitikBRD/comments/1clm0zh/kommentar_dass_so_etwas_wie_das_3_reich_in/,https://www.reddit.com/r/PolitikBRD/comments/1clm0zh/kommentar_dass_so_etwas_wie_das_3_reich_in/,,1,0,t3_1clm0zh,2024-05-06 15:35:30+00:00,pre
1clm3py,1715009917,"Dass so etwas wie die NS-Diktatur in Deutschland passieren konnte, ist kein Zufall.",[removed],FlyingDonkey12,/r/PolitikBRD/comments/1clm3py/dass_so_etwas_wie_die_nsdiktatur_in_deutschland/,https://www.reddit.com/r/PolitikBRD/comments/1clm3py/dass_so_etwas_wie_die_nsdiktatur_in_deutschland/,,1,0,t3_1clm3py,2024-05-06 15:38:37+00:00,pre
1clm4ua,1715009995,"Kommentar: Dass so etwas wie die NS-Diktatur in Deutschland passieren konnte, ist kein Zufall.",[removed],FlyingDonkey12,/r/PolitikBRD/comments/1clm4ua/kommentar_dass_so_etwas_wie_die_nsdiktatur_in/,https://www.reddit.com/r/PolitikBRD/comments/1clm4ua/kommentar_dass_so_etwas_wie_die_nsdiktatur_in/,,1,0,t3_1clm4ua,2024-05-06 15:39:55+00:00,pre
1clrk22,1715023217,Was sagt man dazu ?,,GeneralGreen77,/r/PolitikBRD/comments/1clrk22/was_sagt_man_dazu/,https://i.redd.it/a3vps1jjwuyc1.jpeg,,1,0,t3_1clrk22,2024-05-06 19:20:17+00:00,pre
1clrmde,1715023373,Endspiel um Europa - Die Europäische Union am Scheideweg | Doku HD | ARTE,,AwarenessConstant272,/r/PolitikBRD/comments/1clrmde/endspiel_um_europa_die_europäische_union_am/,https://youtu.be/nnMOKwlvheo?si=OZ_DyBccez1Xoj-i,,2,0,t3_1clrmde,2024-05-06 19:22:53+00:00,pre
1clt7qm,1715027268,EU-Flüchtlingsabkommen : Um Migration nach Europa stärker zu begrenzen,,agent007653,/r/PolitikBRD/comments/1clt7qm/euflüchtlingsabkommen_um_migration_nach_europa/,https://www.reddit.com/gallery/1clt7qm,,16,7,t3_1clt7qm,2024-05-06 20:27:48+00:00,pre
1cltkaj,1715028157,OVERSHOOT DAYS : WANN DIE ÖKOLOGISCHEN RESSOURCEN FÜR DAS JAHR VERBRAUCHT SIND,,agent007653,/r/PolitikBRD/comments/1cltkaj/overshoot_days_wann_die_ökologischen_ressourcen/,https://i.redd.it/btkyhmi1bvyc1.jpeg,,11,1,t3_1cltkaj,2024-05-06 20:42:37+00:00,pre
1cltlnn,1715028253,UN-Entwicklungsagentur zu Gaza : Schlimmste Zerstörungen einer Region seit 1945,,agent007653,/r/PolitikBRD/comments/1cltlnn/unentwicklungsagentur_zu_gaza_schlimmste/,https://www.reddit.com/gallery/1cltlnn,,33,6,t3_1cltlnn,2024-05-06 20:44:13+00:00,pre
1cltngz,1715028376,Wie Rechtsextreme die Gaming-Szene kapern,,agent007653,/r/PolitikBRD/comments/1cltngz/wie_rechtsextreme_die_gamingszene_kapern/,https://www.reddit.com/gallery/1cltngz,,13,31,t3_1cltngz,2024-05-06 20:46:16+00:00,pre
1cltsfl,1715028727,👉Wie hoch sind die Mindestlöhne in verschiedenen EU-Staaten und auf welchem Platz steht Deutschland dabei ?,,agent007653,/r/PolitikBRD/comments/1cltsfl/wie_hoch_sind_die_mindestlöhne_in_verschiedenen/,https://www.reddit.com/gallery/1cltsfl,,7,1,t3_1cltsfl,2024-05-06 20:52:07+00:00,pre
1cn28da,1715167772,Was wähle ich nun ,"Der wahlomat empfiehlt 
",elephanteum,/r/PolitikBRD/comments/1cn28da/was_wähle_ich_nun/,https://i.redd.it/impji1ldu6zc1.png,,23,23,t3_1cn28da,2024-05-08 11:29:32+00:00,pre
1cn8biw,1715184419,Was wähle ich nun,,TheFortnutter,/r/PolitikBRD/comments/1cn8biw/was_wähle_ich_nun/,https://i.redd.it/p0wwunhv78zc1.png,,0,75,t3_1cn8biw,2024-05-08 16:06:59+00:00,pre
1cnd50z,1715196574,Was wähle ich nun? :D 🌹,,hb_maennchen,/r/PolitikBRD/comments/1cnd50z/was_wähle_ich_nun_d/,https://i.redd.it/fbfx01p089zc1.jpeg,,1,1,t3_1cnd50z,2024-05-08 19:29:34+00:00,pre
1cnes3r,1715200770,POLITIK : So beeinflussen soziale Medien unsere Demokratie,,agent007653,/r/PolitikBRD/comments/1cnes3r/politik_so_beeinflussen_soziale_medien_unsere/,https://www.reddit.com/gallery/1cnes3r,,13,1,t3_1cnes3r,2024-05-08 20:39:30+00:00,pre
1cnetho,1715200869,"Deutschlands Probleme? Kommt drauf an, wen man fragt !",,agent007653,/r/PolitikBRD/comments/1cnetho/deutschlands_probleme_kommt_drauf_an_wen_man_fragt/,https://i.redd.it/0qh95n8pk9zc1.jpeg,,27,1,t3_1cnetho,2024-05-08 20:41:09+00:00,pre
1cneyjb,1715201241,CDU will zurück zur Wehrpflicht,,agent007653,/r/PolitikBRD/comments/1cneyjb/cdu_will_zurück_zur_wehrpflicht/,https://www.reddit.com/gallery/1cneyjb,,45,42,t3_1cneyjb,2024-05-08 20:47:21+00:00,pre
1cnf2r8,1715201557,So stark sind die Immobilien- Preise in Deutschland gesunken,,agent007653,/r/PolitikBRD/comments/1cnf2r8/so_stark_sind_die_immobilien_preise_in/,https://i.redd.it/007dhwycm9zc1.jpeg,,30,9,t3_1cnf2r8,2024-05-08 20:52:37+00:00,pre
1cnf44d,1715201657,"Nicht mehr aufs Gymnasium, nur weil die Eltern es wollen ?",,agent007653,/r/PolitikBRD/comments/1cnf44d/nicht_mehr_aufs_gymnasium_nur_weil_die_eltern_es/,https://www.reddit.com/gallery/1cnf44d,,8,12,t3_1cnf44d,2024-05-08 20:54:17+00:00,pre
1cnigah,1715210080,Lächerlich der Plan der DDR,,Leistungsfoerdernd89,/r/PolitikBRD/comments/1cnigah/lächerlich_der_plan_der_ddr/,https://www.reddit.com/gallery/1cnigah,,0,1,t3_1cnigah,2024-05-08 23:14:40+00:00,pre
1cns5rd,1715243047,"Eure Meinung über die Partei ,,Bündnis Deutschland""?","Wie bewertet ihr die Partei Bündnis Deutschland, die ja auch zur Europawahl antritt?

Dabei meine ich nicht dass ihr das politische Spektrum der Partei diskutiert bzw. primär ansprecht, sondern eher das Erscheinungsbild, das Durchsetzungsvermögen, das Wahlprogramm und der Populismusfaktor der Partei diskutiert und erläutert.

Also, eure Meinung zu BD",CrazyLion2120,/r/PolitikBRD/comments/1cns5rd/eure_meinung_über_die_partei_bündnis_deutschland/,https://www.reddit.com/r/PolitikBRD/comments/1cns5rd/eure_meinung_über_die_partei_bündnis_deutschland/,,1,0,t3_1cns5rd,2024-05-09 08:24:07+00:00,pre
1cnut4c,1715253629,Grand Prix Eurovision de la Chanson geht in die zweite Runde - Fünf Länder ausgeschieden 🇸🇪 ,[removed],I_saw_Will_smacking,/r/PolitikBRD/comments/1cnut4c/grand_prix_eurovision_de_la_chanson_geht_in_die/,https://i.redd.it/u8psuadoxdzc1.jpeg,,1,0,t3_1cnut4c,2024-05-09 11:20:29+00:00,pre
1co3w8j,1715278484,Frauen künftig besser vor Gewalt schützen will die EU mit einem neuen Gesetz ,,agent007653,/r/PolitikBRD/comments/1co3w8j/frauen_künftig_besser_vor_gewalt_schützen_will/,https://www.reddit.com/gallery/1co3w8j,,13,2,t3_1co3w8j,2024-05-09 18:14:44+00:00,pre
1co3yeq,1715278633,Angriffe auf die Politik haben zuletzt zugenommen,,agent007653,/r/PolitikBRD/comments/1co3yeq/angriffe_auf_die_politik_haben_zuletzt_zugenommen/,https://www.reddit.com/gallery/1co3yeq,,36,15,t3_1co3yeq,2024-05-09 18:17:13+00:00,pre
1co408h,1715278764,SCHUTZ VOR DESINFORMATION - ABER WIE ?,,agent007653,/r/PolitikBRD/comments/1co408h/schutz_vor_desinformation_aber_wie/,https://www.reddit.com/gallery/1co408h,,8,1,t3_1co408h,2024-05-09 18:19:24+00:00,pre
1co42do,1715278905,"Bundesarbeitsministerium : Beschäftigte leisteten 2023, 1,3. Mrd. Überstunden",,agent007653,/r/PolitikBRD/comments/1co42do/bundesarbeitsministerium_beschäftigte_leisteten/,https://www.reddit.com/gallery/1co42do,,7,2,t3_1co42do,2024-05-09 18:21:45+00:00,pre
1co443l,1715279023,Wie steht es um die Pressefreiheit in Deutschland ? ,,agent007653,/r/PolitikBRD/comments/1co443l/wie_steht_es_um_die_pressefreiheit_in_deutschland/,https://www.reddit.com/gallery/1co443l,,14,4,t3_1co443l,2024-05-09 18:23:43+00:00,pre
1co4vvd,1715280934,"Sind Wahlprogramme ""verplfichtend""?",[removed],wisdomInProgress,/r/PolitikBRD/comments/1co4vvd/sind_wahlprogramme_verplfichtend/,https://www.reddit.com/r/PolitikBRD/comments/1co4vvd/sind_wahlprogramme_verplfichtend/,,1,0,t3_1co4vvd,2024-05-09 18:55:34+00:00,pre
1cojekg,1715324599,"Wen ihr Richter*in wärt, welche Urteile würden die Täter jeweils von euch bekommen?",[removed],FlexAndStyle,/r/PolitikBRD/comments/1cojekg/wen_ihr_richterin_wärt_welche_urteile_würden_die/,https://i.redd.it/am06gkkpsjzc1.jpeg,,1,0,t3_1cojekg,2024-05-10 07:03:19+00:00,pre
1cp27ap,1715380313,Nach Teillegalisierung : 125 Cannabis-Verurteilte aus der Haft entlassen,,agent007653,/r/PolitikBRD/comments/1cp27ap/nach_teillegalisierung_125_cannabisverurteilte/,https://www.reddit.com/gallery/1cp27ap,,14,1,t3_1cp27ap,2024-05-10 22:31:53+00:00,pre
1cp29x9,1715380512,"SAFE SPACE
DEUTSCHLAND ?",,agent007653,/r/PolitikBRD/comments/1cp29x9/safe_space_deutschland/,https://v.redd.it/zfs4uzereozc1,,11,4,t3_1cp29x9,2024-05-10 22:35:12+00:00,pre
1cp2cy6,1715380745,",,LIEBE ZUM
MENSCHEN""?",,agent007653,/r/PolitikBRD/comments/1cp2cy6/liebe_zum_menschen/,https://i.redd.it/0qs5tsjbfozc1.jpeg,,52,6,t3_1cp2cy6,2024-05-10 22:39:05+00:00,pre
1cp2fur,1715380954,Grossspendenticker März/April 2024 ,,agent007653,/r/PolitikBRD/comments/1cp2fur/grossspendenticker_märzapril_2024/,https://i.redd.it/fuykesx5gozc1.jpeg,,15,2,t3_1cp2fur,2024-05-10 22:42:34+00:00,pre
1cp2nuy,1715381537,"Das zählt dann als ehrenamtliche Arbeit, oder ? ",,agent007653,/r/PolitikBRD/comments/1cp2nuy/das_zählt_dann_als_ehrenamtliche_arbeit_oder/,https://i.redd.it/p09qo07zhozc1.jpeg,,38,6,t3_1cp2nuy,2024-05-10 22:52:17+00:00,pre
1cqicvn,1715548811,"Enger Vertrauter des Kremlchefs : 
Putin entlässt
Verteidigungsminister ",,agent007653,/r/PolitikBRD/comments/1cqicvn/enger_vertrauter_des_kremlchefs_putin_entlässt/,https://i.redd.it/jminw0o9b20d1.jpeg,,9,2,t3_1cqicvn,2024-05-12 21:20:11+00:00,pre
1cqifmn,1715549006,WIE WÄHLT EUROPA ?,,agent007653,/r/PolitikBRD/comments/1cqifmn/wie_wählt_europa/,https://www.reddit.com/gallery/1cqifmn,,16,4,t3_1cqifmn,2024-05-12 21:23:26+00:00,pre
1cqij1t,1715549258,BR-Bericht: BKA geht fragwürdig vor : Millionen Polizeifotos für Software-Test genutzt,,agent007653,/r/PolitikBRD/comments/1cqij1t/brbericht_bka_geht_fragwürdig_vor_millionen/,https://www.reddit.com/gallery/1cqij1t,,29,2,t3_1cqij1t,2024-05-12 21:27:38+00:00,pre
1cqim3v,1715549485,Kobaltmine in Marokko : BMW rÄumt Umweltprobleme ein,,agent007653,/r/PolitikBRD/comments/1cqim3v/kobaltmine_in_marokko_bmw_räumt_umweltprobleme_ein/,https://www.reddit.com/gallery/1cqim3v,,23,5,t3_1cqim3v,2024-05-12 21:31:25+00:00,pre
1cqiq7h,1715549796,"Kühnert: Endlich
wohnen wie in Wien !? ",,agent007653,/r/PolitikBRD/comments/1cqiq7h/kühnert_endlich_wohnen_wie_in_wien/,https://v.redd.it/jfxr6bz1e20d1,,47,5,t3_1cqiq7h,2024-05-12 21:36:36+00:00,pre
1cqte9u,1715584970,AfD verliert ihr Verfahren vor dem OVG Münster - der Bundesverfassungsschutz darf die Partei weiter mir nachrichtendienstlichen Mitteln beobachten AfDVerbot,[removed],SkalpK23,/r/PolitikBRD/comments/1cqte9u/afd_verliert_ihr_verfahren_vor_dem_ovg_münster/,https://www.reddit.com/r/PolitikBRD/comments/1cqte9u/afd_verliert_ihr_verfahren_vor_dem_ovg_münster/,,1,0,t3_1cqte9u,2024-05-13 07:22:50+00:00,pre
1cqtg3m,1715585199,BREAKING: AfD verliert ihr Verfahren vor dem OVG Münster - der Bundesverfassungsschutz darf die Partei weiter mit nachrichtendienstlichen Mitteln beobachten. ,[removed],SkalpK23,/r/PolitikBRD/comments/1cqtg3m/breaking_afd_verliert_ihr_verfahren_vor_dem_ovg/,https://www.reddit.com/r/PolitikBRD/comments/1cqtg3m/breaking_afd_verliert_ihr_verfahren_vor_dem_ovg/,,1,0,t3_1cqtg3m,2024-05-13 07:26:39+00:00,pre
1cqw3vu,1715596616,OVG: AfD rechtmäßig als rechtsextremistischer Verdachtsfall eingestuft,,agent007653,/r/PolitikBRD/comments/1cqw3vu/ovg_afd_rechtmäßig_als_rechtsextremistischer/,https://www.tagesschau.de/inland/innenpolitik/afd-ovg-verdachtsfall-100.html,,13,0,t3_1cqw3vu,2024-05-13 10:36:56+00:00,pre
1crbo00,1715637416,KRANK DANK LOCKDOWN ?,,agent007653,/r/PolitikBRD/comments/1crbo00/krank_dank_lockdown/,https://www.reddit.com/gallery/1crbo00,,9,3,t3_1crbo00,2024-05-13 21:56:56+00:00,pre
1crbpux,1715637548,"Hier ist die Afd
rechtsextremer Verdachtsfall ",,agent007653,/r/PolitikBRD/comments/1crbpux/hier_ist_die_afd_rechtsextremer_verdachtsfall/,https://i.redd.it/bgemx3e2n90d1.jpeg,,50,1,t3_1crbpux,2024-05-13 21:59:08+00:00,pre
1crbsoe,1715637730,"KINDER
FÜR ALLE ? ",,agent007653,/r/PolitikBRD/comments/1crbsoe/kinder_für_alle/,https://v.redd.it/p0v8apfqn90d1,,19,7,t3_1crbsoe,2024-05-13 22:02:10+00:00,pre
1crbu77,1715637841,„Rechtsextremistischer Verdachtsfall“ Einstufung der AfD ist rechtsmäßig,,agent007653,/r/PolitikBRD/comments/1crbu77/rechtsextremistischer_verdachtsfall_einstufung/,https://www.reddit.com/gallery/1crbu77,,24,2,t3_1crbu77,2024-05-13 22:04:01+00:00,pre
1cruwt3,1715700427,600 Milliarden Euro für die Infrastruktur?,,Kaalundir,/r/PolitikBRD/comments/1cruwt3/600_milliarden_euro_für_die_infrastruktur/,https://www.tagesschau.de/wirtschaft/konjunktur/infrastruktur-modernisierung-sondervermoegen-100.html,,2,0,t3_1cruwt3,2024-05-14 15:27:07+00:00,pre
1csjsff,1715776711,Islam,[removed],Colonius68Cologne,/r/PolitikBRD/comments/1csjsff/islam/,https://www.reddit.com/r/PolitikBRD/comments/1csjsff/islam/,,1,0,t3_1csjsff,2024-05-15 12:38:31+00:00,pre
1csnka0,1715786772,"Kommentar-Plakat unter AFD Wahlplakat, erlaubt oder verboten?","Heute gesehen, fand das Plakat ganz amüsant, fast überlegt eine Antwort drunter zu hängen.😂
Gilt hier auch die amtliche Sondererlaubnis bzw. ist sowas erlaubt ?",ChartPretend5485,/r/PolitikBRD/comments/1csnka0/kommentarplakat_unter_afd_wahlplakat_erlaubt_oder/,https://i.redd.it/2s7573gzyl0d1.jpeg,,61,9,t3_1csnka0,2024-05-15 15:26:12+00:00,pre
1ct96n0,1715852930,25 € bei Umfrage zu gewinnen,[removed],Frann__01,/r/PolitikBRD/comments/1ct96n0/25_bei_umfrage_zu_gewinnen/,https://survey.uu.nl/jfe/form/SV_3ODMXOjmdRZnNEG?Q_Language=DE,,0,0,t3_1ct96n0,2024-05-16 09:48:50+00:00,pre
1ctqcin,1715900034,Vom Kabinett verabschiedet :  So sieht die geplante Krankenhausreform aus,,agent007653,/r/PolitikBRD/comments/1ctqcin/vom_kabinett_verabschiedet_so_sieht_die_geplante/,https://www.reddit.com/gallery/1ctqcin,,10,2,t3_1ctqcin,2024-05-16 22:53:54+00:00,pre
1ctqeib,1715900194,Das sind die queer-freundlichsten Länder in Europa,,agent007653,/r/PolitikBRD/comments/1ctqeib/das_sind_die_queerfreundlichsten_länder_in_europa/,https://i.redd.it/o4cbc0g5cv0d1.jpeg,,46,10,t3_1ctqeib,2024-05-16 22:56:34+00:00,pre
1ctqh0v,1715900394,KRANK DURCH DISKRIMINIERUNG ,,agent007653,/r/PolitikBRD/comments/1ctqh0v/krank_durch_diskriminierung/,https://v.redd.it/l0qpqiqqcv0d1,,9,1,t3_1ctqh0v,2024-05-16 22:59:54+00:00,pre
1ctqika,1715900500,Wegen verbotener SA-Parole Geldstrafe für AfD-Politiker Höcke ,,agent007653,/r/PolitikBRD/comments/1ctqika/wegen_verbotener_saparole_geldstrafe_für/,https://www.reddit.com/gallery/1ctqika,,12,1,t3_1ctqika,2024-05-16 23:01:40+00:00,pre
1ctqjlu,1715900584,ARM WEGEN RASSISMUS ? ,,agent007653,/r/PolitikBRD/comments/1ctqjlu/arm_wegen_rassismus/,https://www.reddit.com/gallery/1ctqjlu,,28,11,t3_1ctqjlu,2024-05-16 23:03:04+00:00,pre
1cuhd5r,1715982769,"„Ich bin ein bisschen irritiert darüber, dass Politik sich jetzt wieder einer Technologie zuwendet, die eigentlich nur immer größere Probleme verursacht und nicht zur Lösung beiträgt.“

Harald Lesch nimmt hier die Debatte über die Kernkraft argumentativ auseinander. (@Nurderkoch) ",,agent007653,/r/PolitikBRD/comments/1cuhd5r/ich_bin_ein_bisschen_irritiert_darüber_dass/,https://v.redd.it/8x0ej4p9521d1,,34,2,t3_1cuhd5r,2024-05-17 21:52:49+00:00,pre
1cui7x1,1715985062,"""Offenbar ist es unter diesen Bedingungen kaum mehr möglich, den Atommüll aus der Asse zu bergen. (...) Flüsse und  Grundwasser könnten verseucht werden, die Gegend würde unbewohnbar.""

Grüße an alle Atomfans da draußen. Das ist eine Katastrophe. (@ChristophBautz) ",,agent007653,/r/PolitikBRD/comments/1cui7x1/offenbar_ist_es_unter_diesen_bedingungen_kaum/,https://i.redd.it/zi45kkdic21d1.jpeg,,59,17,t3_1cui7x1,2024-05-17 22:31:02+00:00,pre
1cuia5i,1715985238,WIE VERWIRRT DARF EIN US-PRÄSIDENT SEIN ?,,agent007653,/r/PolitikBRD/comments/1cuia5i/wie_verwirrt_darf_ein_uspräsident_sein/,https://i.redd.it/0pu7frezc21d1.jpeg,,38,3,t3_1cuia5i,2024-05-17 22:33:58+00:00,pre
1cv04no,1716046998,Hungerstreik fürs Klima: Sie fordern die Macht heraus,,agent007653,/r/PolitikBRD/comments/1cv04no/hungerstreik_fürs_klima_sie_fordern_die_macht/,https://www.zeit.de/gesellschaft/zeitgeschehen/2024-05/klimaschutz-hungerstreik-aktivismus-berlin-olaf-scholz,,2,0,t3_1cv04no,2024-05-18 15:43:18+00:00,pre
1cv05k7,1716047067,Scholz und Rehlinger sichern Hochwasser-Betroffenen Unterstützung zu,,agent007653,/r/PolitikBRD/comments/1cv05k7/scholz_und_rehlinger_sichern/,https://www.tagesschau.de/inland/hochwasser-saarland-regen-102.html,,1,1,t3_1cv05k7,2024-05-18 15:44:27+00:00,pre
1cv7z77,1716068270,"NEMO BROKE THE CODE : Darum ist es nicht egal, ob du die richtigen Pronomen benutzt",,agent007653,/r/PolitikBRD/comments/1cv7z77/nemo_broke_the_code_darum_ist_es_nicht_egal_ob_du/,https://www.reddit.com/gallery/1cv7z77,,29,58,t3_1cv7z77,2024-05-18 21:37:50+00:00,pre
1cv891y,1716069015,"Kaum jemand gelingt es so gut wie Christoph Süß, Aiwanger satirisch in seine rechtsextremen Einzelteile zu zerlegen. 

Hubert Aiwanger und die grünen Extremisten ⤵️ (@Nurderkoch) ",,agent007653,/r/PolitikBRD/comments/1cv891y/kaum_jemand_gelingt_es_so_gut_wie_christoph_süß/,https://v.redd.it/la8dq864a91d1,,27,1,t3_1cv891y,2024-05-18 21:50:15+00:00,pre
1cv8br7,1716069218,"„Das Einhalten der Schuldenbremse bedeutet einen harten Austeritätskurs. Wird die Wirtschaft weiter deutlich und empfindlich schwächen. Wird den Wirtschaftsstandort Deutschland weiter gefährden und langfristig viele Jobs in Deutschland kosten.“
@MFratzscher ",,agent007653,/r/PolitikBRD/comments/1cv8br7/das_einhalten_der_schuldenbremse_bedeutet_einen/,https://v.redd.it/s76ndk1ta91d1,,26,2,t3_1cv8br7,2024-05-18 21:53:38+00:00,pre
1cv8dc7,1716069336,"Caption this 
(Saarland) (@Stefan_Hajek) ",,agent007653,/r/PolitikBRD/comments/1cv8dc7/caption_this_saarland_stefan_hajek/,https://i.redd.it/h43zirs3b91d1.jpeg,,63,4,t3_1cv8dc7,2024-05-18 21:55:36+00:00,pre
1cwqa52,1716238756,Stromkosten in Deutschland :  Viele Privathaushalte zahlen mehr als notig ,,agent007653,/r/PolitikBRD/comments/1cwqa52/stromkosten_in_deutschland_viele_privathaushalte/,https://www.reddit.com/gallery/1cwqa52,,6,3,t3_1cwqa52,2024-05-20 20:59:16+00:00,pre
1cwqevy,1716239076,Das Bild der Woche #fckafd (@DirkLaurenz) ,,agent007653,/r/PolitikBRD/comments/1cwqevy/das_bild_der_woche_fckafd_dirklaurenz/,https://i.redd.it/i0g9afvtbn1d1.jpeg,,51,3,t3_1cwqevy,2024-05-20 21:04:36+00:00,pre
1cwqh95,1716239244,"„Ich finde es so unglaublich, mit welcher Unverschämtheit rechte Politiker sich selbst tatsächlich mit unterschiedlichen Regelungen die Taschen vollmachen & diese selben Politiker allen anderen die Mittel streichen. Und dass sie das irgendwie hinkriegen & das auch noch für ihr gutes Recht halten. ⬇️",,agent007653,/r/PolitikBRD/comments/1cwqh95/ich_finde_es_so_unglaublich_mit_welcher/,https://v.redd.it/c045x97ccn1d1,,45,3,t3_1cwqh95,2024-05-20 21:07:24+00:00,pre
1cwqj96,1716239387,John Oliver amüsiert sich hier köstlich über Höckes mangelhafte Geschichtskenntnisse und seine „Nazi eyes“. Brillant. (@djpr),,agent007653,/r/PolitikBRD/comments/1cwqj96/john_oliver_amüsiert_sich_hier_köstlich_über/,https://v.redd.it/jkib42crcn1d1,,70,7,t3_1cwqj96,2024-05-20 21:09:47+00:00,pre
1cwqlfx,1716239534,"Diese Sendung werde ich nie vergessen. Robert Habeck sagte am 31.03.2022 bei Markus Lanz: 

""Wir ziehen mit unserem täglichen Leben eine Spur der Verwüstung durch die Erde und wir kümmern uns nicht drum"". ⬇️ (@Perowinger94) ",,agent007653,/r/PolitikBRD/comments/1cwqlfx/diese_sendung_werde_ich_nie_vergessen_robert/,https://v.redd.it/xr3hw1o5dn1d1,,72,6,t3_1cwqlfx,2024-05-20 21:12:14+00:00,pre
1cx8wd4,1716300798,EU-Wahl | CDU / CSU Wahlprogramme erklärt,,agent007653,/r/PolitikBRD/comments/1cx8wd4/euwahl_cdu_csu_wahlprogramme_erklärt/,https://v.redd.it/nzh7i8bdfs1d1,,5,2,t3_1cx8wd4,2024-05-21 14:13:18+00:00,pre
1cx91ii,1716301185,SOLLTE MAN NOCH FISCH ESSEN ? ,,agent007653,/r/PolitikBRD/comments/1cx91ii/sollte_man_noch_fisch_essen/,https://v.redd.it/3q5gvg3ags1d1,,30,10,t3_1cx91ii,2024-05-21 14:19:45+00:00,pre
1cx954r,1716301453,Internationaler Strafgerichtshof (IStGH) : Was die Anträge auf Haftbefehle bedeuten ,,agent007653,/r/PolitikBRD/comments/1cx954r/internationaler_strafgerichtshof_istgh_was_die/,https://www.reddit.com/gallery/1cx954r,,29,14,t3_1cx954r,2024-05-21 14:24:13+00:00,pre
1cy6992,1716399546,Wer hätte das ahnen können (außer jeder) – der Rechte wird den Rechten zu rechts ! ,,agent007653,/r/PolitikBRD/comments/1cy6992/wer_hätte_das_ahnen_können_außer_jeder_der_rechte/,https://i.redd.it/9r5btis0l02d1.jpeg,,99,4,t3_1cy6992,2024-05-22 17:39:06+00:00,pre
1cy6dzf,1716399867,Jahresbilanz 2023 des BMI : Rekord bei politisch motivierten Straftaten ,,agent007653,/r/PolitikBRD/comments/1cy6dzf/jahresbilanz_2023_des_bmi_rekord_bei_politisch/,https://www.reddit.com/gallery/1cy6dzf,,11,2,t3_1cy6dzf,2024-05-22 17:44:27+00:00,pre
1cy6m44,1716400430,EU-Wahl SPD Wahlprogramme erklärt,,agent007653,/r/PolitikBRD/comments/1cy6m44/euwahl_spd_wahlprogramme_erklärt/,https://v.redd.it/42h9rmgin02d1,,3,1,t3_1cy6m44,2024-05-22 17:53:50+00:00,pre
1cy77n1,1716401852,Die Alternative für Deppen und ihre Wähler in a nutshell. (@djpr) ,,agent007653,/r/PolitikBRD/comments/1cy77n1/die_alternative_für_deppen_und_ihre_wähler_in_a/,https://i.redd.it/s37dr64qr02d1.jpeg,,110,3,t3_1cy77n1,2024-05-22 18:17:32+00:00,pre
1cy7bjf,1716402105,Zitat von Cansun Köktürk ,,agent007653,/r/PolitikBRD/comments/1cy7bjf/zitat_von_cansun_köktürk/,https://i.redd.it/o0gnha4ds02d1.jpeg,,194,40,t3_1cy7bjf,2024-05-22 18:21:45+00:00,pre
1cy7i54,1716402549,"""Physik ist Physik. (...) Wenn Fakten nicht mehr ernst werden, dann haben wir ein gewaltiges Problem in unserer Gesellschaft, was weit über die Thematik der Wissenschaftsleugnung hinausgeht."" 100% was @TerliWetter sagt. Danke ihn, @KSchwanke,  @rahmstorf
 & die vielen Anderen. (@ChristophBautz) ",,agent007653,/r/PolitikBRD/comments/1cy7i54/physik_ist_physik_wenn_fakten_nicht_mehr_ernst/,https://v.redd.it/xm97i9ipt02d1,,25,1,t3_1cy7i54,2024-05-22 18:29:09+00:00,pre
1cz3cb8,1716497425,No Border network unterhält Europawahlkampf,[removed],Professional_Emu4222,/r/PolitikBRD/comments/1cz3cb8/no_border_network_unterhält_europawahlkampf/,https://v.redd.it/msgmqtp3o82d1,,1,0,t3_1cz3cb8,2024-05-23 20:50:25+00:00,pre
1czluth,1716560332,Menschengemachter Klimawandel : Mehr Gesundheitsrisiken in Europa,,agent007653,/r/PolitikBRD/comments/1czluth/menschengemachter_klimawandel_mehr/,https://www.reddit.com/gallery/1czluth,,23,3,t3_1czluth,2024-05-24 14:18:52+00:00,pre
1czlxmf,1716560534,So schnell werden in Deutschland Solaranlagen gebaut :,,agent007653,/r/PolitikBRD/comments/1czlxmf/so_schnell_werden_in_deutschland_solaranlagen/,https://www.reddit.com/gallery/1czlxmf,,29,3,t3_1czlxmf,2024-05-24 14:22:14+00:00,pre
1czp1rs,1716568613,Asoziale und straffällige Flüchtlinge endlich abschieben!,[removed],Ill-Problem2963,/r/PolitikBRD/comments/1czp1rs/asoziale_und_straffällige_flüchtlinge_endlich/,https://www.reddit.com/r/PolitikBRD/comments/1czp1rs/asoziale_und_straffällige_flüchtlinge_endlich/,,1,0,t3_1czp1rs,2024-05-24 16:36:53+00:00,pre
1czwbgk,1716587407,Das manifest des Rhizomismus,[removed],Connect_Security_477,/r/PolitikBRD/comments/1czwbgk/das_manifest_des_rhizomismus/,https://www.reddit.com/r/PolitikBRD/comments/1czwbgk/das_manifest_des_rhizomismus/,,2,0,t3_1czwbgk,2024-05-24 21:50:07+00:00,pre
1czwu1l,1716588779,"Endlich sagt das mal jemand in einer deutschen Talkshow! Vielen Dank 
@PhilippTuermer ! 
#Lanz #TaxTheRich 🔥🔥🔥 (@NurderK) ",,agent007653,/r/PolitikBRD/comments/1czwu1l/endlich_sagt_das_mal_jemand_in_einer_deutschen/,https://v.redd.it/7nzootmm7g2d1,,43,3,t3_1czwu1l,2024-05-24 22:12:59+00:00,pre
1czwwfc,1716588955,Aus aktuellem Anlass. #Sylt (@joerg_spengler) ,,agent007653,/r/PolitikBRD/comments/1czwwfc/aus_aktuellem_anlass_sylt_joerg_spengler/,https://i.redd.it/b37qqym88g2d1.jpeg,,98,3,t3_1czwwfc,2024-05-24 22:15:55+00:00,pre
1czwyw6,1716589144,"Wenn es nach den Ewiggestrigen gegangen wäre, würden wir in Deutschland wahrscheinlich heute noch verbleites Benzin tanken.

Das ist Realsatire am absoluten Limit. (@djpr) ",,agent007653,/r/PolitikBRD/comments/1czwyw6/wenn_es_nach_den_ewiggestrigen_gegangen_wäre/,https://v.redd.it/90av91cp8g2d1,,30,8,t3_1czwyw6,2024-05-24 22:19:04+00:00,pre
1czx14j,1716589316,Ich kann das alles nicht mehr. (@NurderK) ,,agent007653,/r/PolitikBRD/comments/1czx14j/ich_kann_das_alles_nicht_mehr_nurderk/,https://v.redd.it/fjnx3dq19g2d1,,4,3,t3_1czx14j,2024-05-24 22:21:56+00:00,pre
1czx3fj,1716589495,"„Wenn Politiker den Holocaust verharmlosen, immer wieder von Kopftuchmädchen, Paschas oder Messermännern reden, wenn hinter verschlossenen Türen Deportationsfantasien verhandelt werden, dann verschiebt sich eben die Debatte und das Sagbare.“

Der ganze Kommentar von Murad Bayraktar 💯 (@djpr) ",,agent007653,/r/PolitikBRD/comments/1czx3fj/wenn_politiker_den_holocaust_verharmlosen_immer/,https://v.redd.it/77weaivo9g2d1,,26,1,t3_1czx3fj,2024-05-24 22:24:55+00:00,pre
1d06qr8,1716622669,Linke Memes?,"Moin zusammen, ich bin relativ neu auf der Plattform und hätte nach subreddits mit linken Memes gesucht (sowas wie z.B. Genosse Kevin auf Insta).
Hat da jemand Empfehlungen?

Hintergrund ist übrigens dieses Kurzgesagt Video:
https://youtu.be/4RORE0MpCcc?si=aIPKTv3lSpsT54DY

Ich Versuche mich ein bisschen weniger mit Zeug zu fluten von Leuten die einfach straight dumm sind.

Danke schonmal!",Due_Potential3553,/r/PolitikBRD/comments/1d06qr8/linke_memes/,https://www.reddit.com/r/PolitikBRD/comments/1d06qr8/linke_memes/,,1,0,t3_1d06qr8,2024-05-25 07:37:49+00:00,pre
1d09i7p,1716634782,Das schlauste was ich je von der AFD gehört habe!,"Das schlauste was ich je von der AFD gehört habe!
#gegenrechts #gegenafd #europawahl #europawahl2024 #wähltirgendwasaußerafd #links #nazistöten #antiafd #trend #antiafddemo #antiafdwähler ",fucktNcheck,/r/PolitikBRD/comments/1d09i7p/das_schlauste_was_ich_je_von_der_afd_gehört_habe/,https://i.redd.it/ayc9yyzj0k2d1.png,,1,0,t3_1d09i7p,2024-05-25 10:59:42+00:00,pre
1d0p0tx,1716681635,"""Ich würde gern aus Milliardären Millionäre machen.""
Philipp Türmer, Jusos ",,agent007653,/r/PolitikBRD/comments/1d0p0tx/ich_würde_gern_aus_milliardären_millionäre_machen/,https://v.redd.it/gkui1k9pvn2d1,,79,17,t3_1d0p0tx,2024-05-26 00:00:35+00:00,pre
1d0p6kk,1716682139,Wie sicher ist unser Grundgesetz ? ,,agent007653,/r/PolitikBRD/comments/1d0p6kk/wie_sicher_ist_unser_grundgesetz/,https://www.reddit.com/gallery/1d0p6kk,,24,3,t3_1d0p6kk,2024-05-26 00:08:59+00:00,pre
1d0p8wj,1716682348,Womit Menschen Zeit verbringen ,,agent007653,/r/PolitikBRD/comments/1d0p8wj/womit_menschen_zeit_verbringen/,https://www.reddit.com/gallery/1d0p8wj,,13,1,t3_1d0p8wj,2024-05-26 00:12:28+00:00,pre
1d0z1x9,1716721851,"Es ist nur eine Parodie des ""der Osten steht auf!"" Plakats, Grüße an alle Genossen und Menschen im Osten! #noafd #nazistöten #antiafdwähler #gegenrasissmus #gegenrechts #nazisraus #nazisrausausdenparlamenten",,fucktNcheck,/r/PolitikBRD/comments/1d0z1x9/es_ist_nur_eine_parodie_des_der_osten_steht_auf/,https://i.redd.it/ybv71reg7r2d1.png,,1,0,t3_1d0z1x9,2024-05-26 11:10:51+00:00,pre
1d11ekl,1716730201,25€ bei Teilnahme an Umfrage zu gewinnen,[removed],Frann__01,/r/PolitikBRD/comments/1d11ekl/25_bei_teilnahme_an_umfrage_zu_gewinnen/,https://survey.uu.nl/jfe/form/SV_3ODMXOjmdRZnNEG?Q_Language=DE,,1,0,t3_1d11ekl,2024-05-26 13:30:01+00:00,pre
1d15gv4,1716741884,Beim #TalkimTipi brennt gerade die Hütte. (@NurderK) ,,agent007653,/r/PolitikBRD/comments/1d15gv4/beim_talkimtipi_brennt_gerade_die_hütte_nurderk/,https://v.redd.it/qk15tixxus2d1,,37,29,t3_1d15gv4,2024-05-26 16:44:44+00:00,pre
1d15ilm,1716742014,"„Die @CDU macht es zur Kampagne: „Stoppt das Verbrenner-Aus!“ Jenseits von Klimaschutz möchte ich mal als Wirtschaftsminister sagen: Das scheint mir die falsche Konsequenz aus der Problemlage der deutschen Automobilindustrie zu sein.“
Robert Habeck",,agent007653,/r/PolitikBRD/comments/1d15ilm/die_cdu_macht_es_zur_kampagne_stoppt_das/,https://v.redd.it/d5aj92jbvs2d1,,27,1,t3_1d15ilm,2024-05-26 16:46:54+00:00,pre
1d15k8h,1716742141,Zitat von Ulrich Schneider ,,agent007653,/r/PolitikBRD/comments/1d15k8h/zitat_von_ulrich_schneider/,https://i.redd.it/x1cdl11pvs2d1.jpeg,,35,2,t3_1d15k8h,2024-05-26 16:49:01+00:00,pre
1d15ol7,1716742488,"Ein Frau fragt Robert Habeck: „Herr  @Wissing hat seinen Job nicht gemacht mit der Co2-Einsparung. Ist das ok? Darf er das? Haben Sie keine Handhabe ?“
🫳🍾 (@NurderK) ",,agent007653,/r/PolitikBRD/comments/1d15ol7/ein_frau_fragt_robert_habeck_herr_wissing_hat/,https://v.redd.it/61gum43pws2d1,,32,4,t3_1d15ol7,2024-05-26 16:54:48+00:00,pre
1d15siw,1716742804,"„Deutschland den Deutschen,
Ausländer raus“ ⬇️",,agent007653,/r/PolitikBRD/comments/1d15siw/deutschland_den_deutschen_ausländer_raus/,https://i.redd.it/rhj2m7w0xs2d1.jpeg,,116,36,t3_1d15siw,2024-05-26 17:00:04+00:00,pre
1d1daug,1716763611,Europawahl - Volt,"Hallo zusammen! 

Ich hab mich in Vorbereitung auf die Europawahl ein bisschen mit der Auswahl beschäftigt und fand, dass Volt mich mit ihren Inhalten ziemlich überzeugt.

Ich bin aber grundsätzlich nicht so in dem Thema, als dass ich auf ein Wissensschatz zurückgreifen kann, um eine fundierte Meinung zu bilden. Ich möchte nicht gleich einem AfD Wähler sein, der zwar glaubt mit der Wahl der AfD die Welt zu verbessern doch stattdessen alles nur verschlimmert. 

Deshalb die Frage, ist Volt wählbar und wenn ja warum findet ihr das und insbesondere wenn nein. Wie gesagt insbesondere interessiert mich warum ihr Volt nicht wählen würdet. 

Entschuldigt bitte, wenn ich eine eventuell banale Frage stelle. Über einen freundlichen Austausch würde ich mich sehr freuen. ",cryspspie,/r/PolitikBRD/comments/1d1daug/europawahl_volt/,https://www.reddit.com/r/PolitikBRD/comments/1d1daug/europawahl_volt/,,1,1,t3_1d1daug,2024-05-26 22:46:51+00:00,pre
1d1tlj0,1716822258,BSW - Umfrage,"Liebe r/PolitikBRD Gruppenmitglieder, 
aktuell schreibe ich meine Bachelorarbeit und forsche zur medialen Berichterstattung über das BSW, so wie zum Medienvertrauen der Öffentlichkeit. Dazu brauche ich möglichst viele Teilnehmer für meine quantitative Umfrage. Die Umfrage ist anonym, die Daten werden nach Abschluss der Arbeit gelöscht. Eine Rückverfolgung auf Ihre Person ist dabei ohnehin ausgeschlossen. 

Sie würden mir immens helfen, wenn Sie an der Umfrage teilnehmen. 
Anbei der Link, falls Sie sich die fünf Minuten nehmen möchten:

https://ww3.unipark.de/uc/Studienprojekte_BPR/8450/

Vielen Dank im Voraus!",BlubBlubBlau,/r/PolitikBRD/comments/1d1tlj0/bsw_umfrage/,https://www.reddit.com/r/PolitikBRD/comments/1d1tlj0/bsw_umfrage/,,5,0,t3_1d1tlj0,2024-05-27 15:04:18+00:00,pre
1d1y8nb,1716834245,Nico Semsrott: So KAPUTT ist die EU!,,agent007653,/r/PolitikBRD/comments/1d1y8nb/nico_semsrott_so_kaputt_ist_die_eu/,https://youtu.be/MAfiPMiEXj4?si=C0OFgsxuEsR0Jz6b,,6,0,t3_1d1y8nb,2024-05-27 18:24:05+00:00,pre
1d1yikl,1716834961,NAZISONG: DAS DROHT DER SYLTER PARTYGRUPPE ,,agent007653,/r/PolitikBRD/comments/1d1yikl/nazisong_das_droht_der_sylter_partygruppe/,https://i.redd.it/f7levs4nj03d1.jpeg,,34,4,t3_1d1yikl,2024-05-27 18:36:01+00:00,pre
1d1yldr,1716835165,Drei Tage in Deutschland : Macron beginnt Staatsbesuch ,,agent007653,/r/PolitikBRD/comments/1d1yldr/drei_tage_in_deutschland_macron_beginnt/,https://www.reddit.com/gallery/1d1yldr,,24,2,t3_1d1yldr,2024-05-27 18:39:25+00:00,pre
1d22c8l,1716844024,Katarina Barley hat gerade Julia Klöckner und ihre neue rechtsextreme Busenfreundin Meloni eingesargt. Herrlich. #hartaberfair (@djpr) ,,agent007653,/r/PolitikBRD/comments/1d22c8l/katarina_barley_hat_gerade_julia_klöckner_und/,https://v.redd.it/u19dz8ola13d1,,73,8,t3_1d22c8l,2024-05-27 21:07:04+00:00,pre
1d22fig,1716844262,Frau  @MAStrackZi ist unerträglich. #hartaberfair (@NurderK) ,,agent007653,/r/PolitikBRD/comments/1d22fig/frau_mastrackzi_ist_unerträglich_hartaberfair/,https://v.redd.it/dbh8bjpbb13d1,,18,19,t3_1d22fig,2024-05-27 21:11:02+00:00,pre
1d2wym3,1716936406,Deine Stimme zählt ,,agent007653,/r/PolitikBRD/comments/1d2wym3/deine_stimme_zählt/,https://i.redd.it/3fj2l9dax83d1.jpeg,,142,11,t3_1d2wym3,2024-05-28 22:46:46+00:00,pre
1d2x1fx,1716936626,"Bei Veranstaltungen der Postfaschistin Meloni wird immer wieder der Hitlergruß gezeigt. Meloni selbst machte einen glühenden Mussolini-Verehrer zum Senatspräsidenten.

Und Ursula von der Leyen (CDU) oder 
@ManfredWeber
? Wollen mit ihr zusammenarbeiten.

Das ist brandgefährlich! (@ChristophBautz) ",,agent007653,/r/PolitikBRD/comments/1d2x1fx/bei_veranstaltungen_der_postfaschistin_meloni/,https://v.redd.it/701r4adzx83d1,,25,3,t3_1d2x1fx,2024-05-28 22:50:26+00:00,pre
1d2x3jv,1716936783,"Was Julia Glöckner hier sagt, ist im Grunde: 
„Wenn die anderen demokratischen Parteien unseren Forderungen nicht zustimmen, müssen wir uns dafür eben eine Mehrheit zusammen mit Rechtsextremisten und Faschisten suchen.“
Das Demokratieverständnis von Julia Klöckner in 30 Sekunden zusammengefasst. ⬇️",,agent007653,/r/PolitikBRD/comments/1d2x3jv/was_julia_glöckner_hier_sagt_ist_im_grunde_wenn/,https://v.redd.it/21b6dubfy83d1,,57,6,t3_1d2x3jv,2024-05-28 22:53:03+00:00,pre
1d3dkz4,1716992976,"„Es hat Ursachen, warum sich Leute von der herrschenden Politik abwenden. Und das ist meine größte Kritik an den anderen Kolleg*innen: Sie gehen nicht auf die Ursachen des Rechtsruckes ein. Wir vernachlässigen bewusst oder unbewusst die ökologischen & sozialen Probleme, die der Nährboden .. ⬇️",,agent007653,/r/PolitikBRD/comments/1d3dkz4/es_hat_ursachen_warum_sich_leute_von_der/,https://v.redd.it/s3jcbmvkld3d1,,65,28,t3_1d3dkz4,2024-05-29 14:29:36+00:00,pre
1d3dqzd,1716993423,"Der #MicDrop des Abends geht an 
@louisklamroth. #hartaberfair (@NurderK) ",,agent007653,/r/PolitikBRD/comments/1d3dqzd/der_micdrop_des_abends_geht_an_louisklamroth/,https://v.redd.it/zzi2vt4wmd3d1,,10,1,t3_1d3dqzd,2024-05-29 14:37:03+00:00,pre
1d3ds7n,1716993515,"Das, was Toni Hofreiter sagt. 💯 

„Putin gegenüber zu sagen: 'Du kannst beliebig eskalieren. Du kannst Zivilisten töten und am Ende keinen Preis dafür zahlen', ist schlichtweg eine Eskalation. Die beiden Herren da, die sagen, Putin könne straflos eskalieren, verlängern ... ⬇️ ",,agent007653,/r/PolitikBRD/comments/1d3ds7n/das_was_toni_hofreiter_sagt_putin_gegenüber_zu/,https://v.redd.it/v03ltm06nd3d1,,29,14,t3_1d3ds7n,2024-05-29 14:38:35+00:00,pre
1d3k73p,1717009858,Kann man irgendwo die These. Zu dem Wahlomat Fragen nachlesen?,"Zum Beispiel zur Frage mit den Eu Steuern. Würde mir gerne dazu eine eigene Meinung bilden weil ich mich damit nicht richtig auskenne. Klar kann man die einzelnen Parteithesen nachlesen aber oft sind diese eher wage.

Gibts YouTube Videos oder beiträge die auf die einzelnen Thesen eingehen?",Abilando,/r/PolitikBRD/comments/1d3k73p/kann_man_irgendwo_die_these_zu_dem_wahlomat/,https://www.reddit.com/r/PolitikBRD/comments/1d3k73p/kann_man_irgendwo_die_these_zu_dem_wahlomat/,,1,0,t3_1d3k73p,2024-05-29 19:10:58+00:00,pre
1d3linr,1717013326,So langsam sollte es allen mal dämmern ...,,agent007653,/r/PolitikBRD/comments/1d3linr/so_langsam_sollte_es_allen_mal_dämmern/,https://i.redd.it/as4ahf75af3d1.jpeg,,79,5,t3_1d3linr,2024-05-29 20:08:46+00:00,pre
1d3oeu0,1717021267,"„Beim Vermögenszuwachs in Deutschland 2020-2021 fielen 81% auf das vermögendste 1%. Superreiche weisen im Vergleich zu anderen Einkommensgruppen prozentual die höchste Steuerhinterziehung auf & werden daher unterdurchschnittlich oft entdeckt => 100 Mrd Euro/Jahr“
@beyond_ideology ",,agent007653,/r/PolitikBRD/comments/1d3oeu0/beim_vermögenszuwachs_in_deutschland_20202021/,https://v.redd.it/zqak7rlnxf3d1,,32,3,t3_1d3oeu0,2024-05-29 22:21:07+00:00,pre
1d3olb9,1717021745,Goebbels hat wenigsten die rhetorische Frage nach dem totalen Krieg gestellt. Putin ordert ihn an (@CarloMasala1) ,,agent007653,/r/PolitikBRD/comments/1d3olb9/goebbels_hat_wenigsten_die_rhetorische_frage_nach/,https://v.redd.it/vkztji71zf3d1,,25,6,t3_1d3olb9,2024-05-29 22:29:05+00:00,pre
1d3ozv3,1717022837,"Was die Union mit dem #Verbrenner macht, ist längst keine Politik mehr, es ist Populismus in Reinform. Und nun fragt man sich, ob es noch ein Zufall ist, dass die französischen Rechtspopulisten unter Le Pen parallel eine solche Kampagne gestartet haben. Unfassbar. (@Luisamneubauer) ",,agent007653,/r/PolitikBRD/comments/1d3ozv3/was_die_union_mit_dem_verbrenner_macht_ist_längst/,https://v.redd.it/xfeds3nc2g3d1,,20,1,t3_1d3ozv3,2024-05-29 22:47:17+00:00,pre
1d3p0vo,1717022918,ich sterbe im cringe (@boomersammlung3) ,,agent007653,/r/PolitikBRD/comments/1d3p0vo/ich_sterbe_im_cringe_boomersammlung3/,https://v.redd.it/st3kbj6l2g3d1,,34,15,t3_1d3p0vo,2024-05-29 22:48:38+00:00,pre
1d3p1xu,1717023001,So siehts aus 👇 ,,agent007653,/r/PolitikBRD/comments/1d3p1xu/so_siehts_aus/,https://i.redd.it/qbarar2u2g3d1.png,,119,23,t3_1d3p1xu,2024-05-29 22:50:01+00:00,pre
1d3p34u,1717023092,"Hitlergruß & Mussolini-Verehrer: Sie treten bei Meloni-Veranstaltungen auf. 
Die 🇵🇱 PiS-Partei hat Polens Rechtsstaat zerlegt.
🇭🇺 Diktator Orbán will sich der EKR-Fraktion im EU-Parlament anschließen.
& die @vonderleyen_epp (CDU) mit dieser Fraktion zusammenarbeiten?!
#Lanz (@ChristophBautz) ",,agent007653,/r/PolitikBRD/comments/1d3p34u/hitlergruß_mussoliniverehrer_sie_treten_bei/,https://v.redd.it/30xxpnf33g3d1,,9,1,t3_1d3p34u,2024-05-29 22:51:32+00:00,pre
1d3p5ai,1717023258,"""Ich wart schon, dass sie meinen Tweet einblenden mit den Klugscheissern und den Besserwissern (...) ich hab extra noch was geliefert für die Sendung"" sagt 
@MartinHuberCSU
 bei #Lanz . Also ein Stöckchen für Talkshows, über das viele hier gesprungen sind. Oder, IMHO: Poplulismus. (@Golemiker) ",,agent007653,/r/PolitikBRD/comments/1d3p5ai/ich_wart_schon_dass_sie_meinen_tweet_einblenden/,https://v.redd.it/dbfk3u4l3g3d1,,4,1,t3_1d3p5ai,2024-05-29 22:54:18+00:00,pre
1d40mq3,1717064127,Chancen erkennen,,c-h-b,/r/PolitikBRD/comments/1d40mq3/chancen_erkennen/,https://i.redd.it/r118pdw7hj3d1.jpeg,,1,0,t3_1d40mq3,2024-05-30 10:15:27+00:00,pre
1d42tgd,1717071998,Kann bitte jemand den Ton von Stromberg unter diesen Clip legen?,,Amadeus-12,/r/PolitikBRD/comments/1d42tgd/kann_bitte_jemand_den_ton_von_stromberg_unter/,https://v.redd.it/i4yf817l4k3d1,,8,1,t3_1d42tgd,2024-05-30 12:26:38+00:00,pre
1d44dsq,1717076644,Deutschland muss sein Verhältnis zu Israel ändern,Moshe Zuckermann mit einem unfassbar gut formulierten Beitrag für Dlf.,belowrd39,/r/PolitikBRD/comments/1d44dsq/deutschland_muss_sein_verhältnis_zu_israel_ändern/,https://www.deutschlandfunkkultur.de/moshe-zuckermann-kommentar-israel-deutschland-100.html,,1,0,t3_1d44dsq,2024-05-30 13:44:04+00:00,pre
1d46lqu,1717082533,Wahlmaterial aus dem Nachbarland.,"Bin doppelter Staatsbürger und habe gestern haufenweise französische Broschüren/Programme zur anstehenden Europawahl bekommen.Werd zwar nur als deutscher Staatsbürger wählen, aber trotzdem ganz interessant.",Royalbluegooner,/r/PolitikBRD/comments/1d46lqu/wahlmaterial_aus_dem_nachbarland/,https://i.redd.it/uptxt1zxzk3d1.jpeg,,1,0,t3_1d46lqu,2024-05-30 15:22:13+00:00,pre
1d4749u,1717083866,EU-Wahl 2024: Wahlprogramme der KLEINPARTEIEN erklärt!,,agent007653,/r/PolitikBRD/comments/1d4749u/euwahl_2024_wahlprogramme_der_kleinparteien/,https://youtu.be/NKJIA-1HpEY?si=8UAK49IORKdU3Uzu,,3,0,t3_1d4749u,2024-05-30 15:44:26+00:00,pre
1d4dsap,1717101269,RENTEN-APOKALYPSE ,,agent007653,/r/PolitikBRD/comments/1d4dsap/rentenapokalypse/,https://v.redd.it/tkhyws6jjm3d1,,20,2,t3_1d4dsap,2024-05-30 20:34:29+00:00,pre
1d4dtld,1717101362,BIN ICH FEMINIST*IN ? ,,agent007653,/r/PolitikBRD/comments/1d4dtld/bin_ich_feministin/,https://v.redd.it/kt2s4xlujm3d1,,17,1,t3_1d4dtld,2024-05-30 20:36:02+00:00,pre
1d4dv3i,1717101467,"EXTREMISMUS : Darum ist es wichtig, sich über das Sylt-Video aufzuregen",,agent007653,/r/PolitikBRD/comments/1d4dv3i/extremismus_darum_ist_es_wichtig_sich_über_das/,https://www.reddit.com/gallery/1d4dv3i,,29,3,t3_1d4dv3i,2024-05-30 20:37:47+00:00,pre
1d4dwzf,1717101595,NICHT NUR SYLT ,,agent007653,/r/PolitikBRD/comments/1d4dwzf/nicht_nur_sylt/,https://i.redd.it/a9hm9h4jkm3d1.jpeg,,61,7,t3_1d4dwzf,2024-05-30 20:39:55+00:00,pre
1d4e0y4,1717101872,"""Pass gut auf deine Familie auf, wir kriegen sie - der bewaffnete Kampf hat begonnen - gez. AAF""  (analog RAF). So wurde Hans-Olaf Henkel, früheres AfD-Mitglied, von seiner Partei bedroht. Das war 2015, die Radikaliserung läuft also schon lange. #maischberger (@Golemiker) ",,agent007653,/r/PolitikBRD/comments/1d4e0y4/pass_gut_auf_deine_familie_auf_wir_kriegen_sie/,https://v.redd.it/jwikzvvclm3d1,,29,5,t3_1d4e0y4,2024-05-30 20:44:32+00:00,pre
1d4e2jl,1717101987,Spiegel TV hat den Mitschnitt des Interviews mit Maximilian Krah veröffentlicht. Das Original ist noch viel schlimmer: In die Waffen-SS verirrten sich nur „Bauern“ und „Soldaten“. Von den 910.000 SS-Mitgliedern verwechselten die meisten einfach morgens beim Anziehen die Uniform! (@politicalbeauty)  ,,agent007653,/r/PolitikBRD/comments/1d4e2jl/spiegel_tv_hat_den_mitschnitt_des_interviews_mit/,https://v.redd.it/3609qj0nlm3d1,,52,31,t3_1d4e2jl,2024-05-30 20:46:27+00:00,pre
1d4e3ii,1717102058,"„Aber vor allen Dingen ist das Dienstwagenprivileg eine Bevorteilung für Privilegierte. Und wir wissen aus der Studie, dass vom Dienstwagenprivileg Menschen profitieren – Männer profitieren, die es eigentlich gar nicht bräuchten, weil es tatsächlich das obere Management ist“
@CKemfert ",,agent007653,/r/PolitikBRD/comments/1d4e3ii/aber_vor_allen_dingen_ist_das_dienstwagenprivileg/,https://v.redd.it/u8hv3yaylm3d1,,15,1,t3_1d4e3ii,2024-05-30 20:47:38+00:00,pre
1d4e7mu,1717102350,"100 Klimastreiks morgen in ganz Deutschland & in 12 weiteren EU-Ländern. Klima & Demokratie brauchen uns mehr denn je - und wir wissen zusätzlich, dass Proteste vor Wahlen die Wahlbeteiligung steigern. Also los geht’s, bis morgen, überall. #Europawahl #Klimastreik (@Luisamneubauer) ",,agent007653,/r/PolitikBRD/comments/1d4e7mu/100_klimastreiks_morgen_in_ganz_deutschland_in_12/,https://v.redd.it/fi1adyssmm3d1,,27,2,t3_1d4e7mu,2024-05-30 20:52:30+00:00,pre
1d4sscs,1717152868,Terroranschlag auf Islamkritiker. ,,Electric_Shaver,/r/PolitikBRD/comments/1d4sscs/terroranschlag_auf_islamkritiker/,https://x.com/KKermansha45390/status/1796480161963200766,,0,0,t3_1d4sscs,2024-05-31 10:54:28+00:00,pre
1d4ucf8,1717158275,Umfrage Politik und Empfehlungssysteme für Nachrichten,[removed],2isbttrthan1,/r/PolitikBRD/comments/1d4ucf8/umfrage_politik_und_empfehlungssysteme_für/,https://www.reddit.com/r/PolitikBRD/comments/1d4ucf8/umfrage_politik_und_empfehlungssysteme_für/,,1,0,t3_1d4ucf8,2024-05-31 12:24:35+00:00,pre
1d5119p,1717176164,Sehr zufrieden mit meinem Ergebnis,,Final_Track_6123,/r/PolitikBRD/comments/1d5119p/sehr_zufrieden_mit_meinem_ergebnis/,https://i.redd.it/i6328j2dqs3d1.jpeg,,20,15,t3_1d5119p,2024-05-31 17:22:44+00:00,pre
1d5kgp6,1717239608,statement,,k0mmdraufklar,/r/PolitikBRD/comments/1d5kgp6/statement/,https://i.redd.it/3t0odac0zx3d1.jpeg,,18,87,t3_1d5kgp6,2024-06-01 11:00:08+00:00,pre
1d5l0si,1717241787,"eine lose Sammlung von gefährlichen linksradikalen institutionen und akteuren, die deutsche schuldenbremse in ihrer jetzigen form für unsinn halten",,hagr,/r/PolitikBRD/comments/1d5l0si/eine_lose_sammlung_von_gefährlichen/,https://threadreaderapp.com/thread/1796061819804516519.html,,1,0,t3_1d5l0si,2024-06-01 11:36:27+00:00,pre
1d5ll0b,1717243805,"Weil es alles so absurd ist, hier noch mal eine lose Sammlung von gefährlichen linksradikalen Institutionen und Akteuren, die deutsche Schuldenbremse in ihrer jetzigen Form für Unsinn halten",,hagr,/r/PolitikBRD/comments/1d5ll0b/weil_es_alles_so_absurd_ist_hier_noch_mal_eine/,https://x.com/bertpsch/status/1796061819804516519,,0,1,t3_1d5ll0b,2024-06-01 12:10:05+00:00,pre
1d5n5vs,1717249031,Abstimmungsverhalten der AfD im Bundestag,"Ich habe mich mal hingesetzt und mir die letzten Abstimmungen der AfD der vergangenen Monate im Bundestag angeschaut. Dabei hab ich mich speziell auf Themen fokussiert, mit denen die AfD ja offensichtlich in ihrem Wahlprogramm wirbt. Dennoch gibt es immer wieder Fälle, in denen die AfD im Bundestag gegen Initiativen oder Gesetzesvorschläge stimmt, die mit diesen Positionen übereinstimmen. Warum stimmt die AfD also im Bundestag häufig gegen Gesetzesvorlagen oder Initiativen, die ihren eigenen programmatischen Zielen entsprechen? 


Unter anderem geht es mir um diese Abstimmungen:

- https://www.bundestag.de/parlament/plenum/abstimmung/abstimmung?id=873

- https://www.bundestag.de/parlament/plenum/abstimmung/abstimmung?id=850

- https://www.bundestag.de/parlament/plenum/abstimmung/abstimmung?id=845

- https://www.bundestag.de/parlament/plenum/abstimmung/abstimmung?id=891

- https://www.bundestag.de/parlament/plenum/abstimmung/abstimmung?id=855

- https://www.bundestag.de/parlament/plenum/abstimmung/abstimmung?id=852

- https://www.bundestag.de/parlament/plenum/abstimmung/abstimmung?id=829
",aurxrastars,/r/PolitikBRD/comments/1d5n5vs/abstimmungsverhalten_der_afd_im_bundestag/,https://www.reddit.com/r/PolitikBRD/comments/1d5n5vs/abstimmungsverhalten_der_afd_im_bundestag/,,6,3,t3_1d5n5vs,2024-06-01 13:37:11+00:00,pre
1d5wdkj,1717274592,Bin selber erschrocken (ich schwöre habe nichts gegen Ausländer) ,,Goof_Lord,/r/PolitikBRD/comments/1d5wdkj/bin_selber_erschrocken_ich_schwöre_habe_nichts/,https://i.redd.it/012mmrg1v04d1.jpeg,,1,0,t3_1d5wdkj,2024-06-01 20:43:12+00:00,pre
1d5wk21,1717275112,"So oder so ähnlich letzte Woche in vielen Firmen ...
Happy Pride Month! 🌈",,agent007653,/r/PolitikBRD/comments/1d5wk21/so_oder_so_ähnlich_letzte_woche_in_vielen_firmen/,https://i.redd.it/u0c2g68kw04d1.jpeg,,31,1,t3_1d5wk21,2024-06-01 20:51:52+00:00,pre
1d5wn2s,1717275357,Degrowth- Können wir die Wirtschaft schrumpfen ? ,,agent007653,/r/PolitikBRD/comments/1d5wn2s/degrowth_können_wir_die_wirtschaft_schrumpfen/,https://www.reddit.com/gallery/1d5wn2s,,34,44,t3_1d5wn2s,2024-06-01 20:55:57+00:00,pre
1d5wtac,1717275831,Die gefühlten Deutschland-Charts zur Zeit ...,,agent007653,/r/PolitikBRD/comments/1d5wtac/die_gefühlten_deutschlandcharts_zur_zeit/,https://i.redd.it/94m2ieojy04d1.jpeg,,38,3,t3_1d5wtac,2024-06-01 21:03:51+00:00,pre
1d5x78e,1717276925,"Wollt Ihr mal wissen, was ein Europaabgeordneter oder eine Europaabgeordnete so in 5 Jahren verdient ? 
@nicosemsrott sagt es Euch : ",,agent007653,/r/PolitikBRD/comments/1d5x78e/wollt_ihr_mal_wissen_was_ein_europaabgeordneter/,https://v.redd.it/63akt1nu114d1,,43,4,t3_1d5x78e,2024-06-01 21:22:05+00:00,pre
1d5xavg,1717277209,"„@_FriedrichMerz
! Die Union ist verantwortlich für die schwerste Wirtschaftskrise seit Jahrzehnten! Stellen Sie sich dieser Verantwortung! […] Die Union ist energiepolitisch eine Geisterfahrerpartei. Sie darf nicht wieder Verantwortung übernehmen!“
Robert Habeck ",,agent007653,/r/PolitikBRD/comments/1d5xavg/friedrichmerz_die_union_ist_verantwortlich_für/,https://v.redd.it/iwpnveqp214d1,,71,5,t3_1d5xavg,2024-06-01 21:26:49+00:00,pre
1d6judc,1717352989,"„Die Kommission muss sich gar keiner Wahl stellen! Selbst @vonderleyen tritt ja nicht mal an auf dem Wahlzettel an. Also das ist ja absurd! Sie kandidiert nicht mal für das EU-Parlament, will aber dann die Chefin für weitere 5 Jahre sein. Das ist megaproblematisch!“
@nicosemsrott ",,agent007653,/r/PolitikBRD/comments/1d6judc/die_kommission_muss_sich_gar_keiner_wahl_stellen/,https://v.redd.it/8f6rz11wb74d1,,46,11,t3_1d6judc,2024-06-02 18:29:49+00:00,pre
1d6jwlp,1717353146,"Das was @beyond_ideology sagt. Die Natur folgt physikalischen Gesetzen, ihr könnt es leugnen wie ihr möchtet, spätestens eure Kinder werden das volle Ausmaß der Klimakrise spüren.

Höhere Temperaturen -> mehr Verdunstung -> mehr Regen -> häufiger #Starkregen & #Hochwasser (@getSyntax) ",,agent007653,/r/PolitikBRD/comments/1d6jwlp/das_was_beyond_ideology_sagt_die_natur_folgt/,https://v.redd.it/pwsbyn5gc74d1,,74,3,t3_1d6jwlp,2024-06-02 18:32:26+00:00,pre
1d6jyid,1717353281,"„Kinder haben in dieser Regierung keine Lobby!“
@HeidiReichinnek
 #Kindertag ",,agent007653,/r/PolitikBRD/comments/1d6jyid/kinder_haben_in_dieser_regierung_keine_lobby/,https://v.redd.it/yom1q1lyc74d1,,52,2,t3_1d6jyid,2024-06-02 18:34:41+00:00,pre
1d6jzub,1717353375,"„Gesundheit beginnt mit der Luft, die wir atmen, mit dem Wasser, das wir trinken können. Mit Pflanzen, die wir essen können. Mit erträglichen Temperaturen und einem friedlichen Miteinander. Alle 5 Grundbedingungen sind akut in Gefahr, und nichts davon regelt der Markt.“
Eckart von Hirschhausen ",,agent007653,/r/PolitikBRD/comments/1d6jzub/gesundheit_beginnt_mit_der_luft_die_wir_atmen_mit/,https://v.redd.it/c5jgewn8d74d1,,28,2,t3_1d6jzub,2024-06-02 18:36:15+00:00,pre
1d6k28w,1717353551,"Wo sind sie? Die Heimat-Schützer, die Wohlstandsverteidiger, die „Mehr Sicherheit“-Fraktion? Wo sind sie, wenn all das bedroht wird? #Hochwasser (@Luisamneubauer) ",,agent007653,/r/PolitikBRD/comments/1d6k28w/wo_sind_sie_die_heimatschützer_die/,https://v.redd.it/q823qjvpd74d1,,137,25,t3_1d6k28w,2024-06-02 18:39:11+00:00,pre
1d6mt9a,1717360776,Programm zur Bekämpfung von Rassismus und Diskriminierung in Sachsen,"**Titel:** Sachsen für Vielfalt und Toleranz

**Ziel:** Förderung eines inklusiven und respektvollen Miteinanders durch Bildung, Aufklärung und Gemeinschaftsprojekte.

#### 1. Bildung und Aufklärung

**a. Schulprogramme**
- **Integrationsunterricht:** Einführung eines Pflichtfachs „Interkulturelle Kompetenz“ an Schulen.
- **Lehrerschulungen:** Regelmäßige Fortbildungen für Lehrkräfte zu Themen wie Rassismus, Diskriminierung und kulturelle Sensibilität.
- **Workshops:** Durchführung von Workshops und Projekttagen zu den Themen Toleranz und Vielfalt in allen Schulen.

**b. Öffentlichkeitsarbeit**
- **Kampagnen:** Start von landesweiten Aufklärungskampagnen gegen Rassismus und Diskriminierung.
- **Medienkooperationen:** Zusammenarbeit mit lokalen Medien, um positive Geschichten und Beispiele gelungener Integration zu verbreiten.

#### 2. Gemeinschaftsprojekte

**a. Austauschprogramme**
- **Schüler- und Jugendaustausch:** Förderung von Austauschprogrammen mit afrikanischen Ländern und anderen Kulturen.
- **Städtepartnerschaften:** Aufbau und Pflege von Partnerschaften zwischen sächsischen Städten und Städten in anderen Ländern zur Förderung des interkulturellen Dialogs.

**b. Lokale Initiativen**
- **Bürgerprojekte:** Unterstützung von Bürgerinitiativen und Vereinen, die sich für Integration und Toleranz einsetzen.
- **Gemeindetreffen:** Organisation von regelmäßigen Treffen und Festen, die den interkulturellen Austausch fördern.

#### 3. Gesetzgebung und Strafverfolgung

**a. Stärkere Durchsetzung von Anti-Diskriminierungsgesetzen**
- **Beratungsstellen:** Einrichtung und Förderung von Beratungsstellen für Opfer von Rassismus und Diskriminierung.
- **Meldeplattformen:** Schaffung einfacher und anonymer Meldeplattformen für rassistische Vorfälle.

**b. Sensibilisierung der Strafverfolgung**
- **Polizeischulungen:** Regelmäßige Schulungen für Polizeibeamte zur Sensibilisierung gegenüber rassistischen und diskriminierenden Verhaltensweisen.
- **Opferschutz:** Verbesserung des Schutzes und der Unterstützung für Opfer von Hasskriminalität.

#### 4. Wirtschaftliche Maßnahmen

**a. Integration in den Arbeitsmarkt**
- **Beschäftigungsprogramme:** Förderung von Beschäftigungs- und Ausbildungsprogrammen für Migranten und Geflüchtete.
- **Unternehmensanreize:** Anreize für Unternehmen schaffen, Diversitäts- und Integrationsprogramme umzusetzen.

**b. Fördermittel**
- **Projektfinanzierung:** Bereitstellung von Fördermitteln für Projekte, die sich aktiv gegen Rassismus und Diskriminierung einsetzen.

**Evaluierung und Anpassung**
- **Regelmäßige Evaluation:** Jährliche Überprüfung und Anpassung des Programms basierend auf Rückmeldungen und Ergebnissen.

Dieses Programm zielt darauf ab, Rassismus und Diskriminierung in Sachsen nachhaltig zu bekämpfen und ein inklusives, respektvolles Miteinander zu fördern.",Lumpy-Web-907,/r/PolitikBRD/comments/1d6mt9a/programm_zur_bekämpfung_von_rassismus_und/,https://www.reddit.com/r/PolitikBRD/comments/1d6mt9a/programm_zur_bekämpfung_von_rassismus_und/,,9,2,t3_1d6mt9a,2024-06-02 20:39:36+00:00,pre
1d7bc00,1717438624,Tja...,,asseatstonk,/r/PolitikBRD/comments/1d7bc00/tja/,https://i.redd.it/l9tyvmdsee4d1.jpeg,,37,2,t3_1d7bc00,2024-06-03 18:17:04+00:00,pre
1d7f4dg,1717447612,"„Damit konnte keiner rechnen“, meint Söder. 

Kommen sich die Leute, die den gewählt haben nicht langsam ein bisschen verarscht vor ? (@djpr) ",,agent007653,/r/PolitikBRD/comments/1d7f4dg/damit_konnte_keiner_rechnen_meint_söder_kommen/,https://v.redd.it/z9x2a3x65f4d1,,70,5,t3_1d7f4dg,2024-06-03 20:46:52+00:00,pre
1d7fbva,1717448125,"„So einen warmen Frühling gab es noch nie! 10,9 Grad Durchschnittstemperatur. Der lag damit 2 Grad über dem langjährigen Mittel. Bei so viel Wärme kann so viel Wasser gespeichert werden, und das ist eine Folge des Klimawandels.“
Claudia Kleinert",,agent007653,/r/PolitikBRD/comments/1d7fbva/so_einen_warmen_frühling_gab_es_noch_nie_109_grad/,https://v.redd.it/df19vfu07f4d1,,21,1,t3_1d7fbva,2024-06-03 20:55:25+00:00,pre
1d7fcwd,1717448196,"Der Moment, wenn die Stimme versagt - bei einem Menschen, der sein ganzes Leben lang hart gearbeitet hat und jetzt beim Hochwasser alles zu verlieren droht. Es braucht jetzt einen Zusammenschluss fürs Klima. (@Peter_Jelinek) ",,agent007653,/r/PolitikBRD/comments/1d7fcwd/der_moment_wenn_die_stimme_versagt_bei_einem/,https://v.redd.it/46xkezc67f4d1,,28,3,t3_1d7fcwd,2024-06-03 20:56:36+00:00,pre
1d7fdrt,1717448259,volt hat die stabilsten kandidaten ,,alanathehoodwatcher,/r/PolitikBRD/comments/1d7fdrt/volt_hat_die_stabilsten_kandidaten/,https://www.reddit.com/gallery/1d7fdrt,,1,0,t3_1d7fdrt,2024-06-03 20:57:39+00:00,pre
1d7fftj,1717448404,"„@Markus_Soeder hat sehr sehr viele politische Talente. Ein Land zusammenzuführen, ist es nicht.“ @Ricarda_Lang bei #Miosga ",,agent007653,/r/PolitikBRD/comments/1d7fftj/markus_soeder_hat_sehr_sehr_viele_politische/,https://v.redd.it/4pejq4fs7f4d1,,19,2,t3_1d7fftj,2024-06-03 21:00:04+00:00,pre
1d7fhhy,1717448502,"„Wir spielen eine EM für jeden im Land. Ich hoffe nie wieder etwas von so einer Scheiß-Umfrage zu lesen.“
@J__Nagelsmann (@DFB_Team) ",,agent007653,/r/PolitikBRD/comments/1d7fhhy/wir_spielen_eine_em_für_jeden_im_land_ich_hoffe/,https://v.redd.it/5ywnnjw28f4d1,,49,6,t3_1d7fhhy,2024-06-03 21:01:42+00:00,pre
1d7fjnc,1717448649,"Armin Laschet hat bei Caren Miosga gerade behauptet, dass wir nicht von russischem Gas abhängig waren. Ja, so hab ich auch geguckt. 

@Ricarda_Lang
 hat ihm erklärt, dass das Unsinn ist. Ich hoffe, dass er es verstanden hat. (@djpr) ",,agent007653,/r/PolitikBRD/comments/1d7fjnc/armin_laschet_hat_bei_caren_miosga_gerade/,https://v.redd.it/k47npxpi8f4d1,,41,5,t3_1d7fjnc,2024-06-03 21:04:09+00:00,pre
1d89c71,1717538058,MÄNNER AN DIE MACHT ? ,,agent007653,/r/PolitikBRD/comments/1d89c71/männer_an_die_macht/,https://www.reddit.com/gallery/1d89c71,,18,1,t3_1d89c71,2024-06-04 21:54:18+00:00,pre
1d89esn,1717538240,FEMINISMUS IST GUT FÜR MÄNNER,,agent007653,/r/PolitikBRD/comments/1d89esn/feminismus_ist_gut_für_männer/,https://v.redd.it/q9hxe9wumm4d1,,34,14,t3_1d89esn,2024-06-04 21:57:20+00:00,pre
1d89g3y,1717538329,"Wenn du feststellst, dass dein Genderverbot nicht gegen Hochwasser hilft :",,agent007653,/r/PolitikBRD/comments/1d89g3y/wenn_du_feststellst_dass_dein_genderverbot_nicht/,https://i.redd.it/lae2lgi6nm4d1.jpeg,,151,9,t3_1d89g3y,2024-06-04 21:58:49+00:00,pre
1d89ibw,1717538472,#MeToo im EU-Parlement: Politikerinnen und Politiker von CDU bis zu den Grünen sind involviert,,agent007653,/r/PolitikBRD/comments/1d89ibw/metoo_im_euparlement_politikerinnen_und_politiker/,https://www.reddit.com/gallery/1d89ibw,,40,3,t3_1d89ibw,2024-06-04 22:01:12+00:00,pre
1d89u4i,1717539310,"DEUTSCHE POLITIK IST ABSURD ? 
NORDKOREA: HOLD MY BEER ",,agent007653,/r/PolitikBRD/comments/1d89u4i/deutsche_politik_ist_absurd_nordkorea_hold_my_beer/,https://www.reddit.com/gallery/1d89u4i,,27,8,t3_1d89u4i,2024-06-04 22:15:10+00:00,pre
1d8a0zr,1717539803,Dieser Iraker stellte sich dem Angreifer in #Mannheim ohne zu zögern entgegen und wurde selbst schwer verletzt. Und die armselige #AfD so: #Remigration! 🤮 (@djcooky78) ,,agent007653,/r/PolitikBRD/comments/1d8a0zr/dieser_iraker_stellte_sich_dem_angreifer_in/,https://v.redd.it/t1pzgg6krm4d1,,103,4,t3_1d8a0zr,2024-06-04 22:23:23+00:00,pre
1d8a24t,1717539886,"Das schlechte Gewissen von #Söder, während #Habeck den Klimawandel als Ursache für Starkregen und Hochwasser herausarbeitet, springt einem direkt ins Auge. (@IsarJesus) ",,agent007653,/r/PolitikBRD/comments/1d8a24t/das_schlechte_gewissen_von_söder_während_habeck/,https://v.redd.it/cy1agaztrm4d1,,131,11,t3_1d8a24t,2024-06-04 22:24:46+00:00,pre
1d8a36m,1717539962,"""Die Deutschlandflagge gehört Jonathan Tah und Musiala und Thomas Müller, und sie gehört nicht der AfD oder anderen Rechtsextremen"" sagt 
@larsklingbeil
 bei #hartaberfair. Und ich finde, er hat verdammt recht. (@Golemiker) ",,agent007653,/r/PolitikBRD/comments/1d8a36m/die_deutschlandflagge_gehört_jonathan_tah_und/,https://v.redd.it/0kfy1ht1sm4d1,,36,6,t3_1d8a36m,2024-06-04 22:26:02+00:00,pre
1d9qtjl,1717702388,Sozialistische Diktatur,"Ich habe das Gefühl das wir uns in eine Art Weimarer Republik 2.0 verwandeln. 

Die Regierung nutzt faschistische Methoden und das Volk wird verhetzt. Der Diskurs ist verschwunden und es gibt nur noch rechts bzw. Nazis oder eben „die guten“ Sozialisten die den Wohlstand umverteilen wollen, gleichzeitig aber die Wirtschaft ruinieren und durch unkontrollierte und unbegrenzte Migration auch einen Braindrain verursachen. Dazu kommt das wir das nicht arbeiten belohnen, was die massenhafte Einwanderung nach Deutschland zusätzlich fördert. Hier kann nicht von kultureller Bereicherung die Rede sein, sondern von Ausnutzung des Systems. Und wenn man darauf aufmerksam macht das durch die Einwanderung auch die Kriminalität nachweislich steigt wird alles geleugnet.
Das alles wird vom Mittelstand finanziert, der langsam abwandert. 

Die öffentlich rechtlichen manipulieren ganz offensichtlich ihre Beiträge zu Gunsten der Ampelregierung und ihrer Ideologie. 
Jeder der eine andere Ansicht hat als die „wahre“ die durch die Ör‘s kommuniziert wird, wird stigmatisiert und diffamiert. 
Gleichzeitig wird das Volk abgelenkt mit Themen wie Gender, Corona und Klimakrise, damit die Regierung hinterrücks Gesetze erlassen kann, die ihre Strategie (die ich noch nicht ganz verstanden habe) weiter stützen. Von der Aufarbeitung der Corona-Pandemie ganz zu schweigen.

In der Weimarer Republik kam es letztendlich dazu, das dass Volk das Vertrauen in die Regierung fast völlig verloren hat und für extremistische Botschaften sehr empfänglich war, wodurch die Nazis leichtes Spiel bei der Machtergreifung hatten. Wobei man auch meinen könnte das wir uns schon in der Phase befinden, in der die extremistische Kraft das Volk bereits für ihre Zwecke geebnet hat. 

Mir macht das alles ganz schön Angst und ich fühle mich teilweise richtig krass verarscht. Mit unserem Steuergeld werden die schwachsinnigsten Projekte auf der ganzen Welt subventioniert und unsere Rentner können sich nicht mal mehr ihr Essen, teilweise ihre Miete leisten und unsere Infrastruktur gleicht langsam einem Dritte Welt Land! (Internet , Verkehrswege etc.)

An de stelle möchte ich anmerken: es geht mir nicht um die Menschen, die betroffen sind. Also die die zu uns kommen noch die die hier sind. Es geht mir um das System!

Ich möchte gerne eure offene und ehrliche Meinung dazu hören, wie ihr das seht. 
Mir ist klar das ich mit diesem Post wahrscheinlich Gefahr laufe das ich ebenfalls als rechter, Nazi, Querdenker oder Schwurbler bezeichnet werde. Ich hoffe allerdings auf eine offene und faire Diskussion.",Forward-Philosophy59,/r/PolitikBRD/comments/1d9qtjl/sozialistische_diktatur/,https://www.reddit.com/r/PolitikBRD/comments/1d9qtjl/sozialistische_diktatur/,,0,54,t3_1d9qtjl,2024-06-06 19:33:08+00:00,pre
1da53qe,1717746133,So sind die Grünen ,[removed],xxrockh0undxx,/r/PolitikBRD/comments/1da53qe/so_sind_die_grünen/,https://www.reddit.com/r/PolitikBRD/comments/1da53qe/so_sind_die_grünen/,,1,0,t3_1da53qe,2024-06-07 07:42:13+00:00,pre
1da5tx6,1717749434,Politik in Deutschland,,Automatic-Cow-9753,/r/PolitikBRD/comments/1da5tx6/politik_in_deutschland/,https://i.redd.it/e7y91vjz245d1.jpeg,,1,0,t3_1da5tx6,2024-06-07 08:37:14+00:00,pre
1damxu2,1717797369,Wirtschaftsminister #Habeck über eine realitätstaugliche Wirtschaftspolitik bei Maybrit #Illner im Gespräch mit Friedrich Merz. ,,agent007653,/r/PolitikBRD/comments/1damxu2/wirtschaftsminister_habeck_über_eine/,https://v.redd.it/yk3iq0eh185d1,,73,29,t3_1damxu2,2024-06-07 21:56:09+00:00,pre
1dan0za,1717797603,"Das Bundesverwaltungsgericht (BVerwG) hat gerade einen sechsjährigen Rechtsstreit beendet und klargestellt: Kommunen müssen das illegale Gehwegparken ahnden, wenn zu wenig Platz für Fußgänger bleibt!🔥 (@NurderK) ",,agent007653,/r/PolitikBRD/comments/1dan0za/das_bundesverwaltungsgericht_bverwg_hat_gerade/,https://v.redd.it/gst0uuh4285d1,,42,4,t3_1dan0za,2024-06-07 22:00:03+00:00,pre
1dan478,1717797818,Vizekanzler #Habeck zu den wirtschaftspolitischen Träumereien von #Merz und der CDU/CSU: „Das sind reine Oppositionsberechnungen. Damit kommen Sie keinen Millimeter durch die Bundesregierung.” #illner (@IsarJesus) ,,agent007653,/r/PolitikBRD/comments/1dan478/vizekanzler_habeck_zu_den_wirtschaftspolitischen/,https://v.redd.it/cpkvw5sr285d1,,25,1,t3_1dan478,2024-06-07 22:03:38+00:00,pre
1dan5gn,1717797908,Robert Habeck filetiert  @_FriedrichMerz bei #illner! (@NurderK) ,,agent007653,/r/PolitikBRD/comments/1dan5gn/robert_habeck_filetiert_friedrichmerz_bei_illner/,https://v.redd.it/rnocpdn1385d1,,124,16,t3_1dan5gn,2024-06-07 22:05:08+00:00,pre
1danwoi,1717799910,Hier demaskiert @ChrisStoecker die @fdp und @jensspahn zum Thema Heizungsgesetz und Wasserstoff. (@NurderK) ,,agent007653,/r/PolitikBRD/comments/1danwoi/hier_demaskiert_chrisstoecker_die_fdp_und/,https://v.redd.it/697kyf1z885d1,,29,1,t3_1danwoi,2024-06-07 22:38:30+00:00,pre
1db3mz6,1717855304,"Welche Partei muss ich wählen, wenn ich möchte, dass Hanf, Alkohol und Zigaretten illegalisiert werden?",,Possible-Anything289,/r/PolitikBRD/comments/1db3mz6/welche_partei_muss_ich_wählen_wenn_ich_möchte/,https://www.reddit.com/r/PolitikBRD/comments/1db3mz6/welche_partei_muss_ich_wählen_wenn_ich_möchte/,,0,15,t3_1db3mz6,2024-06-08 14:01:44+00:00,pre
1dbdtfl,1717883643,"Man könnte meinen, @_FriedrichMerz hat das TV-Duell mit Robert Habeck verloren. 😉 (@NurderK) ",,agent007653,/r/PolitikBRD/comments/1dbdtfl/man_könnte_meinen_friedrichmerz_hat_das_tvduell/,https://v.redd.it/y62n2llx5f5d1,,51,17,t3_1dbdtfl,2024-06-08 21:54:03+00:00,pre
1dben57,1717885951,"EU-WAHL: LOHNT ES SICH,  KLEINE PARTEIEN ZU WÄHLEN ? ",,agent007653,/r/PolitikBRD/comments/1dben57/euwahl_lohnt_es_sich_kleine_parteien_zu_wählen/,https://i.redd.it/vg1ln8bucf5d1.jpeg,,24,7,t3_1dben57,2024-06-08 22:32:31+00:00,pre
1dbepas,1717886123,Kennt ihr alle europäischen Parteibündnisse ?,,agent007653,/r/PolitikBRD/comments/1dbepas/kennt_ihr_alle_europäischen_parteibündnisse/,https://www.reddit.com/gallery/1dbepas,,7,1,t3_1dbepas,2024-06-08 22:35:23+00:00,pre
1dber8g,1717886272,Europawahl : Das wollen die Parteien ,,agent007653,/r/PolitikBRD/comments/1dber8g/europawahl_das_wollen_die_parteien/,https://www.reddit.com/gallery/1dber8g,,36,18,t3_1dber8g,2024-06-08 22:37:52+00:00,pre
1dbetus,1717886476,"Alles das, was Frau @CKemfert und Harald Lesch über die Schuldenbremse, günstigen ÖPNV und @c_lindner sagen! (@NurderK) ",,agent007653,/r/PolitikBRD/comments/1dbetus/alles_das_was_frau_ckemfert_und_harald_lesch_über/,https://v.redd.it/0uzz6bobef5d1,,18,2,t3_1dbetus,2024-06-08 22:41:16+00:00,pre
1dbevv2,1717886636,"„Lobbyismus ist ein Euphemismus für Korruption, aber er macht satt. […] Auch, wenn die Prämisse wie ein flacher Gag wirkt, erfahre ich durch diese wenigen Besuche, die ich für dieses Video hinter mich bringe, sehr viel über die Verflechtung von Wirtschaft & Staat, die Zusammenarbeit von ⬇️",,agent007653,/r/PolitikBRD/comments/1dbevv2/lobbyismus_ist_ein_euphemismus_für_korruption/,https://v.redd.it/2rjxfq8sef5d1,,33,2,t3_1dbevv2,2024-06-08 22:43:56+00:00,pre
1dbezi6,1717886922,In der #Wahlarena ist Feuer unterm Dach!🔥(@NurderK) ,,agent007653,/r/PolitikBRD/comments/1dbezi6/in_der_wahlarena_ist_feuer_unterm_dachnurderk/,https://v.redd.it/1cgysdgoff5d1,,40,4,t3_1dbezi6,2024-06-08 22:48:42+00:00,pre
1dboe2c,1717919150,Wo stehen wir auf der politischen Landkarte?,"Die Merkelregierung hat glaube ich den Konsens eher nach rechts, bzw Mitte rechts getrieben, oder? Was würdet ihr sagen wo befinden wir uns heute? Die Ampelregierung ist ja schon eher Links gesinnt. Ich habe das Gefühl das wir uns dementsprechend auch schnell in diese politische Richtung bewegen. Seht ihr uns heute eher mittig, links oder noch rechts? Stimmt meine These was die Merkelregierung angeht? 
",Forward-Philosophy59,/r/PolitikBRD/comments/1dboe2c/wo_stehen_wir_auf_der_politischen_landkarte/,https://www.reddit.com/r/PolitikBRD/comments/1dboe2c/wo_stehen_wir_auf_der_politischen_landkarte/,,1,0,t3_1dboe2c,2024-06-09 07:45:50+00:00,pre
1dbzq0g,1717955672,Ich bin sauer und enttäuscht ,"Ich weiß nicht wohin mit meinen Gedanken, wie ist es möglich, dass 16% unserer Gesellschaft für eine Partei gestimmt haben, die offen menschenverachtend ist.

Ich bin einfach traurig, sauer und enttäuscht.
",summer_berlin,/r/PolitikBRD/comments/1dbzq0g/ich_bin_sauer_und_enttäuscht/,https://www.reddit.com/r/PolitikBRD/comments/1dbzq0g/ich_bin_sauer_und_enttäuscht/,,39,28,t3_1dbzq0g,2024-06-09 17:54:32+00:00,pre
1dc0zer,1717958865,.,,agent007653,/r/PolitikBRD/comments/1dc0zer/_/,https://i.redd.it/w10xhhujdl5d1.jpeg,,103,2,t3_1dc0zer,2024-06-09 18:47:45+00:00,pre
1dc13m5,1717959174,Wen wählten die 16- bis 24-Jährigen ,,agent007653,/r/PolitikBRD/comments/1dc13m5/wen_wählten_die_16_bis_24jährigen/,https://www.reddit.com/gallery/1dc13m5,,52,41,t3_1dc13m5,2024-06-09 18:52:54+00:00,pre
1dc162q,1717959350,Dexit ? Germover ? Kann Deutschland einfach so aus der EU* austreten ? ,,agent007653,/r/PolitikBRD/comments/1dc162q/dexit_germover_kann_deutschland_einfach_so_aus/,https://www.reddit.com/gallery/1dc162q,,14,2,t3_1dc162q,2024-06-09 18:55:50+00:00,pre
1dc17so,1717959477,Dieser erfundene Politiker sitzt im Bundestag,,agent007653,/r/PolitikBRD/comments/1dc17so/dieser_erfundene_politiker_sitzt_im_bundestag/,https://www.reddit.com/gallery/1dc17so,,11,1,t3_1dc17so,2024-06-09 18:57:57+00:00,pre
1dc45uj,1717966909,"„Faszinierende Erfahrung. Da stehen Bürgerinnen und gewählte Abgeordnete engagiert hinter einer idee, und dann entscheiden irgendwelche Beamt:innen, dass das so nicht geht. ⬇️",,agent007653,/r/PolitikBRD/comments/1dc45uj/faszinierende_erfahrung_da_stehen_bürgerinnen_und/,https://v.redd.it/qi7gjbyk1m5d1,,30,1,t3_1dc45uj,2024-06-09 21:01:49+00:00,pre
1dc48ea,1717967084,"„Ich bin kein Philosoph. Ich bin Wirtschafts- und Energieminister seit 10 Jahren. Wenn man schon glaubt, dass die Berufsausbildung das entscheidende Kriterium ist, dann kann ich nur sagen: Die letzte Bundeskanzlerin war Physikerin. Das sollte in der @CDU erinnert werden“
Robert Habeck",,agent007653,/r/PolitikBRD/comments/1dc48ea/ich_bin_kein_philosoph_ich_bin_wirtschafts_und/,https://v.redd.it/jy395wa42m5d1,,63,4,t3_1dc48ea,2024-06-09 21:04:44+00:00,pre
1dchu8j,1718013533,Kann mir das jemand erklären?,Was ist das für eine Sitzung? Haben nur die Afdler dagegen gestimmt oder alle Parteien? Welche Konsequenzen hat das? Und gibt es diese Sitzung immer? ,Free_Specialist2149,/r/PolitikBRD/comments/1dchu8j/kann_mir_das_jemand_erklären/,https://i.redd.it/g71lykeawp5d1.png,,1,0,t3_1dchu8j,2024-06-10 09:58:53+00:00,pre
1dcj9f1,1718019043,"Werden bei den Nichtwähler-Statistiken eigentlich die Bürger mit einberechnet, die wegen eines Umzugs nicht wählen durften?","Wenn man umzieht, ist es oft nicht möglich zu wählen, wenn der Wahlvorgang schon läuft. Ist zumindest meine Erfahrung. Und da fragt man sich eigentlich schon, wie viele Leute noch unter den Nichtwählern sind, die eigentlich wählen wollten, aber nicht durften.",Possible-Anything289,/r/PolitikBRD/comments/1dcj9f1/werden_bei_den_nichtwählerstatistiken_eigentlich/,https://www.reddit.com/r/PolitikBRD/comments/1dcj9f1/werden_bei_den_nichtwählerstatistiken_eigentlich/,,2,3,t3_1dcj9f1,2024-06-10 11:30:43+00:00,pre
1dcq8mp,1718038184,Hoffnung,,summer_berlin,/r/PolitikBRD/comments/1dcq8mp/hoffnung/,https://i.redd.it/h4m0li9lxr5d1.jpeg,,187,27,t3_1dcq8mp,2024-06-10 16:49:44+00:00,pre
1dcqevd,1718038611,EURO 2024- Gewinner : Die UEFA ,"Deutschland bereitet sich auf die EM vor - in 10 Städten werden die Spiele ausgetragen.
Während die UEFA mit Rekordeinnahmen in Milliardenhöhe rechnet, explodieren bei den Spielstätten die Kosten - zulasten der Steuerzahler:innen.
* Die Entscheidung über die Austragungsorte der
EM wurde in einem Bewerbungsverfahren 2017 entschieden - eng geknüpft an Vorlagen und Verträge der UEFA. Durch Anfragen der Plattform
„FragDenStaat"" stellt sich nun heraus: Der Dachverband des europäischen Fußballs (UEFA) stellte darin sehr hohe Anforderungen an die austragenden Städte.
So sollen keine Demonstrationen in der Nähe der Stadien stattfinden können und ausschließlich Werbung der EM-Sponsoren zu sehen sein. Ebenso verpflichten sich die Städte, sogenannte „Fan Zones"" bereitzustellen. Diese Fan-Zones machen einen Großteil der Gesamtausgaben der Städte aus. Die Städte müssen darüber hinaus eine „interne Organisationsstruktur"" aufbauen, um die UEFA und den DFB bei der Organisation zu unterstützen. Allein für Hamburg kostet das eine Million.
— Die UEFA verspricht sich von der EM einen Rekordgewinn von 1,7 Milliarden Euro. Die Kosten und das Risiko für die Ausrichtung der EM tragen jedoch die Städte. Fast 300 Millionen Euro kostet für sie die Austragung der EM. Mindestens 66 Millionen mehr als zunächst berechnet wurde. Die Städte erklären die erhöhten Ausgaben mit der Inflation, erhöhten Energiepreisen und der Größenordnung des Projekts.

Quelle : https://www.instagram.com/p/C7_aXTusm9y/?igsh=ZXh2NjN4MzhsMGZr

",agent007653,/r/PolitikBRD/comments/1dcqevd/euro_2024_gewinner_die_uefa/,https://www.reddit.com/gallery/1dcqevd,,19,2,t3_1dcqevd,2024-06-10 16:56:51+00:00,pre
1dcqwcx,1718039771,AFD - Analyse ,"Die Alternative für Deutschland (AfD) hat sich in den letzten Jahren zu einer der führenden politischen Kräfte in Deutschland entwickelt und belegt aktuell den zweiten Platz in der Wählergunst. Dies ist das Ergebnis einer Vielzahl von Faktoren, die sowohl politische, gesellschaftliche als auch wirtschaftliche Aspekte umfassen. Eine ausführliche Analyse ihrer Position lässt sich in mehreren Dimensionen darstellen:

### 1. Politische Faktoren

**1.1 Unzufriedenheit mit etablierten Parteien:**
Ein wesentlicher Grund für den Aufstieg der AfD ist die wachsende Unzufriedenheit mit den etablierten Parteien, insbesondere der CDU/CSU und der SPD. Viele Wähler fühlen sich von diesen Parteien nicht mehr repräsentiert und suchen nach Alternativen, die ihre Sorgen und Ängste besser ansprechen.

**1.2 Krisen und Polarisierung:**
Krisen wie die Flüchtlingskrise 2015 und die COVID-19-Pandemie haben zur Polarisierung der Gesellschaft beigetragen. Die AfD hat diese Krisen genutzt, um Ängste zu schüren und sich als Sprachrohr für die Menschen zu positionieren, die skeptisch gegenüber den Maßnahmen der Regierung sind.

**1.3 Nationale und populistische Rhetorik:**
Die AfD verwendet eine nationalistische und populistische Rhetorik, die bei vielen Wählern Anklang findet. Sie spricht Themen an, die von anderen Parteien oft vermieden werden, und positioniert sich gegen die sogenannte ""politische Korrektheit"", was ihr bei bestimmten Wählergruppen Zustimmung einbringt.

### 2. Gesellschaftliche Faktoren

**2.1 Migration und Integration:**
Die Themen Migration und Integration spielen eine zentrale Rolle in der politischen Agenda der AfD. Sie stellt sich klar gegen die Migrationspolitik der Bundesregierung und spricht damit vor allem Wähler an, die skeptisch gegenüber Zuwanderung und deren Folgen sind.

**2.2 Soziale Ungleichheit:**
Viele Menschen fühlen sich von der Politik im Stich gelassen und sehen in der AfD eine Partei, die ihre wirtschaftlichen und sozialen Sorgen ernst nimmt. Besonders in Ostdeutschland, wo die wirtschaftliche Lage häufig schwieriger ist, findet die AfD großen Zuspruch.

**2.3 Digitalisierung und Globalisierung:**
Die schnellen Veränderungen durch Digitalisierung und Globalisierung verunsichern viele Menschen. Die AfD greift diese Unsicherheiten auf und bietet einfache Lösungen an, die bei einer verunsicherten Bevölkerung auf fruchtbaren Boden fallen.

### 3. Wirtschaftliche Faktoren

**3.1 Wirtschaftliche Ängste:**
Die wirtschaftliche Lage, insbesondere die Sorge um Arbeitsplätze und soziale Absicherung, spielt eine wichtige Rolle. In Regionen mit hoher Arbeitslosigkeit oder strukturellen Problemen findet die AfD mehr Zustimmung, da sie sich als Vertreter der ""kleinen Leute"" positioniert.

**3.2 Euro- und EU-Kritik:**
Die AfD hat ihre Wurzeln in der Kritik an der Euro-Rettungspolitik und der Europäischen Union. Diese Themen sprechen vor allem jene Wähler an, die die wirtschaftlichen und politischen Entwicklungen in der EU kritisch sehen und nationale Lösungen bevorzugen.

### 4. Mediale und kommunikative Faktoren

**4.1 Soziale Medien und alternative Medien:**
Die AfD nutzt soziale Medien und alternative Medienplattformen sehr effektiv, um ihre Botschaften zu verbreiten und ihre Anhängerschaft zu mobilisieren. Dies ermöglicht ihr, direkt mit den Wählern zu kommunizieren und traditionelle Medien zu umgehen.

**4.2 Provokation und Tabubrüche:**
Durch gezielte Provokationen und Tabubrüche erhält die AfD mediale Aufmerksamkeit. Diese Strategie sorgt dafür, dass sie ständig im Gespräch bleibt und ihre Positionen verbreitet werden, auch wenn diese oft kontrovers sind.

### Fazit

Der Aufstieg der AfD zur zweitstärksten politischen Kraft in Deutschland ist das Ergebnis einer komplexen Kombination aus politischen, gesellschaftlichen, wirtschaftlichen und medialen Faktoren. Ihre Fähigkeit, die Sorgen und Ängste vieler Menschen anzusprechen, ihre geschickte Nutzung der Medien und ihre klare Positionierung gegen die etablierten Parteien haben ihr geholfen, eine bedeutende Rolle in der deutschen Politik einzunehmen. Langfristig bleibt abzuwarten, wie sich die politische Landschaft weiterentwickelt und ob die AfD ihre Position behaupten kann.",Lumpy-Web-907,/r/PolitikBRD/comments/1dcqwcx/afd_analyse/,https://www.reddit.com/r/PolitikBRD/comments/1dcqwcx/afd_analyse/,,1,0,t3_1dcqwcx,2024-06-10 17:16:11+00:00,pre
1dct0q5,1718044942,Woran hat es gelegen?🤔,,BlacknLightblue,/r/PolitikBRD/comments/1dct0q5/woran_hat_es_gelegen/,https://i.redd.it/91782onohs5d1.jpeg,,1,0,t3_1dct0q5,2024-06-10 18:42:22+00:00,pre
1dcwldw,1718053516,Was labert da @KubickiWo schon wieder?! (@NurderK) ,,agent007653,/r/PolitikBRD/comments/1dcwldw/was_labert_da_kubickiwo_schon_wieder_nurderk/,https://v.redd.it/yl8b3pn27t5d1,,27,6,t3_1dcwldw,2024-06-10 21:05:16+00:00,pre
1dcwmwi,1718053620,"Dieser lässige Konter lässt mich dermaßen grinsen, das könnte glatt als Antidepressivum durchgehen. 

Weidel: Sie haben mich und die Partei gerade als #Nazis bezeichnet ? 

Klingbeil: Ja.",,agent007653,/r/PolitikBRD/comments/1dcwmwi/dieser_lässige_konter_lässt_mich_dermaßen_grinsen/,https://v.redd.it/dyi4ni3g7t5d1,,115,33,t3_1dcwmwi,2024-06-10 21:07:00+00:00,pre
1dcwp6f,1718053778,Was  @PhilippTuermer bei #hartaberfair sagt! (@NurderK) ,,agent007653,/r/PolitikBRD/comments/1dcwp6f/was_philipptuermer_bei_hartaberfair_sagt_nurderk/,https://v.redd.it/hujuy9ev7t5d1,,60,16,t3_1dcwp6f,2024-06-10 21:09:38+00:00,pre
1dcwuql,1718054149,"Hier wird @SerapGueler und @KonstantinKuhle von  @PhilippTuermer eingeschult.
#hartaberfair (@NurderK) ",,agent007653,/r/PolitikBRD/comments/1dcwuql/hier_wird_serapgueler_und_konstantinkuhle_von/,https://v.redd.it/s8iawqry8t5d1,,24,2,t3_1dcwuql,2024-06-10 21:15:49+00:00,pre
1dcx0f5,1718054535,".@PhilippTuermer zerlegt hier Stück für Stück das Neoliberale Märchen über die #Schuldenbremse.
#hartaberfair",,agent007653,/r/PolitikBRD/comments/1dcx0f5/philipptuermer_zerlegt_hier_stück_für_stück_das/,https://v.redd.it/tw4x6p93at5d1,,60,10,t3_1dcx0f5,2024-06-10 21:22:15+00:00,pre
1dcx282,1718054664,Update. (@ralphruthe) ,,agent007653,/r/PolitikBRD/comments/1dcx282/update_ralphruthe/,https://i.redd.it/lvqfyl0jat5d1.jpeg,,34,1,t3_1dcx282,2024-06-10 21:24:24+00:00,pre
1ddeijg,1718113562,Selbst unter Europarechtlern ist der Mangel an Wissen über die EU erschreckend,,PlecotusAuritus,/r/PolitikBRD/comments/1ddeijg/selbst_unter_europarechtlern_ist_der_mangel_an/,https://i.redd.it/ivcfyi7q5y5d1.jpeg,,1,0,t3_1ddeijg,2024-06-11 13:46:02+00:00,pre
1ddpzi7,1718142087,"Wenn selbst die jungen Altersgruppen plötzlich Parteien wählen, die sich gegen Fortschritt und Klimawende stellen, muss sich die künftige ganz junge Generation um eine ganze Menge Zukunft auf einmal kümmern.👶🍼",,agent007653,/r/PolitikBRD/comments/1ddpzi7/wenn_selbst_die_jungen_altersgruppen_plötzlich/,https://i.redd.it/emt8hgpii06d1.jpeg,,15,2,t3_1ddpzi7,2024-06-11 21:41:27+00:00,pre
1ddq0wq,1718142189,Europawahl im Osten ,,agent007653,/r/PolitikBRD/comments/1ddq0wq/europawahl_im_osten/,https://i.redd.it/54081tsqi06d1.jpeg,,20,3,t3_1ddq0wq,2024-06-11 21:43:09+00:00,pre
1ddq2l2,1718142310,Rechtsruck : Wie können sich linke Parteien in Europa behaupten ?,,agent007653,/r/PolitikBRD/comments/1ddq2l2/rechtsruck_wie_können_sich_linke_parteien_in/,https://www.reddit.com/gallery/1ddq2l2,,29,10,t3_1ddq2l2,2024-06-11 21:45:10+00:00,pre
1ddq46y,1718142424,AfD : ÖFTER MAL MIT OMA REDEN ?,,agent007653,/r/PolitikBRD/comments/1ddq46y/afd_öfter_mal_mit_oma_reden/,https://i.redd.it/35y567rej06d1.jpeg,,67,12,t3_1ddq46y,2024-06-11 21:47:04+00:00,pre
1ddq7v1,1718142692,"AfD unter 10% bei der Europawahl, nach Kreisen, in Prozent",,agent007653,/r/PolitikBRD/comments/1ddq7v1/afd_unter_10_bei_der_europawahl_nach_kreisen_in/,https://i.redd.it/6ojxk3u9k06d1.jpeg,,57,9,t3_1ddq7v1,2024-06-11 21:51:32+00:00,pre
1de9g2x,1718206106,Hier wird @ob_palmer von  @Janine_Wissler bei #Maischberger eingeschult. (@NurderK) ,,agent007653,/r/PolitikBRD/comments/1de9g2x/hier_wird_ob_palmer_von_janine_wissler_bei/,https://v.redd.it/k0g29g5ts56d1,,68,12,t3_1de9g2x,2024-06-12 15:28:26+00:00,pre
1de9jvr,1718206380,"„Wir haben einen historischen Rechtsruck in vielen Ländern, und wer die Themen der Rechten aufgreift, der macht die Rechten stark und schwächt sie nicht. @Janine_Wissler bei #maischberger (@NurderK) ",,agent007653,/r/PolitikBRD/comments/1de9jvr/wir_haben_einen_historischen_rechtsruck_in_vielen/,https://v.redd.it/n9hj94q3t56d1,,42,4,t3_1de9jvr,2024-06-12 15:33:00+00:00,pre
1de9kyr,1718206459,"Das, was Max Uthoff hier sagt, ist leider die bittere Wahrheit. Nicht nur, aber vor allem die Konservativen versagen (wieder) auf ganzer Linie.

„Gute Nacht, Europa, das war Ihre Wahl.“ (@djpr) ",,agent007653,/r/PolitikBRD/comments/1de9kyr/das_was_max_uthoff_hier_sagt_ist_leider_die/,https://v.redd.it/4ly93b3vt56d1,,117,29,t3_1de9kyr,2024-06-12 15:34:19+00:00,pre
1de9m0j,1718206538,"Jede Woche erreichen uns neue Bilder aus Paris, die den unglaublichen Wandel dieser Stadt eindrucksvoll belegen. Paris baut gerade 70.000 Parkplätze ab, um mehr Platz für Mensch und Natur zu schaffen und sich an den Klimawandel anzupassen. So sieht das das dann in Realität aus❤️ (@Perowinger94) ",,agent007653,/r/PolitikBRD/comments/1de9m0j/jede_woche_erreichen_uns_neue_bilder_aus_paris/,https://www.reddit.com/gallery/1de9m0j,,140,38,t3_1de9m0j,2024-06-12 15:35:38+00:00,pre
1deenps,1718219081,Taxing great wealth to finance the ecological and social transition. (European Citizens' Initiative) ,[removed],Ok_Psyc23hology43,/r/PolitikBRD/comments/1deenps/taxing_great_wealth_to_finance_the_ecological_and/,https://www.reddit.com/r/PolitikBRD/comments/1deenps/taxing_great_wealth_to_finance_the_ecological_and/,,1,0,t3_1deenps,2024-06-12 19:04:41+00:00,pre
1deg8db,1718223008,Wichtige Nachricht an alle Mitglieder ,"Hey, ich bin darauf aufmerksam gemacht worden, dass der Sub hier evtl. zu populistisch ist. Das möchte ich natürlich nicht implizieren mit den Beiträgen. Deswegen nochmal hier mein Statement dazu. 

Zu jedem Post der hier gemacht wird, gerne gerne gerne widersprechen !!! Ziel ist es mMn gemeinsam zu einer höheren Erkenntnis zu gelangen. Ich will hier keinen circle jerk oder sonstiges sondern gemeinsam diskutieren um bestmögliche Standpunkte und Lösungen zu entwickeln, also auch wenn meine Beiträge populistische Titel haben (zwecks effizienz übernehme ich die Überschriften von anderen Plattformen, weil ich Reddit bisher alleine nur freizeitlich führe), gerne widersprechen dort for eurer Meinung nach falsche Dinge behauptet wurden !! 
Ich persönlich will ja keinen Standpunkt haben der auf falschen Daten, Infos usw. beruht. Deswegen bin ich jederzeit offen für Korrekturen was die Beiträge angeht :D 

Liebe Grüße 🫶🏼 ",agent007653,/r/PolitikBRD/comments/1deg8db/wichtige_nachricht_an_alle_mitglieder/,https://www.reddit.com/r/PolitikBRD/comments/1deg8db/wichtige_nachricht_an_alle_mitglieder/,,33,10,t3_1deg8db,2024-06-12 20:10:08+00:00,pre
1devfhb,1718273257,Wie ein Rüstungskonzerne Profit mit Geflüchteten macht,,schnupfhundihund,/r/PolitikBRD/comments/1devfhb/wie_ein_rüstungskonzerne_profit_mit_geflüchteten/,https://v.redd.it/2k97ilhkcb6d1,,52,9,t3_1devfhb,2024-06-13 10:07:37+00:00,pre
1dexynf,1718282266,Geflüchtete klauen Arzttermine? Janine Wissler bei Maischberger,,Avayren,/r/PolitikBRD/comments/1dexynf/geflüchtete_klauen_arzttermine_janine_wissler_bei/,https://www.youtube.com/watch?v=6-j9bB_klfk,,1,0,t3_1dexynf,2024-06-13 12:37:46+00:00,pre
1df8806,1718308924,Generation Krise ?,,agent007653,/r/PolitikBRD/comments/1df8806/generation_krise/,https://www.reddit.com/gallery/1df8806,,20,3,t3_1df8806,2024-06-13 20:02:04+00:00,pre
1df8bsd,1718309175,AfD die neue Arbeiterpartei ? ,,agent007653,/r/PolitikBRD/comments/1df8bsd/afd_die_neue_arbeiterpartei/,https://i.redd.it/htfmno09be6d1.jpeg,,88,83,t3_1df8bsd,2024-06-13 20:06:15+00:00,pre
1dfag1s,1718314625,"Paris hat offiziell einen neuen Stadtwald in einem Kreisverkehr eingeweiht. Ab 2022 wurden 4000qm entsiegelt, 470 Bäume gepflanzt & 16.000 Sträucher & neue Gehwege angelegt. Das Grün wird das lokale Klima um bis zu 4 Grad senken. Ein tolles Beispiel gelungener Stadtentwicklung❤️ (@Perowinger94) ",,agent007653,/r/PolitikBRD/comments/1dfag1s/paris_hat_offiziell_einen_neuen_stadtwald_in/,https://www.reddit.com/gallery/1dfag1s,,30,8,t3_1dfag1s,2024-06-13 21:37:05+00:00,pre
1dfakr2,1718314980,"Die CDU startet auf Wunsch der Mineralölindustrie „Klimaschutzprojekte“. Als herauskommt, dass diese nur Betrug und Greenwashing sind, werden selbstverständlich die Grünen dafür verantwortlich gemacht. Das kann man sich echt nicht mehr ausdenken … (@djpr9) ",,agent007653,/r/PolitikBRD/comments/1dfakr2/die_cdu_startet_auf_wunsch_der_mineralölindustrie/,https://v.redd.it/o8in1cclse6d1,,35,3,t3_1dfakr2,2024-06-13 21:43:00+00:00,pre
1dfamhv,1718315113,"Nuhr mal so, hier erklärt Johann König bei „#Nuhr im Ersten“ das Geschäftskonzept von #DieterNuhr. #Populismus (@Der_Waeller) ",,agent007653,/r/PolitikBRD/comments/1dfamhv/nuhr_mal_so_hier_erklärt_johann_könig_bei_nuhr_im/,https://v.redd.it/wodlvpbyse6d1,,60,7,t3_1dfamhv,2024-06-13 21:45:13+00:00,pre
1dfapc0,1718315330,"Hört euch bitte an, was @Afelia hier sagt und schaut euch das Gesicht von der eiskalten Wagenknecht an. #Maischberger (@djpr) ",,agent007653,/r/PolitikBRD/comments/1dfapc0/hört_euch_bitte_an_was_afelia_hier_sagt_und/,https://v.redd.it/ne4yoobmte6d1,,39,15,t3_1dfapc0,2024-06-13 21:48:50+00:00,pre
1dfarwu,1718315524,"Tagesschau in einfacher Sprache. Ich finds, völlig unironisch, großartig (@CarloMasala1) ",,agent007653,/r/PolitikBRD/comments/1dfarwu/tagesschau_in_einfacher_sprache_ich_finds_völlig/,https://v.redd.it/504xasx6ue6d1,,78,17,t3_1dfarwu,2024-06-13 21:52:04+00:00,pre
1dfaxkj,1718315950,"Röttgen und Klingbeil erklären Amira Mohamed Ali, weshalb BSW und AfD ein und dasselbe sind: Putins nützliche Idioten. #Illner (@djpr) ",,agent007653,/r/PolitikBRD/comments/1dfaxkj/röttgen_und_klingbeil_erklären_amira_mohamed_ali/,https://v.redd.it/58r2bk0hve6d1,,61,44,t3_1dfaxkj,2024-06-13 21:59:10+00:00,pre
1dfb63j,1718316585,"Sehenswert wie Ulrike Herrmann gerade @ManfredWeber bei #Lanz eingeschult hat.
#Verbrennerverbot (@NurderK) ",,agent007653,/r/PolitikBRD/comments/1dfb63j/sehenswert_wie_ulrike_herrmann_gerade/,https://v.redd.it/vf2m43gcxe6d1,,43,6,t3_1dfb63j,2024-06-13 22:09:45+00:00,pre
1dfmo24,1718356754,Strategien russischer Propaganda in Ostdeutschland - Missbrauch von Trau...,,TheTiltster,/r/PolitikBRD/comments/1dfmo24/strategien_russischer_propaganda_in/,https://youtu.be/v7jtil37Aco?si=Esp9xnbGd4CVP293,,1,0,t3_1dfmo24,2024-06-14 09:19:14+00:00,euro
1dg481z,1718407273,„Shell gibt inzwischen für Marketing mehr Geld aus als für Investitionen in die Erbeuerbaren. Spätestens da habe ich die Social-License zum interaktiven Mitspielen auch irgendwann verspielt.“ @beyond_ideology auf der @republica ,,agent007653,/r/PolitikBRD/comments/1dg481z/shell_gibt_inzwischen_für_marketing_mehr_geld_aus/,https://v.redd.it/br7lu711fm6d1,,24,5,t3_1dg481z,2024-06-14 23:21:13+00:00,euro
1dg494d,1718407364,"Untersuchungsausschuss „Atomausstieg“ der CDU auf den Punkt gebracht von 
@mesarosch im #Bundestag 🤭 (@wenig_worte) ",,agent007653,/r/PolitikBRD/comments/1dg494d/untersuchungsausschuss_atomausstieg_der_cdu_auf/,https://v.redd.it/z2q4bc5afm6d1,,25,3,t3_1dg494d,2024-06-14 23:22:44+00:00,euro
1dg4ael,1718407469,„@_FriedrichMerz hat den Kurs den wir gemeinsam bestimmt haben als Land gerade bestätigt. Er hat nicht gesagt wir stampfen jetzt alle Pläne wieder ein & kehren zur Atomkraft zurück. In diesem Fall ist die Geschwindigkeit der Lernfähigkeit ein großer Indikator für die zukunftsfähigkeit“ Robert Habeck,,agent007653,/r/PolitikBRD/comments/1dg4ael/friedrichmerz_hat_den_kurs_den_wir_gemeinsam/,https://v.redd.it/kkoecpzifm6d1,,17,2,t3_1dg4ael,2024-06-14 23:24:29+00:00,euro
1dg4blk,1718407567,"Hier ist die Grafik, auf die so viele gewartet haben und die die Karte der Stimmgewinner bei der #Europawahl ins Verhältnis zur tatsächlichen Bevölkerung setzt. Fläche wählt nicht. Dank an 
@chrispahm für diese Arbeit. (@ChristianLatz_) ",,agent007653,/r/PolitikBRD/comments/1dg4blk/hier_ist_die_grafik_auf_die_so_viele_gewartet/,https://v.redd.it/29dergaufm6d1,,50,11,t3_1dg4blk,2024-06-14 23:26:07+00:00,euro
1dg4cj7,1718407643,"#florianschröder 
""Alleine zurückgelassene ungebummste Typen werden Nazis"" ",,agent007653,/r/PolitikBRD/comments/1dg4cj7/florianschröder_alleine_zurückgelassene/,https://v.redd.it/8fn55qn4gm6d1,,30,9,t3_1dg4cj7,2024-06-14 23:27:23+00:00,euro
1dg4dut,1718407751,"""Hier wird Angst gepredigt. Sie haben mit diesem Satz die Angst ins groteske verstärkt"" - dem meist ruhigen Diplomaten @ischinger platzt bei #Illner der Kragen über die Erklärung des BSW zum Fernbleiben bei der Rede von Selenskyj im Bundestag. (@Golemiker) ",,agent007653,/r/PolitikBRD/comments/1dg4dut/hier_wird_angst_gepredigt_sie_haben_mit_diesem/,https://v.redd.it/s5sw7s4dgm6d1,,44,15,t3_1dg4dut,2024-06-14 23:29:11+00:00,euro
1dg4fed,1718407872,"Hier räumt Markus #Lanz mit dem Unions-Märchen des „Verbrennerverbots“ auf.
Lanz zu @ManfredWeber :
„Lass uns mal ehrliche 2 Minuten. […] Die Europawahl ist vorbei. […] Auch 2034, 35 und 36 können wir Verbrenner kaufen. […] Das ist reines  populistisches Zeug.“
🫳🎤 (@NurderK) ",,agent007653,/r/PolitikBRD/comments/1dg4fed/hier_räumt_markus_lanz_mit_dem_unionsmärchen_des/,https://v.redd.it/nmdfos7rgm6d1,,46,10,t3_1dg4fed,2024-06-14 23:31:12+00:00,euro
1dg5vi3,1718412304,Wieso es mittlerweile so viele alternative Medien gibt,"Ich hab mir mal Gedanken gemacht, weshalb es mittlerweile überhaupt so viele alternative Medien gibt und mir ist folgendes aufgefallen.

Journalisten sind ja Menschen. Und Menschen biegen gerne die Wahrheit ein wenig, um die eigene Einstellung zu verteidigen. Egal welche politische Einstellung man hat.

Und bekannterweise ist kein Journalist 100% objektiv. Deswegen gibt es ja auch eher linkere und eher rechtere Medien/Zeitungen. Zumindest war das früher mal so. Das hatte ein Gleichgewicht geschaffen. Heutzutage sind alle öffentlich-rechtlichen ganz klar links, so wie die Regierung. Und es gibt niemanden mehr, der der Gesellschaft auch die andere Seite zeigen kann, um dieses Gleichgewicht aufrechtzuerhalten. Wer es doch tut, wird heutzutage als ""rechtsextremistisch"" und ""Nazi"" beschimpft und gesellschaftlich geächtet.

Genau da kommen halt leider die alternativen Medien ins Spiel. Würde von den Mainstream-Medien wirklich objektiv berichtet werden, hätten die Alternativen Medien gar keine Daseinsberechtigung.

Mir macht das ganze ziemlich Sorgen. Euch auch?",4symm3trica1,/r/PolitikBRD/comments/1dg5vi3/wieso_es_mittlerweile_so_viele_alternative_medien/,https://www.reddit.com/r/PolitikBRD/comments/1dg5vi3/wieso_es_mittlerweile_so_viele_alternative_medien/,,1,2,t3_1dg5vi3,2024-06-15 00:45:04+00:00,euro
1dg5x39,1718412443,Wieso es mittlerweile so viele alternat. Medien gibt,[removed],4symm3trica1,/r/PolitikBRD/comments/1dg5x39/wieso_es_mittlerweile_so_viele_alternat_medien/,https://www.reddit.com/r/PolitikBRD/comments/1dg5x39/wieso_es_mittlerweile_so_viele_alternat_medien/,,1,0,t3_1dg5x39,2024-06-15 00:47:23+00:00,euro
1dgjtrh,1718463532,Tax the the rich in Europe! All Europeans in here please sign the initiative.,[removed],xocanarchy,/r/PolitikBRD/comments/1dgjtrh/tax_the_the_rich_in_europe_all_europeans_in_here/,https://www.reddit.com/r/PolitikBRD/comments/1dgjtrh/tax_the_the_rich_in_europe_all_europeans_in_here/,,1,0,t3_1dgjtrh,2024-06-15 14:58:52+00:00,euro
1dgqbgw,1718481823,REICHE IMMER REICHER ,,agent007653,/r/PolitikBRD/comments/1dgqbgw/reiche_immer_reicher/,https://i.redd.it/q7lnnhkoks6d1.jpeg,,51,7,t3_1dgqbgw,2024-06-15 20:03:43+00:00,euro
1dgqcvo,1718481931,Das „Hotel Mama“-Problem ,,agent007653,/r/PolitikBRD/comments/1dgqcvo/das_hotel_mamaproblem/,https://www.reddit.com/gallery/1dgqcvo,,49,8,t3_1dgqcvo,2024-06-15 20:05:31+00:00,euro
1dgqfhw,1718482142,FLUGREISEN-DILEMMA ,,agent007653,/r/PolitikBRD/comments/1dgqfhw/flugreisendilemma/,https://v.redd.it/ym6ljl4cls6d1,,16,10,t3_1dgqfhw,2024-06-15 20:09:02+00:00,euro
1dgqgvv,1718482253,KREUZFAHRTEN SCHÖNREDEN ,,agent007653,/r/PolitikBRD/comments/1dgqgvv/kreuzfahrten_schönreden/,https://v.redd.it/iepn7ozyls6d1,,11,2,t3_1dgqgvv,2024-06-15 20:10:53+00:00,euro
1dgqid7,1718482372,NEUER WEHRDIENST : WAS BEDEUTET DAS FÜR DIE JUGEND ? ,,agent007653,/r/PolitikBRD/comments/1dgqid7/neuer_wehrdienst_was_bedeutet_das_für_die_jugend/,https://www.reddit.com/gallery/1dgqid7,,36,15,t3_1dgqid7,2024-06-15 20:12:52+00:00,euro
1dgqk8g,1718482522,Kostet die Gen Z Biden den Sieg ? ,,agent007653,/r/PolitikBRD/comments/1dgqk8g/kostet_die_gen_z_biden_den_sieg/,https://www.reddit.com/gallery/1dgqk8g,,21,23,t3_1dgqk8g,2024-06-15 20:15:22+00:00,euro
1dgrbuk,1718484727,"Populisten hassen diesen Trick. 

Der beste Ansatz, die Union zu entlarven: Man konfrontiert sie einfach mit ihren eigenen Aussagen von 2011 nach der Fukushima-Katastrophe. 

Genau so wie 
@mesarosch
 das gemacht hat.👇 (@djpr) ",,agent007653,/r/PolitikBRD/comments/1dgrbuk/populisten_hassen_diesen_trick_der_beste_ansatz/,https://v.redd.it/blrrz5wbts6d1,,94,14,t3_1dgrbuk,2024-06-15 20:52:07+00:00,euro
1dgrdke,1718484868,"„Ich denke, die Bildungsministerin müsste zurücktreten. Weil dieses Verfahren, das sie angestoßen hat, ein unglaublicher Eingriff in die Meinungsfreiheit & Wissenschaftsfreiheit ist. Das ist ein unglaublicher Vorgang, eine unglaubliche Tragweite, die das politische Berlin noch nicht verstanden hat.“",,agent007653,/r/PolitikBRD/comments/1dgrdke/ich_denke_die_bildungsministerin_müsste/,https://v.redd.it/6dj5oriots6d1,,57,6,t3_1dgrdke,2024-06-15 20:54:28+00:00,euro
1dgrh21,1718485153,"Die @fdp, allen voran @c_lindner und @Wissin, sparen dieses Land kaputt! Anders kann man es nicht mehr ausdrücken. (@NurderK) ",,agent007653,/r/PolitikBRD/comments/1dgrh21/die_fdp_allen_voran_c_lindner_und_wissin_sparen/,https://v.redd.it/bvcdql1jus6d1,,29,4,t3_1dgrh21,2024-06-15 20:59:13+00:00,euro
1dgrqjm,1718485892,"„@c_lindner , der gefährlichste Mann in Europa.“ @adam_tooze bei @JungNaiv",,agent007653,/r/PolitikBRD/comments/1dgrqjm/c_lindner_der_gefährlichste_mann_in_europa_adam/,https://v.redd.it/w299yq0rws6d1,,52,4,t3_1dgrqjm,2024-06-15 21:11:32+00:00,euro
1dgx7fk,1718503144,Politischer Hintergrund antisemitischer Vorfälle in Köln im Jahr 2023,,4symm3trica1,/r/PolitikBRD/comments/1dgx7fk/politischer_hintergrund_antisemitischer_vorfälle/,https://i.redd.it/fd9qu9l4cu6d1.png,,1,1,t3_1dgx7fk,2024-06-16 01:59:04+00:00,euro
1dhfans,1718566367,Parteigründungsmitglied gesucht!,[removed],Greedy-Ground6543,/r/PolitikBRD/comments/1dhfans/parteigründungsmitglied_gesucht/,https://www.reddit.com/r/PolitikBRD/comments/1dhfans/parteigründungsmitglied_gesucht/,,1,0,t3_1dhfans,2024-06-16 19:32:47+00:00,euro
1dhgvbb,1718570668,Sehenswert was @adam_tooze über die AfD sagt. (@NurderK) ,,agent007653,/r/PolitikBRD/comments/1dhgvbb/sehenswert_was_adam_tooze_über_die_afd_sagt/,https://v.redd.it/qi6020ptwz6d1,,52,1,t3_1dhgvbb,2024-06-16 20:44:28+00:00,euro
1dhgwzv,1718570796,"„Die @fdp ist einfach eine perverse kleine politische Blockade, wo eine Gruppe von Menschen irgendwie versucht, sich mit dieser verblockten Politik zu retten, die aber im größeren Sinne keinen nutzt.“ @adam_tooze bei @TiloJung (@JungNaiv) ",,agent007653,/r/PolitikBRD/comments/1dhgwzv/die_fdp_ist_einfach_eine_perverse_kleine/,https://v.redd.it/y82f7c18xz6d1,,28,1,t3_1dhgwzv,2024-06-16 20:46:36+00:00,euro
1dhgyzk,1718570955,"„Es geht um Rechtsstaatlichkeit. Es geht um Demokratie in Europa. Meine Frage ist ganz klar: Wie kann es sein, lieber Herr Geiger, dass Sie von einer Brandmauer zwischen demokratischen Parteien im EU-Parlament sprechen, nämlich von der EVP und den Grünen, und eine Möglichkeit mit einer ⬇️ ",,agent007653,/r/PolitikBRD/comments/1dhgyzk/es_geht_um_rechtsstaatlichkeit_es_geht_um/,https://v.redd.it/476dnwlpxz6d1,,18,8,t3_1dhgyzk,2024-06-16 20:49:15+00:00,euro
1dhh1o8,1718571158,"„In den vergangenen Jahrzehnten hat kaum Klimaschutz stattgefunden und das müssen wir jetzt im wahrsten Sinne des Wortes alle ausbaden.“
Özden Terli ",,agent007653,/r/PolitikBRD/comments/1dhh1o8/in_den_vergangenen_jahrzehnten_hat_kaum/,https://v.redd.it/z2u0cxpayz6d1,,30,1,t3_1dhh1o8,2024-06-16 20:52:38+00:00,euro
1dhh40b,1718571342,"Was der Vizekanzler sagt. 
NUR so wird #Demokratie unsere Aufgaben und Probleme lösen können, nicht wie #Soeder, #Linnemann und andere, die uns populistisch aufwiegeln wollen.
#Habeck (@Meikell56) ",,agent007653,/r/PolitikBRD/comments/1dhh40b/was_der_vizekanzler_sagt_nur_so_wird_demokratie/,https://v.redd.it/w464l2buyz6d1,,105,27,t3_1dhh40b,2024-06-16 20:55:42+00:00,euro
1dhh522,1718571423,Zitat von Sebastian Hotz ,,agent007653,/r/PolitikBRD/comments/1dhh522/zitat_von_sebastian_hotz/,https://i.redd.it/snh4vmi4zz6d1.jpeg,,77,1,t3_1dhh522,2024-06-16 20:57:03+00:00,euro
1dhh6lj,1718571542,"Gerhard Delling findet, die WDR-Umfrage zu Rassismus in Fußball hätte man sich sparen sollen. ""Gerade im Sport selbst gibt es eigentlich so gut wie keinen Rassismus""

Keine Pointe. (@NurderK) ",,agent007653,/r/PolitikBRD/comments/1dhh6lj/gerhard_delling_findet_die_wdrumfrage_zu/,https://v.redd.it/6k66zp8ezz6d1,,12,3,t3_1dhh6lj,2024-06-16 20:59:02+00:00,euro
1dhh93x,1718571725,"Der Mathematiker Nobert Mauser und die Mitbegründerin der 
@AufstandLastGen, Marthe Krumpeck, entlarven hier den ""Wissenschafts-Journalisten"" der 
@welt, @Axel_Bojanowski.
Sehenswerte 5 Talkshow-Minuten! (@NurderK) ",,agent007653,/r/PolitikBRD/comments/1dhh93x/der_mathematiker_nobert_mauser_und_die/,https://v.redd.it/26t9az4tzz6d1,,30,4,t3_1dhh93x,2024-06-16 21:02:05+00:00,euro
1dhhaic,1718571834,"„Da gibt's eine kleine Gruppe weltweit, die massivste Profite macht in vielen Bereichen. Die beeinflussen die öffentliche Meinung und die Politik in einem Ausmaß, das die wenigsten Menschen realisieren.“

Norbert Mauser, Professor für Mathematik an der Universität Wien. ",,agent007653,/r/PolitikBRD/comments/1dhhaic/da_gibts_eine_kleine_gruppe_weltweit_die/,https://v.redd.it/w95q4ud9007d1,,35,3,t3_1dhhaic,2024-06-16 21:03:54+00:00,euro
1dhqzz4,1718603629,Petition: Berlin bleibt stabil gegen Rechtsextremismus und für Zusammenhalt! ,[removed],jeandapaul,/r/PolitikBRD/comments/1dhqzz4/petition_berlin_bleibt_stabil_gegen/,https://www.reddit.com/r/PolitikBRD/comments/1dhqzz4/petition_berlin_bleibt_stabil_gegen/,,1,1,t3_1dhqzz4,2024-06-17 05:53:49+00:00,euro
1dht59z,1718612796,Einfach nur nh Meinung rausgehaun ohne richtige Argumente 🫡 ,[removed],littlespyonmission,/r/PolitikBRD/comments/1dht59z/einfach_nur_nh_meinung_rausgehaun_ohne_richtige/,https://x.com/tazgezwitscher/status/1801897433124716648?t=tdMpEY-6LA36RLHP8vHF9A&s=19,,1,0,t3_1dht59z,2024-06-17 08:26:36+00:00,euro
1dht65k,1718612902,Einfach nur nh Meinung rausgehaun ohne richtige Argumente 🫡 ,[removed],littlespyonmission,/r/PolitikBRD/comments/1dht65k/einfach_nur_nh_meinung_rausgehaun_ohne_richtige/,https://x.com/tazgezwitscher/status/1801897433124716648?t=tdMpEY-6LA36RLHP8vHF9A&s=19,,1,0,t3_1dht65k,2024-06-17 08:28:22+00:00,euro
1di26sc,1718641399,"""900 unerlaubte Einreisen verhindert"" Wo ist die Referenz?","Bin ich der einzige der es komisch findet, dass weder das BMI noch die Medienhäuser erwähnen wieviele Kontrollen dafür durchgeführt wurden?

Zur EM sind 2.5 Mio gäste erwartet, laut BMI sind 22.000 Bundespolizisten bei den Grenzkontrollen beteiligt und die 900 Fälle sind vom 07.06 bis 13.06 registriert...

mir kann doch niemand erzählen das 900 Fälle, Landesweit, in 7 Tagen viel wäre?

was schafft so ein Beamter am Tag? 10 kontrollen? 70 auf allen tagen? mal 22.000 beamte, 1.5 Mio kontrollen?

und dann 900 'treffer'? warum wird das grad so medial ausgemelkt?",DayOk6350,/r/PolitikBRD/comments/1di26sc/900_unerlaubte_einreisen_verhindert_wo_ist_die/,https://i.redd.it/8b2llu49r57d1.png,,13,7,t3_1di26sc,2024-06-17 16:23:19+00:00,euro
1di6pit,1718652662,Messergewalt: Empirie anstatt Populismus ,"""Allein in Frankfurt hat es in den vergangenen Tagen mehrere schwere Straftaten mit Messern gegeben, bis hin zu einem Toten. Was fehlt, ist eine Aufklärung, wer die Waffen dabeihat und wer sie einsetzt. Diese Frage muss in Ruhe, aber realistisch beantwortet werden.

Der Auftakt ist gelungen. Zum ersten Spiel dieser Fußballeuropameisterschaft sind am Freitagabend 30.000 Menschen in die Frankfurter Fanzone am Main gekommen und haben auf riesigen Leinwänden das Spiel der deutschen Nationalelf gegen Schottland verfolgt. Friedlich, feiernd, fröhlich. So soll es sein.
Und wenn am heutigen Montag das erste Spiel im Frankfurter Waldstadion angepfiffen wird, kann man nur hoffen, dass diese Stimmung anhalten wird. Nichts wäre schöner als eine Meisterschaft, bei der der Sport im Vordergrund steht und sich Jubel und Enttäuschung unter den Fans nicht in Häme oder Hass entladen.

Und obwohl das Thema Sicherheit nicht im Vordergrund stehen sollte – ausblenden kann man es nicht. Der Bürger nimmt wahr, wie viel Polizei auf den Straßen unterwegs ist. Vorfälle wie nun in Hamburg, wo ein Mann offenbar einen Brandsatz zünden wollte und die Polizei ihn nur durch Schüsse davon abhalten konnte, verunsichern.

Schon im Vorfeld hatte die Frankfurter Polizei deutlich gemacht, wie konsequent sie vorgehen werde, sollte es auch nur im Ansatz zu Gewalttaten kommen. Stets galt die Sorge terroristischen Anschlägen. Was die Sicherheitsbehörden jedoch ebenso umtreibt, sind Angriffe mit Messern oder anderen Waffen von mitunter psychisch kranken Einzeltätern.

Tatsache ist, dass diese allein agierenden Täter das wohl größte Problem darstellen. Es hat den islamistisch motivierten Anschlag in Mannheim gegeben, die Tat in Saarbrücken und den Angriff am Mainufer im Frankfurter Ostend auf eine 41 Jahre alte Frau. In der Nacht zum Samstag wurde zudem ein Mann in Frankfurt-Unterliederbach bei einer Auseinandersetzung durch Messerstiche getötet. Im Frankfurter Bahnhofsviertel löste ein weiterer Mann, der mit einem Messer bewaffnet war, einen Großeinsatz aus.

Während der EM ist die Wachsamkeit der Sicherheitsbehörden groß wie selten, doch sie muss auch unabhängig eines solchen Großereignisses gewährleistet sein. Über die Erkenntnisse der Polizei, wer Waffen mit sich trägt und sie einsetzt, muss gesprochen werden. Nicht überstürzt, aber nach einer umfassenden Auswertung.

Dazu gehört auch die Frage, ob es, wie es vor einigen Jahren in einer Statistik des LKA festgehalten wurde, nach wie vor überwiegend Migranten sind, die Messer als Waffen einsetzen. Oder ob sich dieses Bild verschoben hat. Vor allem muss geklärt werden, welche Rolle psychisch kranke Einzeltäter spielen. An einem Willen zur Aufarbeitung darf es nicht fehlen.""

Quelle: https://www.faz.net/aktuell/rhein-main/gewalttaten-durch-messer-an-einem-willen-zur-aufklaerung-darf-es-nicht-fehlen-19793177.html",False-Temporary1959,/r/PolitikBRD/comments/1di6pit/messergewalt_empirie_anstatt_populismus/,https://i.redd.it/jbfbl4rqo67d1.png,,1,0,t3_1di6pit,2024-06-17 19:31:02+00:00,euro
1di6s68,1718652849,Automatische Löschung von Beiträgen?,[removed],False-Temporary1959,/r/PolitikBRD/comments/1di6s68/automatische_löschung_von_beiträgen/,https://www.reddit.com/r/PolitikBRD/comments/1di6s68/automatische_löschung_von_beiträgen/,,1,0,t3_1di6s68,2024-06-17 19:34:09+00:00,euro
1di9nh3,1718659979,Überraschung : Kylian Mbappé mag keine Faschisten und Rechtsextremisten. ⬇️ ,,agent007653,/r/PolitikBRD/comments/1di9nh3/überraschung_kylian_mbappé_mag_keine_faschisten/,https://v.redd.it/cyfqral8a77d1,,73,16,t3_1di9nh3,2024-06-17 21:32:59+00:00,euro
1di9wee,1718660614,"Das braucht Aufmerksamkeit. ⚠️

Von der Leyen scheint einen Bericht über die massive Einschränkung der Pressefreiheit in Italien zurückzuhalten, damit sie von der Faschisten zur Kommissionspräsidentin gewählt wird.

Deutsche Medien schweigen bislang dazu. (@B_Gunners21) ",,agent007653,/r/PolitikBRD/comments/1di9wee/das_braucht_aufmerksamkeit_von_der_leyen_scheint/,https://x.com/B_Gunners21/status/1802796720260051126,,58,4,t3_1di9wee,2024-06-17 21:43:34+00:00,euro
1dia57u,1718661256,"„Ich habe den Eindruck, dass gewisse Dinge gesellschaftsfähig geworden sind und dass man Dinge sagt, obwohl man weiß, dass man sie nicht zu sagen hat.“ 
Florence Brokowski-Shekete über Sylt, die Politik und unsere Gesellschaft. ",,agent007653,/r/PolitikBRD/comments/1dia57u/ich_habe_den_eindruck_dass_gewisse_dinge/,https://v.redd.it/h4bcw4v1e77d1,,21,3,t3_1dia57u,2024-06-17 21:54:16+00:00,euro
1dilajr,1718697666,Strategien russischer Propaganda in Ostdeutschland - Missbrauch von Traumata als Methode,,Tugendwaechter,/r/PolitikBRD/comments/1dilajr/strategien_russischer_propaganda_in/,https://www.youtube.com/watch?v=v7jtil37Aco,,1,0,t3_1dilajr,2024-06-18 08:01:06+00:00,euro
1dj0gva,1718742065,Verfassungsschutzbericht 2023 : Zahl der Extremist:innen in Deutschland gestiegen ,,agent007653,/r/PolitikBRD/comments/1dj0gva/verfassungsschutzbericht_2023_zahl_der/,https://www.reddit.com/gallery/1dj0gva,,1,0,t3_1dj0gva,2024-06-18 20:21:05+00:00,euro
1dj0gyo,1718742073,Verfassungsschutzbericht 2023 : Zahl der Extremist:innen in Deutschland gestiegen ,,agent007653,/r/PolitikBRD/comments/1dj0gyo/verfassungsschutzbericht_2023_zahl_der/,https://www.reddit.com/gallery/1dj0gyo,,1,0,t3_1dj0gyo,2024-06-18 20:21:13+00:00,euro
1dj0i7n,1718742162,Verfassungsschutzbericht 2023 : Zahl der Extremist:innen in Deutschland gestiegen ,,agent007653,/r/PolitikBRD/comments/1dj0i7n/verfassungsschutzbericht_2023_zahl_der/,https://www.reddit.com/gallery/1dj0i7n,,20,4,t3_1dj0i7n,2024-06-18 20:22:42+00:00,euro
1dj0lox,1718742409,"Bundesregierung beschließt Rentenreform:
Ein Fail für die junge Generation ? ",,agent007653,/r/PolitikBRD/comments/1dj0lox/bundesregierung_beschließt_rentenreform_ein_fail/,https://www.reddit.com/gallery/1dj0lox,,31,15,t3_1dj0lox,2024-06-18 20:26:49+00:00,euro
1dj0na1,1718742522,EUROPA SPIELT: CHINA GEWINNT ?,,agent007653,/r/PolitikBRD/comments/1dj0na1/europa_spielt_china_gewinnt/,https://www.reddit.com/gallery/1dj0na1,,11,4,t3_1dj0na1,2024-06-18 20:28:42+00:00,euro
1dj0ukw,1718743028,"SELBSTVERPFLICHTUNG ?
IST JA SÜB ...",,agent007653,/r/PolitikBRD/comments/1dj0ukw/selbstverpflichtung_ist_ja_süb/,https://www.reddit.com/gallery/1dj0ukw,,62,21,t3_1dj0ukw,2024-06-18 20:37:08+00:00,euro
1dj0w9n,1718743149,Weltweit mehr einsatzbereite Atomwaffen  ,,agent007653,/r/PolitikBRD/comments/1dj0w9n/weltweit_mehr_einsatzbereite_atomwaffen/,https://www.reddit.com/gallery/1dj0w9n,,10,1,t3_1dj0w9n,2024-06-18 20:39:09+00:00,euro
1dj0xsg,1718743255,FLIEGEN MIT GUTEM GEWISSEN ? ,,agent007653,/r/PolitikBRD/comments/1dj0xsg/fliegen_mit_gutem_gewissen/,https://v.redd.it/unzk1e226e7d1,,9,3,t3_1dj0xsg,2024-06-18 20:40:55+00:00,euro
1dj11hl,1718743519,"„Die Obsession, über Gendersprache zu reden oder über Fleischkonsum zu reden, die liegt doch bei @Markus_Soeder und nicht bei uns. Das ist doch ein Fetisch.“
Robert Habeck",,agent007653,/r/PolitikBRD/comments/1dj11hl/die_obsession_über_gendersprache_zu_reden_oder/,https://v.redd.it/w7a66c9v6e7d1,,122,7,t3_1dj11hl,2024-06-18 20:45:19+00:00,euro
1dj18nv,1718744036,"Wer noch daran gezweifelt hat, dass die WELT eine Schwäche für Faschisten hat, muss sich nur anhören, was Klaus Geiger heute im Presseclub über Meloni und ihre Partei gesagt hat. 
Gut, dass @uwiworks da war, um die rechte Fan-Fiction einzuordnen. (@djpr) ",,agent007653,/r/PolitikBRD/comments/1dj18nv/wer_noch_daran_gezweifelt_hat_dass_die_welt_eine/,https://v.redd.it/yfk7q5s58e7d1,,67,19,t3_1dj18nv,2024-06-18 20:53:56+00:00,euro
1dk61mi,1718869489,Stark-Watzinger und die Wissenschaftsfreiheit: Noch Fragen offen,,agent007653,/r/PolitikBRD/comments/1dk61mi/starkwatzinger_und_die_wissenschaftsfreiheit_noch/,https://www.sueddeutsche.de/politik/stark-watzinger-wissenschaft-foerdergeld-skandal-lux.BaCStinVdPS2U7yA6Xz7cn,,11,2,t3_1dk61mi,2024-06-20 07:44:49+00:00,euro
1dka25e,1718885418,"Ja, sind denn alle nur noch bekloppt? Geheime Enthüllung, ja Spinn ich?",[removed],[deleted],/r/PolitikBRD/comments/1dka25e/ja_sind_denn_alle_nur_noch_bekloppt_geheime/,,,1,0,t3_1dka25e,2024-06-20 12:10:18+00:00,euro
1dkzfhf,1718960152,Fähigkeit zur Diskussion abhanden gekommen?,[removed],AlternativeAioli6701,/r/PolitikBRD/comments/1dkzfhf/fähigkeit_zur_diskussion_abhanden_gekommen/,https://www.reddit.com/r/PolitikBRD/comments/1dkzfhf/fähigkeit_zur_diskussion_abhanden_gekommen/,,1,0,t3_1dkzfhf,2024-06-21 08:55:52+00:00,euro
1dlgj21,1719008951,Schaut Euch unbedingt @Flo_Fabricius bei #Lanz an! Er zerlegt mit seiner Analyse die aktuelle Politik und die mediale Berichterstattung gleich mit. (@NurderK) ,,agent007653,/r/PolitikBRD/comments/1dlgj21/schaut_euch_unbedingt_flo_fabricius_bei_lanz_an/,https://v.redd.it/gp5cjl32408d1,,37,4,t3_1dlgj21,2024-06-21 22:29:11+00:00,euro
1dlgjw4,1719009013,(@NurderK) Wunderbar : ,,agent007653,/r/PolitikBRD/comments/1dlgjw4/nurderk_wunderbar/,https://v.redd.it/1ndxft4c408d1,,16,2,t3_1dlgjw4,2024-06-21 22:30:13+00:00,euro
1dlgkx2,1719009093,"#Merz 2023: „Wir würden das Heizungsgesetz stoppen. Es ist in dieser Form nicht nur technologisch verfehlt sondern setzt auch eine riesige neue Bürokratie in Gang“

@_FriedrichMerz
 heute: Eigentlich hätten im Jahr 2023 eine viel höhere Zahl von Wärmepumpen eingebaut werden müssen""

Keine Pointe. ",,agent007653,/r/PolitikBRD/comments/1dlgkx2/merz_2023_wir_würden_das_heizungsgesetz_stoppen/,https://i.redd.it/b904ho9l408d1.jpeg,,91,11,t3_1dlgkx2,2024-06-21 22:31:33+00:00,euro
1dlgm79,1719009197,"Die Erkenntnis, dass mehr Straßen zu mehr Verkehr führen, ist in der Wissenschaft so bekannt, dass sie sogar einen eigenen Namen hat: Das Braess-Paradoxon. Einfach nur traurig, dass unser Verkehrsminister diesen 1. Hauptsatz der Verkehrsdynamik bis heute nicht verstanden hat 😥 (@Perowinger94) ",,agent007653,/r/PolitikBRD/comments/1dlgm79/die_erkenntnis_dass_mehr_straßen_zu_mehr_verkehr/,https://i.redd.it/fjzoz55q408d1.jpeg,,53,12,t3_1dlgm79,2024-06-21 22:33:17+00:00,euro
1dlgret,1719009599,"Bei dem Hadsch in Saudi-Arabien sind wegen extremer Hitze viele muslimische Pilger ums Leben gekommen. Die Zahl der Toten ist unklar, teilweise ist von Hunderten Opfern die Rede.

Alles ganz normal: (@NurderK) ",,agent007653,/r/PolitikBRD/comments/1dlgret/bei_dem_hadsch_in_saudiarabien_sind_wegen/,https://v.redd.it/4v96zyt0608d1,,11,3,t3_1dlgret,2024-06-21 22:39:59+00:00,euro
1dlw53s,1719064265,Entwicklungshilfe zur Reduktion von Migration: kostspielig und teils ineffektiv,,Tugendwaechter,/r/PolitikBRD/comments/1dlw53s/entwicklungshilfe_zur_reduktion_von_migration/,https://www.ifw-kiel.de/de/publikationen/aktuelles/entwicklungshilfe-zur-reduktion-von-migration/,,1,0,t3_1dlw53s,2024-06-22 13:51:05+00:00,euro
1dm3gxq,1719084563,[image processing failed],[removed],[deleted],/r/PolitikBRD/comments/1dm3gxq/image_processing_failed/,,,1,0,t3_1dm3gxq,2024-06-22 19:29:23+00:00,euro
1dm7pt3,1719096412,"Parkgebühren nach Autogröße – ist das die Zukunft? 

„Wir haben mittlerweile 50 Millionen zugelassene PKW in Deutschland. Jedes Jahr werden es eine halbe Million mehr. Ein Trabant war 1,50 Meter breit. Ein Golf aus dem Jahr 1990, 1,66 Meter. 10 Jahre später 1,74 und 2010 1,79. ⬇️",,agent007653,/r/PolitikBRD/comments/1dm7pt3/parkgebühren_nach_autogröße_ist_das_die_zukunft/,https://v.redd.it/jo1r5yw5c78d1,,38,17,t3_1dm7pt3,2024-06-22 22:46:52+00:00,euro
1dm7r8d,1719096525,"Das @BMBF_Bund kann nicht ausschließen, dass Bildungsministerin Stark-Watzinger vor dem Bekanntwerden der Mail ihrer Staatssekretärin zur Überprüfung von Fördermitteln auf irgendeinem anderen Weg darüber informiert wurde.

Das Ende naht. Hier die BPK-Szene von heute. (@TiloJung) ",,agent007653,/r/PolitikBRD/comments/1dm7r8d/das_bmbf_bund_kann_nicht_ausschließen_dass/,https://v.redd.it/ax2464ygc78d1,,28,1,t3_1dm7r8d,2024-06-22 22:48:45+00:00,euro
1dm7ukq,1719096801,"„In den ersten 10 Juni-Tagen wurden weltweit in über 100 Ländern Temperaturrekorde aufgestellt. Das gab es bis dahin noch nie. Wir rechnen damit, dass es in den nächsten 30 Jahren auch in Deutschland schon 45 °C geben kann. Darauf ist dieses Land bisher nicht vorbereitet“ (@NurderK) ",[deleted],[deleted],/r/PolitikBRD/comments/1dm7ukq/in_den_ersten_10_junitagen_wurden_weltweit_in/,,,1,0,t3_1dm7ukq,2024-06-22 22:53:21+00:00,euro
1dm8qy2,1719099431,"„In den ersten 10 Juni-Tagen wurden weltweit in über 100 Ländern Temperaturrekorde aufgestellt. Das gab es bis dahin noch nie. Wir rechnen damit, dass es in den nächsten 30 Jahren auch in Deutschland schon 45 °C geben kann. Darauf ist dieses Land bisher nicht vorbereitet“
@KSchwanke ",,agent007653,/r/PolitikBRD/comments/1dm8qy2/in_den_ersten_10_junitagen_wurden_weltweit_in/,https://v.redd.it/o3fse5u6l78d1,,63,12,t3_1dm8qy2,2024-06-22 23:37:11+00:00,euro
1dmxuva,1719181047,Besuch in Nordkorea: Putin und Kim schließen Abkommen über strategische Partnerschaft,,agent007653,/r/PolitikBRD/comments/1dmxuva/besuch_in_nordkorea_putin_und_kim_schließen/,https://i.redd.it/0y6sumnsbe8d1.jpeg,,15,2,t3_1dmxuva,2024-06-23 22:17:27+00:00,euro
1dmxwb3,1719181157,KEIN BOCK AUF ARBEIT?,,agent007653,/r/PolitikBRD/comments/1dmxwb3/kein_bock_auf_arbeit/,https://www.reddit.com/gallery/1dmxwb3,,26,20,t3_1dmxwb3,2024-06-23 22:19:17+00:00,euro
1dmxxhs,1719181249,AKADEMIKER:INNEN UNTER SICH,,agent007653,/r/PolitikBRD/comments/1dmxxhs/akademikerinnen_unter_sich/,https://i.redd.it/fj8lymdgce8d1.jpeg,,40,12,t3_1dmxxhs,2024-06-23 22:20:49+00:00,euro
1dmxyqz,1719181345,Hitlerjugend reloaded,,agent007653,/r/PolitikBRD/comments/1dmxyqz/hitlerjugend_reloaded/,https://www.reddit.com/gallery/1dmxyqz,,94,16,t3_1dmxyqz,2024-06-23 22:22:25+00:00,euro
1dmxzq5,1719181422,Friedrich Merz letztes Jahr : ,,agent007653,/r/PolitikBRD/comments/1dmxzq5/friedrich_merz_letztes_jahr/,https://v.redd.it/jas0iklzce8d1,,245,29,t3_1dmxzq5,2024-06-23 22:23:42+00:00,euro
1dmy0l6,1719181490,Der politische Kurs der BSW : ,,agent007653,/r/PolitikBRD/comments/1dmy0l6/der_politische_kurs_der_bsw/,https://v.redd.it/gkrmze07de8d1,,55,3,t3_1dmy0l6,2024-06-23 22:24:50+00:00,euro
1dnnms7,1719261197,Zitat von Sebastian Hotz  ,,agent007653,/r/PolitikBRD/comments/1dnnms7/zitat_von_sebastian_hotz/,https://i.redd.it/b2r1fu37yk8d1.jpeg,,142,11,t3_1dnnms7,2024-06-24 20:33:17+00:00,euro
1dnnnyj,1719261280,"„Wir haben in den Stadien 300 Expert*innen die sich mit Fußball auskennen. Aber in der Bundesregierung nicht einen einzigen für Wärmepumpen?“
Christian Ehring ",,agent007653,/r/PolitikBRD/comments/1dnnnyj/wir_haben_in_den_stadien_300_expertinnen_die_sich/,https://v.redd.it/9oabsfkeyk8d1,,19,3,t3_1dnnnyj,2024-06-24 20:34:40+00:00,euro
1dnnucu,1719261710,"„Ich habe mich 10 Jahre um meine Mutter gekümmert […] Ich habe mit Harz IV gelebt und kriege jetzt als Rentner die Quittung. Der Staat hat doppelt gespart. Einmal an der Rente und er hat an meiner Mutter gespart! Das wollen wir dir mal gegenrechnen.“
Ein Anrufer im #Presseclub🔥",,agent007653,/r/PolitikBRD/comments/1dnnucu/ich_habe_mich_10_jahre_um_meine_mutter_gekümmert/,https://v.redd.it/co8fpt4qzk8d1,,36,1,t3_1dnnucu,2024-06-24 20:41:50+00:00,euro
1dnny4w,1719261973,"Alles das, was der Anrufer im #Pressseclub sagt!
#TaxTheRich (@NurderK) ",,agent007653,/r/PolitikBRD/comments/1dnny4w/alles_das_was_der_anrufer_im_pressseclub_sagt/,https://v.redd.it/4bl6uukh0l8d1,,57,6,t3_1dnny4w,2024-06-24 20:46:13+00:00,euro
1dnnyxx,1719262029,Da können wir ja jetzt wieder über Bürgergeld beziehende hetzten! Unglaublich! (@NurderK) ,,agent007653,/r/PolitikBRD/comments/1dnnyxx/da_können_wir_ja_jetzt_wieder_über_bürgergeld/,https://i.redd.it/au01a0fo0l8d1.jpeg,,62,8,t3_1dnnyxx,2024-06-24 20:47:09+00:00,euro
1do5lpd,1719320929,Koalition von AfD und Die Heimat (ehemals NPD) und das Urteil des BVerfG 2017,"Im Jahre 2017 wies das Bundesverfassungsgericht ein Parteiverbotsverfahren gegen die NPD ab mit der Begründung, dass sie nicht die nötige Macht besitzt ihre antidemokratischen Ziele durchzusetzen. Das hat sich jetzt allerdings geändert dank der Koalition von AfD und Die Heimat (ehemals NPD) auf kommunaler Ebene. Die NPD wie auch die AfD können so nach außen hin als Demokratieanhänger auftreten, aber hinterrücks antidemokratische Agenden austüfteln. 

Findet ihr, dass dieser Umgang im Sinne der wehrhaften Demokratie zu nachlässig war angesichts der derzeitig möglichen Folgen?

[View Poll](https://www.reddit.com/poll/1do5lpd)",KohlegerDerbos,/r/PolitikBRD/comments/1do5lpd/koalition_von_afd_und_die_heimat_ehemals_npd_und/,https://www.reddit.com/r/PolitikBRD/comments/1do5lpd/koalition_von_afd_und_die_heimat_ehemals_npd_und/,,7,6,t3_1do5lpd,2024-06-25 13:08:49+00:00,euro
1doj448,1719355429,CSU will arbeitslose Ukrainer zurückschicken ,,agent007653,/r/PolitikBRD/comments/1doj448/csu_will_arbeitslose_ukrainer_zurückschicken/,https://i.redd.it/7l87fvadqs8d1.jpeg,,160,14,t3_1doj448,2024-06-25 22:43:49+00:00,euro
1doj5cx,1719355522,Wenn man versucht den Fall Assange zu checken : ,,agent007653,/r/PolitikBRD/comments/1doj5cx/wenn_man_versucht_den_fall_assange_zu_checken/,https://i.redd.it/devkvqbnqs8d1.jpeg,,42,3,t3_1doj5cx,2024-06-25 22:45:22+00:00,euro
1dp4s8r,1719424038,"Eine Frage, besonders an die Muslime Khola Maryam Hübsch uns",[removed],ponpilatus,/r/PolitikBRD/comments/1dp4s8r/eine_frage_besonders_an_die_muslime_khola_maryam/,https://i.redd.it/zsoggi2gey8d1.jpeg,,1,1,t3_1dp4s8r,2024-06-26 17:47:18+00:00,euro
1dp53rz,1719424844,"Eine Frage, besonders an die Muslime unter uns ",[removed],Jiggyjim,/r/PolitikBRD/comments/1dp53rz/eine_frage_besonders_an_die_muslime_unter_uns/,https://i.redd.it/oxeoho4tgy8d1.jpeg,,1,0,t3_1dp53rz,2024-06-26 18:00:44+00:00,euro
1dp8jpw,1719433404,[image processing failed],[removed],[deleted],/r/PolitikBRD/comments/1dp8jpw/image_processing_failed/,,,1,0,t3_1dp8jpw,2024-06-26 20:23:24+00:00,euro
1dpb4ql,1719439934,Zitat von Bernie Sanders ,,agent007653,/r/PolitikBRD/comments/1dpb4ql/zitat_von_bernie_sanders/,https://i.redd.it/gxwvgyfnpz8d1.jpeg,,39,1,t3_1dpb4ql,2024-06-26 22:12:14+00:00,euro
1dpb6oh,1719440072,"„Es ist unwahrscheinlich, dass die Ministerin davon nichts wusste. Man kann davon ausgehen, dass eine Ministerin, die ihr Haus im Griff hat, davon Bescheid weiß.“ (@arnesemsrott) ",,agent007653,/r/PolitikBRD/comments/1dpb6oh/es_ist_unwahrscheinlich_dass_die_ministerin_davon/,https://v.redd.it/86h12px0qz8d1,,37,1,t3_1dpb6oh,2024-06-26 22:14:32+00:00,euro
1dpb7yd,1719440164,"„Muss sich die Wissenschaftscommunity Sorgen machen, dass sie weiterhin über die Springer-Presse von Ihnen diffamiert werden?“ @NicoleGohlke zu @starkwatzinger 
 ",,agent007653,/r/PolitikBRD/comments/1dpb7yd/muss_sich_die_wissenschaftscommunity_sorgen/,https://v.redd.it/peifjffbqz8d1,,51,4,t3_1dpb7yd,2024-06-26 22:16:04+00:00,euro
1dpb9t3,1719440298,Wir sind am Arsch! (@NurderK) ,,agent007653,/r/PolitikBRD/comments/1dpb9t3/wir_sind_am_arsch_nurderk/,https://v.redd.it/joa9jazqqz8d1,,39,16,t3_1dpb9t3,2024-06-26 22:18:18+00:00,euro
1dpbba1,1719440408,"„Wir müssen vor der Klimakrise geschützt werden von der Regierung. Das ist ihre Verantwortung. Und diese Verantwortung klagen wir ein! […] Das sollte der Bundesregierung hochgradig unangenehm und peinlich sein, dass das überhaupt erst notwendig ist.“ (@Luisamneubauer) ",,agent007653,/r/PolitikBRD/comments/1dpbba1/wir_müssen_vor_der_klimakrise_geschützt_werden/,https://v.redd.it/xprg58n1rz8d1,,43,1,t3_1dpbba1,2024-06-26 22:20:08+00:00,euro
1dpbcce,1719440485,"„Wir befeuern mit Steuergeldern die Klimaschädigung. […] Der teuerste Porsche mit über 300.000 Euro wird in Deutschland bis zu 97 Prozent gewerblich zugelassen. Und sie bekommen bis zu einem Wert einer Eigentumswohnung pro Auto vom Staat dazu.“
Jürgen Resch (@Umwelthilfe)",,agent007653,/r/PolitikBRD/comments/1dpbcce/wir_befeuern_mit_steuergeldern_die/,https://v.redd.it/40tbtgx9rz8d1,,37,3,t3_1dpbcce,2024-06-26 22:21:25+00:00,euro
1dq3mcc,1719526109,"Die erste Wahldebatte steht an.
Machen wir uns bereit für ein rhetorisches Feuerwerk: ",,agent007653,/r/PolitikBRD/comments/1dq3mcc/die_erste_wahldebatte_steht_an_machen_wir_uns/,https://v.redd.it/urtfpe1wt69d1,,27,3,t3_1dq3mcc,2024-06-27 22:08:29+00:00,euro
1dq3vqo,1719526815,EUROPAMEISTER BEI INVESTITIONEN ,,agent007653,/r/PolitikBRD/comments/1dq3vqo/europameister_bei_investitionen/,https://www.reddit.com/gallery/1dq3vqo,,34,14,t3_1dq3vqo,2024-06-27 22:20:15+00:00,euro
1dq3zcj,1719527097,Und täglich grüßt der Ampelstreit ,,agent007653,/r/PolitikBRD/comments/1dq3zcj/und_täglich_grüßt_der_ampelstreit/,https://v.redd.it/0yw50s2uw69d1,,11,1,t3_1dq3zcj,2024-06-27 22:24:57+00:00,euro
1dq40zb,1719527228,Diese Challenge ist wirklich dämlich ! ,,agent007653,/r/PolitikBRD/comments/1dq40zb/diese_challenge_ist_wirklich_dämlich/,https://v.redd.it/iurw1rx6x69d1,,33,4,t3_1dq40zb,2024-06-27 22:27:08+00:00,euro
1dq42on,1719527365,Rechte Codes in Sozialen Netzwerken,,agent007653,/r/PolitikBRD/comments/1dq42on/rechte_codes_in_sozialen_netzwerken/,https://www.reddit.com/gallery/1dq42on,,91,38,t3_1dq42on,2024-06-27 22:29:25+00:00,euro
1dq4frr,1719528416,„Beherzt er auf die Schwachen drischt.“ ,,agent007653,/r/PolitikBRD/comments/1dq4frr/beherzt_er_auf_die_schwachen_drischt/,https://v.redd.it/vp6teogs079d1,,34,4,t3_1dq4frr,2024-06-27 22:46:56+00:00,euro
1dq4h4e,1719528519,Epischer Schwanzvergleich. Aiwanger hat verloren. (@djpr) ,,agent007653,/r/PolitikBRD/comments/1dq4h4e/epischer_schwanzvergleich_aiwanger_hat_verloren/,https://v.redd.it/edx6cibz079d1,,17,2,t3_1dq4h4e,2024-06-27 22:48:39+00:00,euro
1dq4i09,1719528589,inspirierend 🙏 (@elhotzo) ,,agent007653,/r/PolitikBRD/comments/1dq4i09/inspirierend_elhotzo/,https://i.redd.it/lugmipk8179d1.jpeg,,84,26,t3_1dq4i09,2024-06-27 22:49:49+00:00,euro
1dq4j9c,1719528683,"Das Gesicht von #Dobrindt nach dem ihn @BriHasselmann zurechtgewiesen hat - unbezahlbar.
#NieMehrCDUCSU (@NurderK) ",,agent007653,/r/PolitikBRD/comments/1dq4j9c/das_gesicht_von_dobrindt_nach_dem_ihn/,https://v.redd.it/77fj456h179d1,,35,1,t3_1dq4j9c,2024-06-27 22:51:23+00:00,euro
1dq4kax,1719528760,Zitat von Heidi Reichinnek ,,agent007653,/r/PolitikBRD/comments/1dq4kax/zitat_von_heidi_reichinnek/,https://i.redd.it/0c5x3l7s179d1.jpeg,,173,27,t3_1dq4kax,2024-06-27 22:52:40+00:00,euro
1dq4m4n,1719528898,"Alles das, was Georg Mascolo bei #illner sagt! (@NurderK) ",,agent007653,/r/PolitikBRD/comments/1dq4m4n/alles_das_was_georg_mascolo_bei_illner_sagt/,https://v.redd.it/h43gsf97279d1,,20,1,t3_1dq4m4n,2024-06-27 22:54:58+00:00,euro
1dqib1i,1719577192,Wen soll ich wählen?,"Allgemein frage ich mich halt, was billiger ist : Russland Jahrzente lang an der Grenze stehen zu haben oder Milliarden in den Krieg investieren. Gibt es da nicht irgendwelche Expertenrechnungen? ( ist wohl klar zu welcher ""Einkommensschicht"" ich gehöre.",Ok_Cycle_6654,/r/PolitikBRD/comments/1dqib1i/wen_soll_ich_wählen/,https://www.reddit.com/r/PolitikBRD/comments/1dqib1i/wen_soll_ich_wählen/,,1,1,t3_1dqib1i,2024-06-28 12:19:52+00:00,euro
1dqw89z,1719614004,"Zum Vergleich: Bei der WM 2023 erhielten die DFB-Fußballerinnen noch nicht mal eine zusätzliche Prämie vom @DFB, sondern lediglich das vom Weltverband Fifa ausgelobte Preisgeld.
#GERDEN (@NurderK) ",,agent007653,/r/PolitikBRD/comments/1dqw89z/zum_vergleich_bei_der_wm_2023_erhielten_die/,https://i.redd.it/uvszv8u73e9d1.jpeg,,20,1,t3_1dqw89z,2024-06-28 22:33:24+00:00,euro
1dqwbz3,1719614299,"Markus #Lanz versucht @MAStrackZi zu entzaubern, aber das macht sie schon von ganz alleine. Ich bin froh das diese Frau in der Belanglosigkeit von Brüssel verschwindet. (@NurderK) ",,agent007653,/r/PolitikBRD/comments/1dqwbz3/markus_lanz_versucht_mastrackzi_zu_entzaubern/,https://v.redd.it/wkqfj2jx3e9d1,,4,2,t3_1dqwbz3,2024-06-28 22:38:19+00:00,euro
1dqwt81,1719615665,"„Es gibt zwar immer schöne Worte gegen Rechts, aber es gibt ein Handeln, das sich gegen Antifaschist*innen richtet. Und da gibt es zu wenig Protest aus der Zivilgesellschaft & oft genug zu wenig Protest aus den anderen Parteien.“

@KatharinaKoenig über die Zustände in Thüringen. ",,agent007653,/r/PolitikBRD/comments/1dqwt81/es_gibt_zwar_immer_schöne_worte_gegen_rechts_aber/,https://v.redd.it/blho7g678e9d1,,24,3,t3_1dqwt81,2024-06-28 23:01:05+00:00,euro
1dqwuix,1719615766,"""Tilo, meinst du Hitler wäre durch ein Verbot verhindert worden?"" 
""Weiß ich nicht."" 
""Ich auch nicht, aber ...""🫠 Richard David Precht und @TiloJung über ein AfD-Verbot ",,agent007653,/r/PolitikBRD/comments/1dqwuix/tilo_meinst_du_hitler_wäre_durch_ein_verbot/,https://v.redd.it/mbzjsuag8e9d1,,36,39,t3_1dqwuix,2024-06-28 23:02:46+00:00,euro
1dqwwm2,1719615934,"„Nüßlein, Hauptmann, Löbel, Sauter. Alle aus der Union, alle beteiligt an Masken-Affären während Leute ihr Leben riskiert haben, hatten die nichts Besseres zu tun, als sich das eigene Portmonee zu füllen. Das ist an Schäbigkeit kaum zu überbieten“
@HeidiReichinnek zu @jensspahn
🫳
🎤 (@NurderK) ",,agent007653,/r/PolitikBRD/comments/1dqwwm2/nüßlein_hauptmann_löbel_sauter_alle_aus_der_union/,https://v.redd.it/n4f3dcqy8e9d1,,81,8,t3_1dqwwm2,2024-06-28 23:05:34+00:00,euro
1dqx3g8,1719616460,Erstes TV-Duell im US-Wahlkampf: Biden kann gegen Trump nicht punkten ,,agent007653,/r/PolitikBRD/comments/1dqx3g8/erstes_tvduell_im_uswahlkampf_biden_kann_gegen/,https://www.reddit.com/gallery/1dqx3g8,,8,4,t3_1dqx3g8,2024-06-28 23:14:20+00:00,euro
1dqx78i,1719616754,WAGENKNECHT STIMMT NICHT FÜR EIGENE ANTRÄGE ?!,,agent007653,/r/PolitikBRD/comments/1dqx78i/wagenknecht_stimmt_nicht_für_eigene_anträge/,https://www.reddit.com/gallery/1dqx78i,,29,1,t3_1dqx78i,2024-06-28 23:19:14+00:00,euro
1dr5p9d,1719645944,Bürgerräte,"Hallo zusammen! Wer von euch hält Bürgerräte für ein gutes Instrument, um die Akzeptanz für demokratische Verfahren zu steigern? Der letzte war ja zu Ernährungsfrage; die Durchführung wurde im Oktober 2023 beschlossen. Das Ganze hat wenig Öffentlichkeit und gerade wirkt es, als läge das auf der langen Bank. Kennt jemand den aktuellen Stand? ",F-W_Lpz_,/r/PolitikBRD/comments/1dr5p9d/bürgerräte/,https://www.reddit.com/r/PolitikBRD/comments/1dr5p9d/bürgerräte/,,1,0,t3_1dr5p9d,2024-06-29 07:25:44+00:00,euro
1dr5xmc,1719646946,Deutschland ,[removed],[deleted],/r/PolitikBRD/comments/1dr5xmc/deutschland/,,,1,0,t3_1dr5xmc,2024-06-29 07:42:26+00:00,euro
1dr68xo,1719648286,Was ist mit Deutschland passiert ? ,[removed],diamantenfieber,/r/PolitikBRD/comments/1dr68xo/was_ist_mit_deutschland_passiert/,https://www.reddit.com/r/PolitikBRD/comments/1dr68xo/was_ist_mit_deutschland_passiert/,,1,0,t3_1dr68xo,2024-06-29 08:04:46+00:00,euro
1dra3s3,1719664070,Was hat es mit der Demokratie zu tun?,"Hallo,

Was hat die AfD mit der Demokratie zu tun? 

Ich weiß ja, dass die Partei rechts ist..

Danke vorab!",john_boyn,/r/PolitikBRD/comments/1dra3s3/was_hat_es_mit_der_demokratie_zu_tun/,https://www.reddit.com/r/PolitikBRD/comments/1dra3s3/was_hat_es_mit_der_demokratie_zu_tun/,,1,0,t3_1dra3s3,2024-06-29 12:27:50+00:00,euro
1dramos,1719665870,Ist die Europäische Union nur eine Scheindemokratie?,,agent007653,/r/PolitikBRD/comments/1dramos/ist_die_europäische_union_nur_eine/,/r/politik/comments/1dovi6i/ist_die_europäische_union_nur_eine/,,1,0,t3_1dramos,2024-06-29 12:57:50+00:00,euro
1drd4kc,1719673277,"Hi, was sind die Vor und Nachteile Mitglied der EU zu sein ? ","Diese Frage habe ich mir heute mal wieder gestellt, habe sie dann auch chatgpt gestellt.

Die antwort der KI war folgende : 

Die Mitgliedschaft in der Europäischen Union bringt für die Mitgliedstaaten zahlreiche Vor- und Nachteile mit sich. Hier sind einige der wichtigsten:

### Vorteile:

1. **Wirtschaftliche Vorteile**:
   - **Binnenmarkt**: Zugang zu einem großen, gemeinsamen Markt ohne Zölle und andere Handelsbarrieren, was den Handel erleichtert und fördert.
   - **Freier Personen-, Waren-, Dienstleistungs- und Kapitalverkehr**: Bürger und Unternehmen können sich frei in der gesamten EU bewegen und Geschäfte tätigen.
   - **Fördermittel und Strukturhilfen**: Mitgliedstaaten erhalten finanzielle Unterstützung für Entwicklungsprojekte, Infrastruktur und andere Bereiche.

2. **Politische und soziale Vorteile**:
   - **Frieden und Stabilität**: Die EU hat maßgeblich dazu beigetragen, Frieden und Stabilität in Europa zu sichern.
   - **Einfluss in der Weltpolitik**: Gemeinsame Außen- und Sicherheitspolitik stärkt die Position der EU auf globaler Ebene.
   - **Gemeinsame Standards**: Harmonisierung von Normen und Regelungen erleichtert den grenzüberschreitenden Austausch und erhöht die Qualität von Produkten und Dienstleistungen.

3. **Rechte und Freiheiten**:
   - **Freizügigkeit**: EU-Bürger können in jedem Mitgliedstaat leben, arbeiten und studieren.
   - **Verbraucherschutz**: Starke Schutzbestimmungen für Verbraucher, einschließlich Rückgaberechte, Datenschutz und Produktsicherheit.

4. **Bildung und Forschung**:
   - **Erasmus-Programm**: Bietet Studierenden die Möglichkeit, im Ausland zu studieren und von internationalem Austausch zu profitieren.
   - **Forschungsförderung**: Unterstützung von wissenschaftlicher Zusammenarbeit und Innovation durch Programme wie Horizon 2020.

### Nachteile:

1. **Souveränitätseinbußen**:
   - **Übertragung von Kompetenzen**: Mitgliedstaaten müssen einige nationale Kompetenzen an supranationale Institutionen abgeben.
   - **Regulierungsdruck**: EU-Vorschriften können als einschränkend empfunden werden und zu Bürokratie führen.

2. **Wirtschaftliche Herausforderungen**:
   - **Beiträge zum EU-Haushalt**: Mitgliedstaaten müssen finanzielle Beiträge zum EU-Budget leisten.
   - **Asymmetrische Schocks**: Einheitliche Geldpolitik der Eurozone kann für einzelne Mitgliedstaaten problematisch sein, wenn ihre wirtschaftlichen Bedürfnisse unterschiedlich sind.

3. **Migration und soziale Spannungen**:
   - **Freizügigkeit der Arbeitskräfte**: Kann in einigen Ländern zu sozialen Spannungen und Konkurrenz auf dem Arbeitsmarkt führen.
   - **Flüchtlingspolitik**: Gemeinsame Migrationspolitik kann als unzureichend empfunden werden und nationale Herausforderungen verstärken.

4. **Demokratische Defizite**:
   - **Komplexe Entscheidungsprozesse**: EU-Entscheidungen können als weit entfernt von den Bürgern und schwer nachvollziehbar wahrgenommen werden.
   - **Einfluss der Lobbyisten**: Befürchtungen, dass große Konzerne und Interessengruppen überproportionalen Einfluss auf EU-Entscheidungen haben.

Zusammengefasst bietet die Mitgliedschaft in der EU zahlreiche Vorteile in den Bereichen Wirtschaft, Politik, soziale Rechte und internationale Zusammenarbeit. Gleichzeitig bringt sie jedoch auch Herausforderungen und Nachteile mit sich, insbesondere im Hinblick auf nationale Souveränität, wirtschaftliche Anpassungen und soziale Spannungen.

Seht ihr manche Punkte anders oder habt ihr was hinzuzufügen ? Dann gerne 🙏🏼 ",agent007653,/r/PolitikBRD/comments/1drd4kc/hi_was_sind_die_vor_und_nachteile_mitglied_der_eu/,https://www.reddit.com/r/PolitikBRD/comments/1drd4kc/hi_was_sind_die_vor_und_nachteile_mitglied_der_eu/,,0,6,t3_1drd4kc,2024-06-29 15:01:17+00:00,euro
1drhgtt,1719685239,Grüne Gebäude statt Betonwüste ,,agent007653,/r/PolitikBRD/comments/1drhgtt/grüne_gebäude_statt_betonwüste/,https://www.reddit.com/gallery/1drhgtt,,20,1,t3_1drhgtt,2024-06-29 18:20:39+00:00,euro
1drhirt,1719685387,"What could possibly go wrong, UEFA?",,agent007653,/r/PolitikBRD/comments/1drhirt/what_could_possibly_go_wrong_uefa/,https://i.redd.it/zbwb4whizj9d1.jpeg,,24,1,t3_1drhirt,2024-06-29 18:23:07+00:00,euro
1drhkye,1719685559,WARUM MACHT DIE ARD WERBUNG FÜR TEMU ? ,,agent007653,/r/PolitikBRD/comments/1drhkye/warum_macht_die_ard_werbung_für_temu/,https://www.reddit.com/gallery/1drhkye,,2,1,t3_1drhkye,2024-06-29 18:25:59+00:00,euro
1drhl1j,1719685565,WARUM MACHT DIE ARD WERBUNG FÜR TEMU ? ,,agent007653,/r/PolitikBRD/comments/1drhl1j/warum_macht_die_ard_werbung_für_temu/,https://www.reddit.com/gallery/1drhl1j,,1,0,t3_1drhl1j,2024-06-29 18:26:05+00:00,euro
1drhojz,1719685830,"""Ich steh ja auch mit meinem Namen dafür, dass hier ein bestimmtes Programm gewählt wird und ich möchte schon, dass die Menschen... inhaltlich für das stehen, wofür ich auch stehe.""

Für mich klingt das alles nicht nach demokratischer Partei, sondern nach Sekte. (@wenig_worte) 

",,agent007653,/r/PolitikBRD/comments/1drhojz/ich_steh_ja_auch_mit_meinem_namen_dafür_dass_hier/,https://v.redd.it/8giuyucr0k9d1,,31,11,t3_1drhojz,2024-06-29 18:30:30+00:00,euro
1drhpxd,1719685930,"Ich finde es erschreckend, wenn ein Repräsentant der Bundesregierung ein solches Medium wie Nius mit einem Interview legitimiert & normalisiert. (@Storch_i) ",,agent007653,/r/PolitikBRD/comments/1drhpxd/ich_finde_es_erschreckend_wenn_ein_repräsentant/,https://i.redd.it/777dbib51k9d1.jpeg,,93,11,t3_1drhpxd,2024-06-29 18:32:10+00:00,euro
1drhrst,1719686074,"#Wärmepumpen unter Vollast sind so laut! 
Legionellentag mit 65C Warmwasseraufbereitung mit 2.150Watt PV-Strom. 
Man beachte die WP Lautstärke im Verhältnis zum 3 m entfernten Quellstein und Straßenlärm (@HelmPeter) ",,agent007653,/r/PolitikBRD/comments/1drhrst/wärmepumpen_unter_vollast_sind_so_laut/,https://v.redd.it/23p76x6g1k9d1,,23,9,t3_1drhrst,2024-06-29 18:34:34+00:00,euro
1drl17a,1719695120,Ich finde egal was ihr wählt aber bitte nicht sie AFD wählt was ihr wollt aber nicht undemokratische Parteien ,,Flx_06a,/r/PolitikBRD/comments/1drl17a/ich_finde_egal_was_ihr_wählt_aber_bitte_nicht_sie/,https://www.reddit.com/r/PolitikBRD/comments/1drl17a/ich_finde_egal_was_ihr_wählt_aber_bitte_nicht_sie/,,1,0,t3_1drl17a,2024-06-29 21:05:20+00:00,euro
1drn60q,1719701250,Hat jemand Lust über Politik zu diskutieren ,,Geileschwein,/r/PolitikBRD/comments/1drn60q/hat_jemand_lust_über_politik_zu_diskutieren/,https://www.reddit.com/r/PolitikBRD/comments/1drn60q/hat_jemand_lust_über_politik_zu_diskutieren/,,1,0,t3_1drn60q,2024-06-29 22:47:30+00:00,euro
1drvpt9,1719731079,Es gibt Hoffnung!,,dkDAnCE,/r/PolitikBRD/comments/1drvpt9/es_gibt_hoffnung/,https://www.n-tv.de/politik/Lindner-will-Steuersenkungen-oder-er-dankt-ab-article25052564.html,,1,8,t3_1drvpt9,2024-06-30 07:04:39+00:00,euro
1ds9qw3,1719776701,"Globale Ungleichheit: 
Diskussion über weltweite Milliardärssteuer",,agent007653,/r/PolitikBRD/comments/1ds9qw3/globale_ungleichheit_diskussion_über_weltweite/,https://www.reddit.com/gallery/1ds9qw3,,140,46,t3_1ds9qw3,2024-06-30 19:45:01+00:00,euro
1ds9vdh,1719777030,NEUE CHEFIN? EHER SELTEN,,agent007653,/r/PolitikBRD/comments/1ds9vdh/neue_chefin_eher_selten/,https://www.reddit.com/gallery/1ds9vdh,,13,10,t3_1ds9vdh,2024-06-30 19:50:30+00:00,euro
1dsa0i3,1719777402,WARUM MACHT DIE ARD WERBUNG FÜR TEMU ?  ,,agent007653,/r/PolitikBRD/comments/1dsa0i3/warum_macht_die_ard_werbung_für_temu/,https://www.reddit.com/gallery/1dsa0i3,,41,5,t3_1dsa0i3,2024-06-30 19:56:42+00:00,euro
1dsawus,1719779776,"Alles das, was  @SvenjaAppuhn über die aktuelle Migrationspolitik sagt! (@NurderK) ",,agent007653,/r/PolitikBRD/comments/1dsawus/alles_das_was_svenjaappuhn_über_die_aktuelle/,https://v.redd.it/aanvj605sr9d1,,46,12,t3_1dsawus,2024-06-30 20:36:16+00:00,euro
1dsb4tt,1719780364,"„Es ist mittlerweile in diesem Land normal, dass Schlagzeilen kommen wie „Der Deutschlandtakt wurde auf 2070 verschoben.“ Das ist einfach so. Das wird auch nicht mehr groß hinterfragt.“
@nymoen_ole im #Presseclub",,agent007653,/r/PolitikBRD/comments/1dsb4tt/es_ist_mittlerweile_in_diesem_land_normal_dass/,https://v.redd.it/bwoqgt7qtr9d1,,27,1,t3_1dsb4tt,2024-06-30 20:46:04+00:00,euro
1dsd8nv,1719786064,"Wow! Paris beginnt jetzt die ersten roten Radwege nach 🇳🇱 Vorbild zu bauen, um sie noch sicherer und sichtbarer zu machen und offensichtlich nehmen die Pariser sie so wunderbar an❤️ (@Perowinger94) 
",,agent007653,/r/PolitikBRD/comments/1dsd8nv/wow_paris_beginnt_jetzt_die_ersten_roten_radwege/,https://v.redd.it/qmgpdkhvas9d1,,42,8,t3_1dsd8nv,2024-06-30 22:21:04+00:00,euro
1dsd9vu,1719786158,"Da möchte ein Mann ein Balkonkraftwerk anbringen doch die LEG-Wohnen so: „Wir würden, sofern die Verkehrssicherung eingehalten & das Erscheinungsbild des Gebäudes nicht beeinträchtigt wird, eine Genehmigung ⬇️ ",,agent007653,/r/PolitikBRD/comments/1dsd9vu/da_möchte_ein_mann_ein_balkonkraftwerk_anbringen/,https://v.redd.it/tyjcm3c3bs9d1,,11,1,t3_1dsd9vu,2024-06-30 22:22:38+00:00,euro
1dsdasd,1719786229,"„In der Bevölkerung ist der Eindruck da: Man führt mit Bürgergeld ein Lotterleben. Das ist aber eine mediale Verzerrung, die dazu geführt hat. Denn defakto ist das Bürgergeld so hoch wie vorher Hartz IV.“
@nymoen_ole im #Presseclub",,agent007653,/r/PolitikBRD/comments/1dsdasd/in_der_bevölkerung_ist_der_eindruck_da_man_führt/,https://v.redd.it/u7y67d2ebs9d1,,67,20,t3_1dsdasd,2024-06-30 22:23:49+00:00,euro
1dswpwj,1719849903,Idee um Dogmatismus schnell aufzubrechen ?! ,"Ich habe chatgpt plus und habe jetzt in den letzten Tagen chatgpt vermehrt dazu genutzt um direkt thesen und aussagen die ich in einem Podcast höre 1 mal oberflächlich zu „peer reviewen“ und ich finde diese Idee echt gut. Vor allem wenn man wenig Zeit hat und gerade wenig Arbeit reinstecken will in das überprüfen von Aussagen von Menschen die irgendwie shady wirken. Und jaa chatgpt hat seine grenzen, ich nutze es nur quasi wie so ein ganz grober filter der mir schonmal zeigt, „alles klar, zu diesem thema gibt es weit aus mehr perspektiven und infos als das was person xy behauptet hat“.

Wie findet ihr die Idee chatgpt auch im bekanntenkreis oder unter freunden in diskussionen zu nutzen, indem man sagt „hey alles klar deine aussagen wirken sehr populistisch und oberflächlich, lass uns mal gucken ob chatgpt noch mehr perspektiven ausspuckt und uns somit zeigt dass das Thema zu unterkomplex betrachtet wurde“ bspw. irgendwelche populistischen takes einfach bei chatgpt eingeben und dann der person die diese takes bringt vorhalten, dass diese takes ziemlich unterkomplex waren. Vll findet dann die ein oder andere dogmatische person dann zur demut indem sie sieht „okay ich weiß ja ziemlich wenig über sache xy“.

Auch finde ich hilft chatgpt um pro und contra argumente aufzulisten, wenn man meint es gibt sicher noch viele argumente nur fallen sie einem nicht ein (aufgrund von verfügbarkeitsheuristik, self serving bias etc.) dazu kann man gpt ja auch als advocatus diaboli nutzen 🙏🏼

Also wenn man mal wieder am familentisch oder so mit schwurbelein und shady takes von Onkel xy konfrontiert wird, kann man chatgpt zum Teil die Arbit von einem selber übernehmen lassen und dort wo chatgpts wissen falsch ist oder nicht ausreicht man natürlich ergänzen kann

(alles natürlich zwecks effizienz, “The amount of energy needed to refute bullshit is an order of magnitude bigger than to produce it.”) 

Was haltet ihr von dem ganzen ?",agent007653,/r/PolitikBRD/comments/1dswpwj/idee_um_dogmatismus_schnell_aufzubrechen/,https://www.reddit.com/r/PolitikBRD/comments/1dswpwj/idee_um_dogmatismus_schnell_aufzubrechen/,,2,2,t3_1dswpwj,2024-07-01 16:05:03+00:00,euro
1dsxvl4,1719852744,"Geschlagen, misshandelt, getötet ",,agent007653,/r/PolitikBRD/comments/1dsxvl4/geschlagen_misshandelt_getötet/,https://www.reddit.com/gallery/1dsxvl4,,17,5,t3_1dsxvl4,2024-07-01 16:52:24+00:00,euro
1dsy18d,1719853124,Das ändert sich im Juli ,,agent007653,/r/PolitikBRD/comments/1dsy18d/das_ändert_sich_im_juli/,https://i.redd.it/ll4f9d0aux9d1.jpeg,,39,8,t3_1dsy18d,2024-07-01 16:58:44+00:00,euro
1dt10uq,1719860446,Erlebnispark AfD ,,agent007653,/r/PolitikBRD/comments/1dt10uq/erlebnispark_afd/,https://v.redd.it/s2hu3r6zfy9d1,,1,0,t3_1dt10uq,2024-07-01 19:00:46+00:00,euro
1dt11zn,1719860516,Hier erlebst du dein blaues Wunder! ,,agent007653,/r/PolitikBRD/comments/1dt11zn/hier_erlebst_du_dein_blaues_wunder/,https://v.redd.it/mp2gvxe9gy9d1,,25,1,t3_1dt11zn,2024-07-01 19:01:56+00:00,euro
1dt262e,1719863268,"Macron gibt den Franzosen das Vertrauen, ""die beste Entscheidung für sich selbst und seine zukünftigen Generationen zu treffen."" Sacre blöd!",,agent007653,/r/PolitikBRD/comments/1dt262e/macron_gibt_den_franzosen_das_vertrauen_die_beste/,https://i.redd.it/z8v8mas9oy9d1.jpeg,,54,15,t3_1dt262e,2024-07-01 19:47:48+00:00,euro
1dt2ppw,1719864606,FLEISCHERSATZ FOR FUTURE,,agent007653,/r/PolitikBRD/comments/1dt2ppw/fleischersatz_for_future/,https://v.redd.it/1swy8cepry9d1,,37,18,t3_1dt2ppw,2024-07-01 20:10:06+00:00,euro
1dt2sh1,1719864790,Deutsche Rüstungsexporte erneut gestiegen,,agent007653,/r/PolitikBRD/comments/1dt2sh1/deutsche_rüstungsexporte_erneut_gestiegen/,https://www.reddit.com/gallery/1dt2sh1,,21,9,t3_1dt2sh1,2024-07-01 20:13:10+00:00,euro
1dtgsyy,1719908820,Ich wünsche mir so sehr eine neue Partei!,"

https://preview.redd.it/yv0jx6dwf2ad1.jpg?width=640&format=pjpg&auto=webp&s=22f7f21e213962524fc5406f560a70514dffc619

Ich bin jetzt viele Jahre Mitglied in der FDP **gewesen**. Ich war bisher der Ansicht, dass eine freie Marktwirtschaft das Ziel aller Dinge ist doch sehe inzwischen, dass unsere Wirtschaft von wenige dominiert wird, das Trickle-down nicht funktioniert und Menschen mit keinem/geringen Einkommen, selbst mit durchschnittlichen Einkommen immer schlechter zurechtkommen, während sich auf der anderen Seite Kapital immer weiter akkumuliert.

Und ich sehe, wie unsere Politik zerfressen ist von Intransparenz, Lügen und wirtschaftlichem Eigennutz. Unglaublich langsame Prozesse, ein gigantischer Bürokratie-Apparat, mangelnde Digitalisierung, ein schwächelndes Gesundheitssystem usw. – ich verstehe, warum Menschen wütend und enttäuscht sind (auch wenn dies niemals ein Grund sein darf, Nazis wieder an die Macht zu wählen oder deren Gebaren und Sprache zu adaptieren).

Ich möchte mich gerne engagieren und das nicht nur lokal, sondern national, aber die großen bestehenden Parteien sind (aus meiner Beobachtung) durchfressen von Intrigen, Lügen, mangelndem Respekt und fehlender Demut gegenüber den großen Verantwortungen der Politik. Aufklärungen werden verschleiert und verzögert (sei es Cum-Ex, Warburg, Ahrtal, Nord-Stream usw.).

Ich würde so unglaublich gern eine Partei gründen, die sich der Gerechtigkeit und dem Gemeinwohl verschreibt. Eine Partei, die kontinuierlich transparent über Fortschritte aber auch Fehler berichtet, eine Partei, die der Opposition zuhört und gute Vorschläge adaptiert und sie nicht nur verwirft, weil der Antragsteller aus einer Opposition ist (auch hier natürlich abgesehen von menschenverachtenden undemokratischen Parteien). Ich möchte eine Partei, die keine Interviews ablehnt und die über ihre Schritte jederzeit Rechenschaft ablegt. Ich möchte eine Partei, die als Reaktion auf zu wenig Kita-Plätze nicht auf die Idee kommt, Geflüchtete des Landes zu verweisen, sondern sich fragt, warum wir so wenig Kitas haben (dieses Beispiel lässt sich auf so vieles übertragen). Ich möchte eine Partei, die versteht, dass wir auf einem Planeten leben und Protektionismus und Isolation Werkzeuge der Vergangenheit sind, dass wir unsere Kompetenzen bündeln und voneinander lernen müssen. Ich möchte, dass wir über unsere Landesgrenze schauen und sehen, was in anderen Nationen gut und gerecht läuft und wie wir diese Dinge übernehmen können. Eine Partei, die den Schulterschluss mit allen demokratischen Ländern dieser Erde sucht und dabei ebenso Transparenz und Gerechtigkeit einfordert und sich weder nur dem Westen noch dem Osten anbiedert (ohne sich vor Putin zu bücken oder vor Monarchen aus dem Nahen Osten zu buckeln). Ich möchte eine Partei, die Gewinne von Großunternehmen und Vermögen einzelner stärker besteuert und diese dem Gemeinwohl zukommen lässt, die Heuschrecken und Wohnungs-Monopole blockiert und Lobbyisten von Konzernen vor die Tür setzt. Eine Partei, die sich nicht selber feiert, sondern mit demut und respekt und mut die Herausforderungen unserer Zeit bewältigen. Eine Partei, welche die Natur, Tiere und das Leben als solches mit all seiner Vielfalt und Buntheit achtet und versteht.",B4st1n3um4nn,/r/PolitikBRD/comments/1dtgsyy/ich_wünsche_mir_so_sehr_eine_neue_partei/,https://www.reddit.com/r/PolitikBRD/comments/1dtgsyy/ich_wünsche_mir_so_sehr_eine_neue_partei/,,1,1,t3_1dtgsyy,2024-07-02 08:27:00+00:00,euro
1dtoufq,1719934701,Wie kommt man an einen Posten in der Politik?,"Also kurz gesagt: 10 Jahre lang Parkbänke mit Rentnern auf kommunaler Ebene aufstellen, bis man genug geschleimt hat, damit irgendein Vorsitzender einen in eine Position hievt, ist mir zu anstrengend. Ich möchte direkt irgendwo eine Stelle bekommen, wo man ein paar K für nichts tun bekommt, so wie die ganzen anderen ""Politiker"". Ergo, ein warmes Plätzchen. Welche Vorschläge habt ihr da?

Seit der Reportage über Benko muss man ja eigentlich nur genug Patte haben um sich über einen Ex-Politiker einzukaufen.",Party-Log-1084,/r/PolitikBRD/comments/1dtoufq/wie_kommt_man_an_einen_posten_in_der_politik/,https://www.reddit.com/r/PolitikBRD/comments/1dtoufq/wie_kommt_man_an_einen_posten_in_der_politik/,,2,4,t3_1dtoufq,2024-07-02 15:38:21+00:00,euro
1dtz92p,1719961079,"Laut Supreme Court stehe der Präsident aber ""nicht über dem Gesetz"". Trump so: Hold my beer! 🇺🇸 ",,agent007653,/r/PolitikBRD/comments/1dtz92p/laut_supreme_court_stehe_der_präsident_aber_nicht/,https://i.redd.it/i21ylsfbr6ad1.jpeg,,36,1,t3_1dtz92p,2024-07-02 22:57:59+00:00,euro
1dtza74,1719961165,SIEGEN DIE RECHTSEXTREMEN? ,,agent007653,/r/PolitikBRD/comments/1dtza74/siegen_die_rechtsextremen/,https://www.reddit.com/gallery/1dtza74,,15,2,t3_1dtza74,2024-07-02 22:59:25+00:00,euro
1dtzdgq,1719961402,"„Eine Sozialdemokratie, die, wenn es eng wird, wenn es hart auf hart kommt, zuerst bei den spart, die am wenigsten haben. Die wird es mit uns nicht mehr geben.“
Tim Klüssendorf, SPD zu @jensteutrine im #MoMa",,agent007653,/r/PolitikBRD/comments/1dtzdgq/eine_sozialdemokratie_die_wenn_es_eng_wird_wenn/,https://v.redd.it/c41312n8s6ad1,,59,7,t3_1dtzdgq,2024-07-02 23:03:22+00:00,euro
1dtzmfo,1719962104,Das „freundliche“ Gesicht des Faschismus. (@djpr)  ,,agent007653,/r/PolitikBRD/comments/1dtzmfo/das_freundliche_gesicht_des_faschismus_djpr/,https://i.redd.it/35onhf6bu6ad1.jpeg,,36,1,t3_1dtzmfo,2024-07-02 23:15:04+00:00,euro
1dtznue,1719962211,"„Die nachhaltigste Europameisterschaft aller Zeiten!“

• @Bundeskanzler fliegt von Frankfurt nach Berlin.
•@ABaerbock fliegt von Frankfurt 180 km nach Luxemburg.
•Englische Nationalelf fliegt 28 Minuten von Köln nach Erfurt.
•Türkei fliegt von Hannover 25 Minuten nach Hamburg. ⬇️ ",,agent007653,/r/PolitikBRD/comments/1dtznue/die_nachhaltigste_europameisterschaft_aller/,https://v.redd.it/m580k9eku6ad1,,36,10,t3_1dtznue,2024-07-02 23:16:51+00:00,euro
1dtzq1q,1719962385,"Wer von Abschiebung im großen Stil redet. Wer Abschiebungen nach Afghanistan fordert und diskriminierende Bezahlkarten einführt, der löst kein einziges reales Problem, der betreibt das Geschäft der Rechten.“ @Janine_Wissler 🫳🎤",,agent007653,/r/PolitikBRD/comments/1dtzq1q/wer_von_abschiebung_im_großen_stil_redet_wer/,https://v.redd.it/b4ayhd66v6ad1,,100,29,t3_1dtzq1q,2024-07-02 23:19:45+00:00,euro
1dusgy0,1720049363,Wer ist aktuell der beliebteste Politiker in Deutschland? Und warum?,,agent007653,/r/PolitikBRD/comments/1dusgy0/wer_ist_aktuell_der_beliebteste_politiker_in/,https://www.reddit.com/gallery/1dusgy0,,27,26,t3_1dusgy0,2024-07-03 23:29:23+00:00,euro
1dusktl,1720049677,EM: EIN FEST AUCH FÜR NATIONALISTEN,,agent007653,/r/PolitikBRD/comments/1dusktl/em_ein_fest_auch_für_nationalisten/,https://www.reddit.com/gallery/1dusktl,,20,2,t3_1dusktl,2024-07-03 23:34:37+00:00,euro
1dve9vy,1720118964,Unter linken Kommilitonen,,RainerMariaRitter,/r/PolitikBRD/comments/1dve9vy/unter_linken_kommilitonen/,https://www.corrigenda.online/kultur/unter-linken-kommilitonen,,0,4,t3_1dve9vy,2024-07-04 18:49:24+00:00,euro
1dw6sk9,1720209128,"Ist es okay, stolz auf das eigene Land zu sein? ",,agent007653,/r/PolitikBRD/comments/1dw6sk9/ist_es_okay_stolz_auf_das_eigene_land_zu_sein/,https://v.redd.it/5cgqe13j8rad1,,14,14,t3_1dw6sk9,2024-07-05 19:52:08+00:00,euro
1dw7aq8,1720210423,TOXISCHE MÄNNLICHKEIT,,agent007653,/r/PolitikBRD/comments/1dw7aq8/toxische_männlichkeit/,https://v.redd.it/1m7v4jihcrad1,,2,3,t3_1dw7aq8,2024-07-05 20:13:43+00:00,euro
1dw7u3r,1720211851,Trotz hoher Nachfrage: Fast zwei Millionen Wohnungen leer ,,agent007653,/r/PolitikBRD/comments/1dw7u3r/trotz_hoher_nachfrage_fast_zwei_millionen/,https://www.reddit.com/gallery/1dw7u3r,,29,6,t3_1dw7u3r,2024-07-05 20:37:31+00:00,euro
1dw7vi7,1720211957,TOXISCHE WEIBLICHKEIT,,agent007653,/r/PolitikBRD/comments/1dw7vi7/toxische_weiblichkeit/,https://v.redd.it/xgun5869hrad1,,6,5,t3_1dw7vi7,2024-07-05 20:39:17+00:00,euro
1dw7wzt,1720212061,KEIN PLAN FÜRS KLIMA,,agent007653,/r/PolitikBRD/comments/1dw7wzt/kein_plan_fürs_klima/,https://www.reddit.com/gallery/1dw7wzt,,20,3,t3_1dw7wzt,2024-07-05 20:41:01+00:00,euro
1dw7z0l,1720212204,DEMOKRATIE WEGSPAREN ? ,,agent007653,/r/PolitikBRD/comments/1dw7z0l/demokratie_wegsparen/,https://i.redd.it/o1x4vf3zhrad1.jpeg,,89,10,t3_1dw7z0l,2024-07-05 20:43:24+00:00,euro
1dw81xi,1720212412,Immer mehr Balkonkraftwerke,,agent007653,/r/PolitikBRD/comments/1dw81xi/immer_mehr_balkonkraftwerke/,https://i.redd.it/opa7zmkfirad1.jpeg,,8,1,t3_1dw81xi,2024-07-05 20:46:52+00:00,euro
1dw83ym,1720212559,WAHLKLATSCHE FÜR KONSERVATIVE IN UK,,agent007653,/r/PolitikBRD/comments/1dw83ym/wahlklatsche_für_konservative_in_uk/,https://www.reddit.com/gallery/1dw83ym,,31,9,t3_1dw83ym,2024-07-05 20:49:19+00:00,euro
1dwkuif,1720253998,Was kann man gegen Ungarn machen?,"Wieso lässt man sich gefühlt von Ungarn so auf der Nase rumtanzen? Erst der Alleingang mit Putin, nun die Absage der Bearbock Reise und natürlich alles was bisher passiert ist.
Ich Frage mich (natürlich überspitzt formuliert): wieso können wir Ungarn nicht einfach aus der EU schmeißen?",bjberry00,/r/PolitikBRD/comments/1dwkuif/was_kann_man_gegen_ungarn_machen/,https://www.reddit.com/r/PolitikBRD/comments/1dwkuif/was_kann_man_gegen_ungarn_machen/,,4,6,t3_1dwkuif,2024-07-06 08:19:58+00:00,euro
1dx0kmm,1720302586,BUNDESTAGSABGEORDNETE BEKOMMEN HOHERE DIÄTEN. ,,agent007653,/r/PolitikBRD/comments/1dx0kmm/bundestagsabgeordnete_bekommen_hohere_diäten/,https://www.reddit.com/gallery/1dx0kmm,,10,1,t3_1dx0kmm,2024-07-06 21:49:46+00:00,euro
1dx0m76,1720302709,KEIN PLAN FÜRS KLIMA ,,agent007653,/r/PolitikBRD/comments/1dx0m76/kein_plan_fürs_klima/,https://www.reddit.com/gallery/1dx0m76,,1,1,t3_1dx0m76,2024-07-06 21:51:49+00:00,euro
1dx0nut,1720302840,WO IST DENN EUER KLIMAWANDEL ?! ,,agent007653,/r/PolitikBRD/comments/1dx0nut/wo_ist_denn_euer_klimawandel/,https://www.reddit.com/gallery/1dx0nut,,54,14,t3_1dx0nut,2024-07-06 21:54:00+00:00,euro
1dx129a,1720303929,Nach langem Streit: Ampel-Spitzen einigen sich auf Haushalt 2025,,agent007653,/r/PolitikBRD/comments/1dx129a/nach_langem_streit_ampelspitzen_einigen_sich_auf/,https://www.reddit.com/gallery/1dx129a,,13,3,t3_1dx129a,2024-07-06 22:12:09+00:00,euro
1dx1dlw,1720304810,Zitat von Anna Lehmann ,,agent007653,/r/PolitikBRD/comments/1dx1dlw/zitat_von_anna_lehmann/,https://i.redd.it/wewkdwyd5zad1.jpeg,,142,15,t3_1dx1dlw,2024-07-06 22:26:50+00:00,euro
1dx1owu,1720305705,"Ich vergleiche mich auch mit anderen, Herr @c_lindner. Und frage Sie daher: Wie kann es dann sein, dass Frau Susanne Klatten weniger Abgaben als ich habe ? (NurderK) ",,agent007653,/r/PolitikBRD/comments/1dx1owu/ich_vergleiche_mich_auch_mit_anderen_herr_c/,https://v.redd.it/g4rhg6ds5zad1,,25,21,t3_1dx1owu,2024-07-06 22:41:45+00:00,euro
1dx1tgi,1720306067,"„Wir haben eine sehr hohe Vermögensungleichheit in Deutschland und reden die ganze Zeit nur darüber, wie wir bei denen, denen es wirklich schlecht geht, noch etwas abkapseln, und über das reichste ein Prozent der Bevölkerung reden wir überhaupt nicht.“
@ale_notbeer im #Presseclub ",,agent007653,/r/PolitikBRD/comments/1dx1tgi/wir_haben_eine_sehr_hohe_vermögensungleichheit_in/,https://v.redd.it/g9t9iiq88zad1,,81,8,t3_1dx1tgi,2024-07-06 22:47:47+00:00,euro
1dx1umm,1720306160,"Arme Menschen, die aus Geldmangel Lebensmittel & Hygieneartikel stehlen oder kein Ticket für den ÖPNV lösen, werden bestraft, da greift der Staat hart durch, aber kriminell erworbene hohe Vermögen bleiben unangetastet? Das ist eine riesige Ungerechtigkeit & so macht man sich als Regierung zum ⬇️ ",,agent007653,/r/PolitikBRD/comments/1dx1umm/arme_menschen_die_aus_geldmangel_lebensmittel/,https://v.redd.it/e83dyt4e9zad1,,67,4,t3_1dx1umm,2024-07-06 22:49:20+00:00,euro
1dx1w8f,1720306282,"„Wenn die @fdp nur noch blockieren aber nicht mehr regieren möchte, soll sie halt gehen. Wir rufen dazu auf, keine Angst vor den permanenten Drohung von @c_lindner zu haben.“
@PhilippTuermer ",,agent007653,/r/PolitikBRD/comments/1dx1w8f/wenn_die_fdp_nur_noch_blockieren_aber_nicht_mehr/,https://v.redd.it/160nfgpq9zad1,,28,1,t3_1dx1w8f,2024-07-06 22:51:22+00:00,euro
1dygxss,1720465119,Ich finde für so wenig Jahre ist das ordentlich Unterschied,Und ein noch besserer Grund sich mal zu vergleichen und sich mal anzuschauen was man vielleicht erreicht hat,SDDHSoldat,/r/PolitikBRD/comments/1dygxss/ich_finde_für_so_wenig_jahre_ist_das_ordentlich/,https://www.reddit.com/gallery/1dygxss,,2,2,t3_1dygxss,2024-07-08 18:58:39+00:00,euro
1dykck3,1720473267,Wie gerecht finden junge Menschen ihr Leben in Deutschland ? ,,agent007653,/r/PolitikBRD/comments/1dykck3/wie_gerecht_finden_junge_menschen_ihr_leben_in/,https://www.reddit.com/gallery/1dykck3,,14,3,t3_1dykck3,2024-07-08 21:14:27+00:00,euro
1dykg8f,1720473518,Belarus tritt der sogenannten „Anti-NATO“ bei ,,agent007653,/r/PolitikBRD/comments/1dykg8f/belarus_tritt_der_sogenannten_antinato_bei/,https://i.redd.it/4gh96z703dbd1.jpeg,,19,7,t3_1dykg8f,2024-07-08 21:18:38+00:00,euro
1dyl3vx,1720475125,"AfD ZWEI INTERVIEWS, VIELE UNWAHRHEITEN",,agent007653,/r/PolitikBRD/comments/1dyl3vx/afd_zwei_interviews_viele_unwahrheiten/,https://www.reddit.com/gallery/1dyl3vx,,54,5,t3_1dyl3vx,2024-07-08 21:45:25+00:00,euro
1dylugp,1720476929,Härtere Sanktionen für Bürgergeld-Empfänger:innen,,agent007653,/r/PolitikBRD/comments/1dylugp/härtere_sanktionen_für_bürgergeldempfängerinnen/,https://www.reddit.com/gallery/1dylugp,,49,36,t3_1dylugp,2024-07-08 22:15:29+00:00,euro
1dylyc8,1720477193,Bürgergeldempfänger ,,agent007653,/r/PolitikBRD/comments/1dylyc8/bürgergeldempfänger/,https://i.redd.it/7cob1ebyddbd1.jpeg,,120,4,t3_1dylyc8,2024-07-08 22:19:53+00:00,euro
1dym4bb,1720477619,Nach erster Hochrechnung: Linkes Bündnis liegt bei Wahl in Frankreich vorn,,agent007653,/r/PolitikBRD/comments/1dym4bb/nach_erster_hochrechnung_linkes_bündnis_liegt_bei/,https://www.reddit.com/gallery/1dym4bb,,31,3,t3_1dym4bb,2024-07-08 22:26:59+00:00,euro
1dymba4,1720478116,"''Ist Joe Biden noch fit genug, vier weitere Jahre Präsident der USA zu sein? Ich würde sagen: Nein - er sollte lieber aufhören. Warum, das erfahrt ihr in diesem Video.'' ",,agent007653,/r/PolitikBRD/comments/1dymba4/ist_joe_biden_noch_fit_genug_vier_weitere_jahre/,https://v.redd.it/d42u6mosfdbd1,,0,17,t3_1dymba4,2024-07-08 22:35:16+00:00,euro
1dymjpe,1720478710,Wie überwinden sich politisch zu engagieren?,[removed],joo78T,/r/PolitikBRD/comments/1dymjpe/wie_überwinden_sich_politisch_zu_engagieren/,https://www.reddit.com/r/PolitikBRD/comments/1dymjpe/wie_überwinden_sich_politisch_zu_engagieren/,,1,0,t3_1dymjpe,2024-07-08 22:45:10+00:00,euro
1e2at29,1720878380,Christian Lindner Markus Söder FanFic,[removed],luis_mdr,/r/PolitikBRD/comments/1e2at29/christian_lindner_markus_söder_fanfic/,https://www.reddit.com/r/PolitikBRD/comments/1e2at29/christian_lindner_markus_söder_fanfic/,,1,0,t3_1e2at29,2024-07-13 13:46:20+00:00,euro
1e2aul1,1720878504,Christian Lindner und Markus Söder FanFic ,[removed],luis_mdr,/r/PolitikBRD/comments/1e2aul1/christian_lindner_und_markus_söder_fanfic/,https://www.reddit.com/r/PolitikBRD/comments/1e2aul1/christian_lindner_und_markus_söder_fanfic/,,1,0,t3_1e2aul1,2024-07-13 13:48:24+00:00,euro
1e2eu4g,1720889108,Ich bitte um Teilnahme an meiner Umfrage über die AfD auf TikTok,[removed],Ok-Practice9537,/r/PolitikBRD/comments/1e2eu4g/ich_bitte_um_teilnahme_an_meiner_umfrage_über_die/,https://www.reddit.com/r/PolitikBRD/comments/1e2eu4g/ich_bitte_um_teilnahme_an_meiner_umfrage_über_die/,,1,0,t3_1e2eu4g,2024-07-13 16:45:08+00:00,euro
1e2ljmn,1720906775,REICHE BESTEUERN UNMÖGLICH ?,,agent007653,/r/PolitikBRD/comments/1e2ljmn/reiche_besteuern_unmöglich/,https://www.reddit.com/gallery/1e2ljmn,,118,18,t3_1e2ljmn,2024-07-13 21:39:35+00:00,euro
1e2ln76,1720907030,Belohnung für umweltbewusste Reisende,,agent007653,/r/PolitikBRD/comments/1e2ln76/belohnung_für_umweltbewusste_reisende/,https://www.reddit.com/gallery/1e2ln76,,18,2,t3_1e2ln76,2024-07-13 21:43:50+00:00,euro
1e2lo5c,1720907102,"3.300 „,Superreiche“ in Deutschland ",,agent007653,/r/PolitikBRD/comments/1e2lo5c/3300_superreiche_in_deutschland/,https://i.redd.it/yhroo3sawccd1.jpeg,,54,8,t3_1e2lo5c,2024-07-13 21:45:02+00:00,euro
1e2lqv5,1720907301,IST DA NOCH SOZIALDEMOKRATIE ?,,agent007653,/r/PolitikBRD/comments/1e2lqv5/ist_da_noch_sozialdemokratie/,https://www.reddit.com/gallery/1e2lqv5,,77,11,t3_1e2lqv5,2024-07-13 21:48:21+00:00,euro
1e2lt9v,1720907479,"JE REICHER, DESTO REICHER ",,agent007653,/r/PolitikBRD/comments/1e2lt9v/je_reicher_desto_reicher/,https://www.reddit.com/gallery/1e2lt9v,,25,1,t3_1e2lt9v,2024-07-13 21:51:19+00:00,euro
1e2lunm,1720907591,FRANKREICH HAT GEWÄHLT,,agent007653,/r/PolitikBRD/comments/1e2lunm/frankreich_hat_gewählt/,https://www.reddit.com/gallery/1e2lunm,,12,1,t3_1e2lunm,2024-07-13 21:53:11+00:00,euro
1e2m219,1720908138,"Das klingt alles sehr, sehr vertrauenerweckend! ",,agent007653,/r/PolitikBRD/comments/1e2m219/das_klingt_alles_sehr_sehr_vertrauenerweckend/,https://i.redd.it/mohirc1ezccd1.jpeg,,11,3,t3_1e2m219,2024-07-13 22:02:18+00:00,euro
1e2m2tm,1720908197,"Heute beim Natogipfel ist er bestimmt wieder fit, wie ein Turnschuh! 👟 ",,agent007653,/r/PolitikBRD/comments/1e2m2tm/heute_beim_natogipfel_ist_er_bestimmt_wieder_fit/,https://v.redd.it/3ojyqcjkzccd1,,0,1,t3_1e2m2tm,2024-07-13 22:03:17+00:00,euro
1e2m3iu,1720908256,"Die Kosten, die man für ein Pflegeheim selbst zahlen muss, sind erneut gestiegen - auf bundesdurchschnittlich 2871€ pro Monat. Für viele Angehörige wäre es günstiger, ihren Ehepartner*innen, Lebenspartner*innen oder Eltern eine Dauerkreuzfahrt zu buchen. Habt ihr noch bessere Ideen? ",,agent007653,/r/PolitikBRD/comments/1e2m3iu/die_kosten_die_man_für_ein_pflegeheim_selbst/,https://www.reddit.com/gallery/1e2m3iu,,13,4,t3_1e2m3iu,2024-07-13 22:04:16+00:00,euro
1e3f1ab,1720996731,SO WIRD DAS NICHTS ,,agent007653,/r/PolitikBRD/comments/1e3f1ab/so_wird_das_nichts/,https://i.redd.it/kt1sdy9takcd1.jpeg,,49,17,t3_1e3f1ab,2024-07-14 22:38:51+00:00,post
1e3f2o6,1720996829,49-EURO-TICKET NICHT FINANZIERBAR ?,,agent007653,/r/PolitikBRD/comments/1e3f2o6/49euroticket_nicht_finanzierbar/,https://www.reddit.com/gallery/1e3f2o6,,92,8,t3_1e3f2o6,2024-07-14 22:40:29+00:00,post
1e3f6x8,1720997146,"„Dann ist es auch nicht ehrlich gemeint, wenn Herr 
@Markus_Soeder sagt, 3 Kernkraftwerke weiterzubetreiben. Endlager aber nicht in Bayern, und neue wollen wir auch nicht bauen. Kann man darüber diskutieren, aber dann bitte den Schlussstrich drunter & dann die ernsthaften Probleme lösen.“
",,agent007653,/r/PolitikBRD/comments/1e3f6x8/dann_ist_es_auch_nicht_ehrlich_gemeint_wenn_herr/,https://v.redd.it/bgcr8dn1ckcd1,,32,3,t3_1e3f6x8,2024-07-14 22:45:46+00:00,post
1e3f85f,1720997235,Oh là là-Wochen in Frankreich. Macrons Neuwahlen haben ganz schön was aufgewirbelt in unserem Nachbarland. Wir finden: höchste Zeit für einen Macron-Song! (extra3) ,,agent007653,/r/PolitikBRD/comments/1e3f85f/oh_là_làwochen_in_frankreich_macrons_neuwahlen/,https://v.redd.it/y65djpzackcd1,,5,1,t3_1e3f85f,2024-07-14 22:47:15+00:00,post
1e3f8ve,1720997288,"Joe Biden erhält gerade täglich neue Rücktrittsforderungen aus den eigenen Reihen. Doch wer ist der Mann überhaupt, den alle erst als Kandidaten wollten - und jetzt nicht mehr? Hier mal ein kleiner Rückblick. (extra3) ",,agent007653,/r/PolitikBRD/comments/1e3f8ve/joe_biden_erhält_gerade_täglich_neue/,https://v.redd.it/u5hmf17ickcd1,,5,1,t3_1e3f8ve,2024-07-14 22:48:08+00:00,post
1e47tke,1721081433,Attentat auf Donald Trump ,,agent007653,/r/PolitikBRD/comments/1e47tke/attentat_auf_donald_trump/,https://www.reddit.com/gallery/1e47tke,,31,55,t3_1e47tke,2024-07-15 22:10:33+00:00,post
1e4xe9z,1721157863,Suche Teilnahmeinteressierte Studie Medienvertrauen,[removed],dorfkeeper,/r/PolitikBRD/comments/1e4xe9z/suche_teilnahmeinteressierte_studie/,https://www.reddit.com/r/PolitikBRD/comments/1e4xe9z/suche_teilnahmeinteressierte_studie/,,1,0,t3_1e4xe9z,2024-07-16 19:24:23+00:00,post
1e5349g,1721172261,Alternative Medien ,,agent007653,/r/PolitikBRD/comments/1e5349g/alternative_medien/,https://i.redd.it/81pdms7ssycd1.jpeg,,77,5,t3_1e5349g,2024-07-16 23:24:21+00:00,post
1e536mw,1721172431,Innerhalb dieses Kreises leben mehr Menschen als außerhalb davon ,,agent007653,/r/PolitikBRD/comments/1e536mw/innerhalb_dieses_kreises_leben_mehr_menschen_als/,https://i.redd.it/6m0o5w79tycd1.jpeg,,1,0,t3_1e536mw,2024-07-16 23:27:11+00:00,post
1e53hz7,1721173278,"„Bis 46 Grad! Extreme Hitzewelle erfasst Europa. Und das wäre schon ein extremer Rekord. Denn der bisherige Temperaturrekord liegt bei 42,6 Grad. Damit wird der alte Rekord wohl geradezu pulverisiert.“

Alles ganz normal. (@NurderK)",,agent007653,/r/PolitikBRD/comments/1e53hz7/bis_46_grad_extreme_hitzewelle_erfasst_europa_und/,https://v.redd.it/3vgz3w8svycd1,,36,12,t3_1e53hz7,2024-07-16 23:41:18+00:00,post
1e5b27p,1721196933,Standort Deutschland,"Zitat heute aus dem Handelsblatt-Newsletter:

es dürfte der freundlichste Satz sein, den Bundeskanzler Olaf Scholz in der letzten Zeit über sich gelesen hat:

Er ist schlau, kompetent, engagiert, hartnäckig und ehrlich. 

Der Satz steht im heutigen Handelsblatt und stammt von Jamie Dimon, dem mächtigsten Banker der Welt. Der Chef von JP Morgan hat Scholz 2023 getroffen und gibt im Handelsblatt-Interview zu Protokoll:

Er war ganz anders, als er in den Medien meist beschrieben wird.

Auch über den Standort Deutschland findet der Lenker der nach Marktkapitalisierung größten Bank der Welt ausnehmend nette Worte: Klar, die deutsche Wirtschaft leide darunter, dass sie seit dem Ausbruch des Ukrainekriegs kein billiges Gas mehr bekomme, „zudem gibt es Spannungen mit China“. Aber Deutschland müsse deswegen nicht bange sein:

Es gibt hierzulande viele außergewöhnliche Unternehmen, talentierte Mitarbeiter und eine gute Arbeitsmoral.

Und was ist mit der Behauptung von Deutsche-Börse-Chef Theodor Weimer, ausländische Investoren würden sich immer stärker von Deutschland abwenden, auch wegen der Politik? Dimon:

Das beobachten wir nicht.

Dimons Wohlwollen mag auch dadurch beeinflusst sein, dass JP Morgan sein Geschäft in Deutschland ausbauen möchte, unter anderem mit einem neuen Büro in München. Trotzdem finde ich es interessant, dass die Untergangsstimmung à la Weimer an der Wall Street offenbar keineswegs automatisch geteilt wird.",Far_Squash_4116,/r/PolitikBRD/comments/1e5b27p/standort_deutschland/,https://www.reddit.com/r/PolitikBRD/comments/1e5b27p/standort_deutschland/,,1,0,t3_1e5b27p,2024-07-17 06:15:33+00:00,post
1e5iy7m,1721224895,"Die bayrische Regierung plant, die Zulassung von Schulbüchern mit geschlechtergerechter Sprache zu Verbieten.","""Der Kulturkampf geht weiter: Die bayerische Staatsregierung bereitet eine Ausweitung ihrer Genderverbote an Schulen und Hochschulen vor. Nun sollen auch Lehrmittel unter die Vorgaben fallen – dies sieht eine Neufassung der Zulassungsverordnung vor, an der das Kultusministerium arbeitet. Sogar Paarformen wie „Schülerinnen und Schüler“ kommen damit auf den Index. Die GEW hält das für abstrus""",DayOk6350,/r/PolitikBRD/comments/1e5iy7m/die_bayrische_regierung_plant_die_zulassung_von/,https://www.news4teachers.de/2024/07/genderverbote-bayerns-kultusminister-anna-stolz-setzt-jetzt-sogar-paarformen-schuelerinnen-und-schueler-auf-den-index/,,4,1,t3_1e5iy7m,2024-07-17 14:01:35+00:00,post
1e5jmjl,1721226626,Was erwartet ihr bei kommenden der Landtagswahl in Thüringen?,[removed],vincentmllr,/r/PolitikBRD/comments/1e5jmjl/was_erwartet_ihr_bei_kommenden_der_landtagswahl/,https://www.reddit.com/r/PolitikBRD/comments/1e5jmjl/was_erwartet_ihr_bei_kommenden_der_landtagswahl/,,1,0,t3_1e5jmjl,2024-07-17 14:30:26+00:00,post
1e5l2pu,1721230150,"Grün, feministisch, pro choice: Das Netzwerk der Kristina Lunz",,RainerMariaRitter,/r/PolitikBRD/comments/1e5l2pu/grün_feministisch_pro_choice_das_netzwerk_der/,https://www.corrigenda.online/politik/gruen-feministisch-pro-choice-das-netzwerk-der-kristina-lunz,,1,0,t3_1e5l2pu,2024-07-17 15:29:10+00:00,post
1e5sk1s,1721248333,Zitat von Alexander Jorde ,,agent007653,/r/PolitikBRD/comments/1e5sk1s/zitat_von_alexander_jorde/,https://i.redd.it/4dzab31v25dd1.jpeg,,104,5,t3_1e5sk1s,2024-07-17 20:32:13+00:00,post
1e5sl10,1721248400,"„22 Millionen Amerikaner akzeptieren Gewalt als Form der politischen Auseinandersetzung. Es gibt 300 Millionen Schusswaffen in den USA in privater Hand. Das ist die Struktur eines inneren Bürgerkrieges, die wir sowohl in der militärischen Ausstattung als auch in der psychischen Bereitschaft sehen.“ ",,agent007653,/r/PolitikBRD/comments/1e5sl10/22_millionen_amerikaner_akzeptieren_gewalt_als/,https://v.redd.it/7pdubq9635dd1,,8,4,t3_1e5sl10,2024-07-17 20:33:20+00:00,post
1e5smbh,1721248490,"„Das selbst erklärte Ziel ist die Zerstörung unserer freiheitlichen Gesellschaft. #Compact hetzt und agitiert auf unsägliche Weise: Gegen Juden, gegen Menschen mit Migrationsgeschichte und gegen unsere parlamentarische Demokratie.“
@NancyFaeser ",,agent007653,/r/PolitikBRD/comments/1e5smbh/das_selbst_erklärte_ziel_ist_die_zerstörung/,https://v.redd.it/osdh0qbf35dd1,,24,2,t3_1e5smbh,2024-07-17 20:34:50+00:00,post
1e5sno7,1721248585,".@jensspahn
 ist auf dem Parteitag der Republikaner. Und sieht Gemeinsamkeiten mit der Politik von Donald Trump. 

Zum Beispiel: die Begrenzung irregulärer Migration. 

Klar, was sonst.🤦🏻‍♂️ (@NurderK)",,agent007653,/r/PolitikBRD/comments/1e5sno7/jensspahn_ist_auf_dem_parteitag_der_republikaner/,https://v.redd.it/z7o1dgbo35dd1,,35,11,t3_1e5sno7,2024-07-17 20:36:25+00:00,post
1e5sowf,1721248674,"„Rekorde bei Erbschaften & Schenkungen auf der einen Seite. Auf der anderen Seite sehr geringe Steuereinnahmen daraus. Das vergrößert die Kluft zwischen Arm & Reich & spaltet die Gesellschaft. Es bricht auch mit dem Leistungsprinzip. Wenn Reichtum eben nicht mehr durch Leistung zustande kommt, ➡️",,agent007653,/r/PolitikBRD/comments/1e5sowf/rekorde_bei_erbschaften_schenkungen_auf_der_einen/,https://v.redd.it/2efll47y35dd1,,13,2,t3_1e5sowf,2024-07-17 20:37:54+00:00,post
1e5sq9b,1721248770,"In Sizilien besteht das Risiko der Wüstenbildung – und das auf 70 Prozent der Fläche der Insel.

Alles ganz normal. (@NurderK) ",,agent007653,/r/PolitikBRD/comments/1e5sq9b/in_sizilien_besteht_das_risiko_der_wüstenbildung/,https://v.redd.it/h2kdn1d845dd1,,50,7,t3_1e5sq9b,2024-07-17 20:39:30+00:00,post
1e5srib,1721248856,"Markus #Lanz mit einer Brandrede für Joe Biden und der klaren Frage, ob uns die Erfahrung des lupenreinen Demokraten mit Überblick & Weitsicht sowie die harten Zahlen & Fakten nicht wichtiger sein sollten als ein blöder Versprecher? Auch eine Verantwortung der Medien. Sehenswert! (@CScharun) ",,agent007653,/r/PolitikBRD/comments/1e5srib/markus_lanz_mit_einer_brandrede_für_joe_biden_und/,https://v.redd.it/r42ejjth45dd1,,43,17,t3_1e5srib,2024-07-17 20:40:56+00:00,post
1e5stku,1721249001,Im Gespräch mit @WDRaktuell über die #Erbschaftsteuer - und warum die Privilegien für Betriebsvermögen die #Ungleichheit in D immer weiter vergrößern. Ein kurzer 🧵 ,,agent007653,/r/PolitikBRD/comments/1e5stku/im_gespräch_mit_wdraktuell_über_die/,https://v.redd.it/2mp9daux45dd1,,11,1,t3_1e5stku,2024-07-17 20:43:21+00:00,post
1e5sujb,1721249067,"Wenn die Polizei morgens bei Dir klopft, damit Du nicht mehr Hass und Hetze, Verschwörungstheorien und Desinformation verbreiten kannst.

Das ist kein guter Tag für Jürgen Elsässer, aber ein sehr guter für unsere Demokratie: Compact ist verboten!  (@ChristophBautz)",,agent007653,/r/PolitikBRD/comments/1e5sujb/wenn_die_polizei_morgens_bei_dir_klopft_damit_du/,https://i.redd.it/88btpmd555dd1.jpeg,,34,2,t3_1e5sujb,2024-07-17 20:44:27+00:00,post
1e5t646,1721249871,"Mit versteckter Kamera und falscher Identität war ich undercover bei einem Fest von #Compact und #Elsässer. Es war eine Zusammenkunft von Demokratiefeinden, Rechtsextremisten & Antisemiten. Veranstaltungsort: Rittergut des rechtsextremen Politikers Poggenburg. #RTL #WHY 
@HRMRKR ",,agent007653,/r/PolitikBRD/comments/1e5t646/mit_versteckter_kamera_und_falscher_identität_war/,https://v.redd.it/67sq9abf75dd1,,40,15,t3_1e5t646,2024-07-17 20:57:51+00:00,post
1e666e8,1721290500,Spannende kurze Umfrage zu Politik& Wirtschaft,[removed],Odd-Cow4430,/r/PolitikBRD/comments/1e666e8/spannende_kurze_umfrage_zu_politik_wirtschaft/,https://www.reddit.com/r/PolitikBRD/comments/1e666e8/spannende_kurze_umfrage_zu_politik_wirtschaft/,,1,0,t3_1e666e8,2024-07-18 08:15:00+00:00,post
1e667ms,1721290633,Umfrage zu Politik& Wirtschaft,[removed],[deleted],/r/PolitikBRD/comments/1e667ms/umfrage_zu_politik_wirtschaft/,,,1,0,t3_1e667ms,2024-07-18 08:17:13+00:00,post
1e66b7t,1721291062,Umfrage zu Politik und Wirtschaft,[removed],[deleted],/r/PolitikBRD/comments/1e66b7t/umfrage_zu_politik_und_wirtschaft/,,,1,0,t3_1e66b7t,2024-07-18 08:24:22+00:00,post
1e6o5jk,1721342091,Zitat von Sebastian Hotz ,,agent007653,/r/PolitikBRD/comments/1e6o5jk/zitat_von_sebastian_hotz/,https://i.redd.it/tblpwkrqtcdd1.jpeg,,101,5,t3_1e6o5jk,2024-07-18 22:34:51+00:00,post
1e6olc9,1721343240,"„Der Minister (@Wissing) und sein Staatssekretär (@OlliLuksic). Ihr fragwürdiger Einsatz für den angeblichen Klimadiesel HVO100 hat das Zeug zu einem echten Lobbyskandal.“

#Wissing und seine Kraftstofflobby - eine ganz besondere Beziehung.

Dank geht an die @ZDFfrontal Redaktion (@NurderK) ",,agent007653,/r/PolitikBRD/comments/1e6olc9/der_minister_wissing_und_sein_staatssekretär/,https://v.redd.it/3fvtfpp3xcdd1,,35,4,t3_1e6olc9,2024-07-18 22:54:00+00:00,post
1e6omki,1721343328,"Der Ministerpräsident von Bayern fordert, subsidiären Schutz für Geflüchtete abzuschaffen. Die Moderation weist ihn darauf hin, dass das gegen EU-Recht verstößt.

@Markus_Soeder
 so: „Nein das stimmt nicht.“

Keine Pointe. (@NurderK) ",,agent007653,/r/PolitikBRD/comments/1e6omki/der_ministerpräsident_von_bayern_fordert/,https://v.redd.it/ykk3pwhfxcdd1,,40,5,t3_1e6omki,2024-07-18 22:55:28+00:00,post
1e6onw1,1721343429,"Melis Sekmen erzählt hier von einem Gastronomen, der so ein beschissenes Gehalt zahlt, dass er keine Leute findet. Aber schuld ist natürlich das Bürgergeld. Die passt wunderbar zur CDU. (@djpr) ",,agent007653,/r/PolitikBRD/comments/1e6onw1/melis_sekmen_erzählt_hier_von_einem_gastronomen/,https://v.redd.it/2nohi4wpxcdd1,,65,16,t3_1e6onw1,2024-07-18 22:57:09+00:00,post
1e6op18,1721343521,Mit ihrer Scheinheiligkeit und Selbstgerechtigkeit passt Melis Sekmen wirklich wunderbar zur Merz-CDU. Unglaublich. (@djpr) ,,agent007653,/r/PolitikBRD/comments/1e6op18/mit_ihrer_scheinheiligkeit_und/,https://v.redd.it/sqp016vzxcdd1,,53,10,t3_1e6op18,2024-07-18 22:58:41+00:00,post
1e7dk7x,1721420851,Meinung zu Anton Hofreiters Zitat ? ,,agent007653,/r/PolitikBRD/comments/1e7dk7x/meinung_zu_anton_hofreiters_zitat/,https://i.redd.it/7yfqwhgdbjdd1.jpeg,,119,65,t3_1e7dk7x,2024-07-19 20:27:31+00:00,post
1e7dlf7,1721420940,VERSPRECHEN GEBROCHEN ,,agent007653,/r/PolitikBRD/comments/1e7dlf7/versprechen_gebrochen/,https://www.reddit.com/gallery/1e7dlf7,,20,2,t3_1e7dlf7,2024-07-19 20:29:00+00:00,post
1e7dnjh,1721421079,Zwangsarbeit in Nordkorea,,agent007653,/r/PolitikBRD/comments/1e7dnjh/zwangsarbeit_in_nordkorea/,https://www.reddit.com/gallery/1e7dnjh,,16,7,t3_1e7dnjh,2024-07-19 20:31:19+00:00,post
1e7dppa,1721421233,DB-MITARBEITENDE TRAGEN JETZT BODYCAMS ,,agent007653,/r/PolitikBRD/comments/1e7dppa/dbmitarbeitende_tragen_jetzt_bodycams/,https://www.reddit.com/gallery/1e7dppa,,7,2,t3_1e7dppa,2024-07-19 20:33:53+00:00,post
1e7dr5t,1721421330,HÖCKES VÖLKISCHES VORBILD ?,,agent007653,/r/PolitikBRD/comments/1e7dr5t/höckes_völkisches_vorbild/,https://www.reddit.com/gallery/1e7dr5t,,20,4,t3_1e7dr5t,2024-07-19 20:35:30+00:00,post
1e7dsiv,1721421430,KEIN ALKOHOL MEHR FÜR 14-JÄHRIGE ,,agent007653,/r/PolitikBRD/comments/1e7dsiv/kein_alkohol_mehr_für_14jährige/,https://www.reddit.com/gallery/1e7dsiv,,52,12,t3_1e7dsiv,2024-07-19 20:37:10+00:00,post
1e7tpdx,1721475686,Frage Trump vs. Staufenberg ,"Ernstgemeinte Frage: aktuell wird dem Hitler Attentat durch Staufenberg am 20. Juli gedacht. Vermutlich wird nicht dem Attentat selbst gedacht sondern derer, die es ausgeführt haben? Also ein gedenken an den Widerstand?

Bekanntermaßen gab es neulich ein Attentat gegen Trump und z.B. EL Hotzo ist danach mit seinem Tweet ""ich finde es fantastisch wenn Faschisten sterben"" (so oder so ähnlich) herb in die Kritik gekommen.

Ist es nun so, das trotz der Äußerungen Trump's, aktuell noch vom ""es wird schon alles nicht so schlimm unter ihm werden"" ausgegangen werden muss? Und in einem Jahr, falls es eben doch schlimmer wird als gedacht, müssen wir da Attentat neu bewertet, bzw. den damit verbundenen Widerstand?

Bin gespannt! ",bjberry00,/r/PolitikBRD/comments/1e7tpdx/frage_trump_vs_staufenberg/,https://www.reddit.com/r/PolitikBRD/comments/1e7tpdx/frage_trump_vs_staufenberg/,,1,1,t3_1e7tpdx,2024-07-20 11:41:26+00:00,post
1e81ft1,1721498017,Am 19.06.2023 postete der AfD-Politiker Maximilian Krah ein Video auf TikTok in dem er Dating-Tipps für junge Männer gab.,,agent007653,/r/PolitikBRD/comments/1e81ft1/am_19062023_postete_der_afdpolitiker_maximilian/,https://v.redd.it/qbk73f1fppdd1,,32,4,t3_1e81ft1,2024-07-20 17:53:37+00:00,post
1e873da,1721513747,"Die Zahl sog. Arbeitsverweigerer lag 2023 bei gerade mal bei rd. 15 T. Ein Nichts. Sorry Herr #Linnemann, aber ich habe selten ein sachunkundigeres, undifferenzierteres, aber verhetzenderes Stammtischgelaber gehört, wie Ihres bei #Lanz. (@UlrichSchneider) ",,agent007653,/r/PolitikBRD/comments/1e873da/die_zahl_sog_arbeitsverweigerer_lag_2023_bei/,https://v.redd.it/vt871kl20rdd1,,40,5,t3_1e873da,2024-07-20 22:15:47+00:00,post
1e875t0,1721513941,"Das ist so übel - Die @CDU hat nur ein einziges Thema in Talkshows: #Bürgergeld. 
#Lanz (@NurderK) ",,agent007653,/r/PolitikBRD/comments/1e875t0/das_ist_so_übel_die_cdu_hat_nur_ein_einziges/,https://v.redd.it/mm490hbo0rdd1,,42,14,t3_1e875t0,2024-07-20 22:19:01+00:00,post
1e8788p,1721514138,"Nach Merz bettelt jetzt auch Kretschmer um Stimmen von Grünen-, SPD- und FDP-Wählern für die Landtagswahlen. Heute Abend warnt er dann seine CDU wieder vor einer Koalition mit den Grünen. Vollkommen charakterlos und einfältig – und der Mann ist Ministerpräsident. (@djpr) ",,agent007653,/r/PolitikBRD/comments/1e8788p/nach_merz_bettelt_jetzt_auch_kretschmer_um/,https://v.redd.it/luzpxz1a1rdd1,,28,6,t3_1e8788p,2024-07-20 22:22:18+00:00,post
1e87bnz,1721514409,"„Ich würde sagen, dass man in Ökonomen-Kreisen den Kopf schüttelt, weil es einfach nicht nachvollziehbar ist. Aus einer wirtschaftspolitischen Perspektive ist das keine Vorbildfunktion, sondern gleicht eher einer Art von Masochismus.“
@IsabellaMWeber über @c_lindner & #Schuldenbremse ",,agent007653,/r/PolitikBRD/comments/1e87bnz/ich_würde_sagen_dass_man_in_ökonomenkreisen_den/,https://v.redd.it/gkfqccp42rdd1,,22,2,t3_1e87bnz,2024-07-20 22:26:49+00:00,post
1e87cr5,1721514499,"„Wieso schauen wir immer zu denen, die wenig oder nichts haben? Wieso gucken wir nicht auf die, die ganz viel haben? Wir haben in Deutschland eine extrem hohe Ungleichheit!“
@ale_notbeer bei #Lanz ",,agent007653,/r/PolitikBRD/comments/1e87cr5/wieso_schauen_wir_immer_zu_denen_die_wenig_oder/,https://v.redd.it/85p2ti8f2rdd1,,71,9,t3_1e87cr5,2024-07-20 22:28:19+00:00,post
1e8xzd3,1721599638,"Nach seiner Ankündigung, sich nicht länger um eine zweite Amtszeit zu bewerben, hat US-Präsident Joe Biden seine Stellvertreterin Kamala Harris als Kandidatin für die Wahl im November vorgeschlagen. ",,agent007653,/r/PolitikBRD/comments/1e8xzd3/nach_seiner_ankündigung_sich_nicht_länger_um_eine/,https://i.redd.it/z4zvee3k3ydd1.jpeg,,11,2,t3_1e8xzd3,2024-07-21 22:07:18+00:00,post
1e8y1ba,1721599792,"Besatzung palästinensischer Gebiete : 
Israel verstößt gegen Völkerrecht ",,agent007653,/r/PolitikBRD/comments/1e8y1ba/besatzung_palästinensischer_gebiete_israel/,https://www.reddit.com/gallery/1e8y1ba,,41,7,t3_1e8y1ba,2024-07-21 22:09:52+00:00,post
1e8y2yz,1721599910,AfD FÜR DIE PRESSEFREIHEIT ? ,,agent007653,/r/PolitikBRD/comments/1e8y2yz/afd_für_die_pressefreiheit/,https://i.redd.it/oi7bkwcd4ydd1.jpeg,,65,4,t3_1e8y2yz,2024-07-21 22:11:50+00:00,post
1e8y9gn,1721600400,Zitat von Clara Bünger ,,agent007653,/r/PolitikBRD/comments/1e8y9gn/zitat_von_clara_bünger/,https://i.redd.it/ufww3mzt5ydd1.jpeg,,42,8,t3_1e8y9gn,2024-07-21 22:20:00+00:00,post
1e8ye5n,1721600751,„Das sind rekordbrechende Temperaturen an der Wasseroberfläche der Adria. Das Meer hier ist 5 Grad wärmer als sonst in dieser Jahreszeit.“ ,,agent007653,/r/PolitikBRD/comments/1e8ye5n/das_sind_rekordbrechende_temperaturen_an_der/,https://v.redd.it/ot5scxwv6ydd1,,11,1,t3_1e8ye5n,2024-07-21 22:25:51+00:00,post
1e91k6q,1721609778,"Liebe Redditor,",[removed],Temporary-Bake-3081,/r/PolitikBRD/comments/1e91k6q/liebe_redditor/,https://i.redd.it/fzl6f0xrxydd1.png,,1,0,t3_1e91k6q,2024-07-22 00:56:18+00:00,post
1e9jnyx,1721668425,Ähnliche Seiten wie abgeordnetenwatch.de gesucht,,LampMoritz,/r/PolitikBRD/comments/1e9jnyx/ähnliche_seiten_wie_abgeordnetenwatchde_gesucht/,https://www.reddit.com/r/PolitikBRD/comments/1e9jnyx/ähnliche_seiten_wie_abgeordnetenwatchde_gesucht/,,2,4,t3_1e9jnyx,2024-07-22 17:13:45+00:00,post
1e9o6xr,1721679350,An welchen Datum wurden die grenzen geöffnet in Deutschland 2015? ,,Lucasistcool282,/r/PolitikBRD/comments/1e9o6xr/an_welchen_datum_wurden_die_grenzen_geöffnet_in/,https://www.reddit.com/r/PolitikBRD/comments/1e9o6xr/an_welchen_datum_wurden_die_grenzen_geöffnet_in/,,1,0,t3_1e9o6xr,2024-07-22 20:15:50+00:00,post
1e9r1sz,1721686280,Viel Anerkennung nach Rückzug ,,agent007653,/r/PolitikBRD/comments/1e9r1sz/viel_anerkennung_nach_rückzug/,https://www.reddit.com/gallery/1e9r1sz,,28,3,t3_1e9r1sz,2024-07-22 22:11:20+00:00,post
1e9r2vs,1721686356,WENN RECHTE REGIEREN ,,agent007653,/r/PolitikBRD/comments/1e9r2vs/wenn_rechte_regieren/,https://v.redd.it/0zmr7ekg95ed1,,44,6,t3_1e9r2vs,2024-07-22 22:12:36+00:00,post
1e9r58g,1721686521,Zwei Studierende berichten von ihrer herausfordernden Wohnungssuche ,,agent007653,/r/PolitikBRD/comments/1e9r58g/zwei_studierende_berichten_von_ihrer/,https://www.reddit.com/gallery/1e9r58g,,14,2,t3_1e9r58g,2024-07-22 22:15:21+00:00,post
1e9r6ge,1721686606,BIDEN-RÜCKZUG: VERSCHWÖRUNG ? ,,agent007653,/r/PolitikBRD/comments/1e9r6ge/bidenrückzug_verschwörung/,https://www.reddit.com/gallery/1e9r6ge,,49,22,t3_1e9r6ge,2024-07-22 22:16:46+00:00,post
1e9r886,1721686735,ZERSPLITTERTE RECHTE ? ,,agent007653,/r/PolitikBRD/comments/1e9r886/zersplitterte_rechte/,https://www.reddit.com/gallery/1e9r886,,20,2,t3_1e9r886,2024-07-22 22:18:55+00:00,post
1ea1tr7,1721720035,Bremer Islamist:innen demonstrieren für faschistisches Magazin,,Pi-ratten,/r/PolitikBRD/comments/1ea1tr7/bremer_islamistinnen_demonstrieren_für/,https://i.redd.it/e2ve0phkz7ed1.jpeg,,1,0,t3_1ea1tr7,2024-07-23 07:33:55+00:00,post
1eacl3c,1721753045,Linken-Anfrage: Regierung verursachte mit Reisen zu EM-Spielen Flugkosten von rund 530.000 Euro,,PlecotusAuritus,/r/PolitikBRD/comments/1eacl3c/linkenanfrage_regierung_verursachte_mit_reisen_zu/,https://www.deutschlandfunk.de/regierung-verursachte-mit-reisen-zu-em-spielen-flugkosten-von-rund-530-000-euro-100.html,,1,0,t3_1eacl3c,2024-07-23 16:44:05+00:00,post
1ealga1,1721774605,Nur zur Erinnerung: Donald Trump...,,agent007653,/r/PolitikBRD/comments/1ealga1/nur_zur_erinnerung_donald_trump/,https://i.redd.it/x83oejesjced1.jpeg,,116,14,t3_1ealga1,2024-07-23 22:43:25+00:00,post
1ealhuh,1721774716,"Desinformationswelle gegen Kamala Harris rollt los - drei Beispiele im
Faktencheck",,agent007653,/r/PolitikBRD/comments/1ealhuh/desinformationswelle_gegen_kamala_harris_rollt/,https://www.reddit.com/gallery/1ealhuh,,44,7,t3_1ealhuh,2024-07-23 22:45:16+00:00,post
1ealjd3,1721774826,"PAAAPAAA ?!? Wenn Kinder krank waren, haben sich 2023
meistens die Mütter gekümmert. ",,agent007653,/r/PolitikBRD/comments/1ealjd3/paaapaaa_wenn_kinder_krank_waren_haben_sich_2023/,https://www.reddit.com/gallery/1ealjd3,,19,3,t3_1ealjd3,2024-07-23 22:47:06+00:00,post
1ealrav,1721775398,JUGEND FÜHLT SICH IM STICH GELASSEN ,,agent007653,/r/PolitikBRD/comments/1ealrav/jugend_fühlt_sich_im_stich_gelassen/,https://i.redd.it/oaxal0h2mced1.jpeg,,68,16,t3_1ealrav,2024-07-23 22:56:38+00:00,post
1ealzht,1721775981,Maurice Höfgen über das Bürgergeld ,,agent007653,/r/PolitikBRD/comments/1ealzht/maurice_höfgen_über_das_bürgergeld/,https://v.redd.it/b34sqnuxnced1,,99,14,t3_1ealzht,2024-07-23 23:06:21+00:00,post
1eam3lk,1721776274,Anna Lehmann über die Schuldenbremse und die CDU ,,agent007653,/r/PolitikBRD/comments/1eam3lk/anna_lehmann_über_die_schuldenbremse_und_die_cdu/,https://v.redd.it/3picljtqoced1,,15,3,t3_1eam3lk,2024-07-23 23:11:14+00:00,post
1eam696,1721776469,"„Die Ampel ist zu feige, die wirklich großen Vermögen in diesem Land, auch die sagenhaften Übergewinne, endlich angemessen zu besteuern. Es ist ja nicht so, dass es kein Geld gebe in diesem Land, es ist nur zutiefst ungerecht verteilt.'' @Janine_Wissler ",,agent007653,/r/PolitikBRD/comments/1eam696/die_ampel_ist_zu_feige_die_wirklich_großen/,https://v.redd.it/3ct1cqu2pced1,,85,17,t3_1eam696,2024-07-23 23:14:29+00:00,post
1eaymrq,1721818912,"Scholz und Baerbock treffen brisante Entscheidung - einfach so, am Volk vorbei",,rhythmstripp,/r/PolitikBRD/comments/1eaymrq/scholz_und_baerbock_treffen_brisante_entscheidung/,https://www.focus.de/politik/analyse-von-ulrich-reitz-scholz-und-baerbock-treffen-brisante-entscheidung-einfach-so-am-volk-vorbei_id_260160304.html,,1,0,t3_1eaymrq,2024-07-24 11:01:52+00:00,post
1eayniu,1721818987,Scholz und Baerbock treffen brisante Entscheidung,,rhythmstripp,/r/PolitikBRD/comments/1eayniu/scholz_und_baerbock_treffen_brisante_entscheidung/,https://www.focus.de/politik/analyse-von-ulrich-reitz-scholz-und-baerbock-treffen-brisante-entscheidung-einfach-so-am-volk-vorbei_id_260160304.html,,1,0,t3_1eayniu,2024-07-24 11:03:07+00:00,post
1ebbqr3,1721853002,HAPPY HOUSEWIVES ? ,,agent007653,/r/PolitikBRD/comments/1ebbqr3/happy_housewives/,https://v.redd.it/mxtnldjx0jed1,,11,1,t3_1ebbqr3,2024-07-24 20:30:02+00:00,post
1ebbt7r,1721853169,WAS NÜTZEN DIE SANKTIONEN ?,,agent007653,/r/PolitikBRD/comments/1ebbt7r/was_nützen_die_sanktionen/,https://www.reddit.com/gallery/1ebbt7r,,19,12,t3_1ebbt7r,2024-07-24 20:32:49+00:00,post
1ebbvyd,1721853354,Bund muss mehr für saubere Luft tun ,,agent007653,/r/PolitikBRD/comments/1ebbvyd/bund_muss_mehr_für_saubere_luft_tun/,https://www.reddit.com/gallery/1ebbvyd,,38,4,t3_1ebbvyd,2024-07-24 20:35:54+00:00,post
1ebbxma,1721853469,"""LINKSRUTSCH VERHINDERN"" AGED LIKE MILK ",,agent007653,/r/PolitikBRD/comments/1ebbxma/linksrutsch_verhindern_aged_like_milk/,https://i.redd.it/qlwd5qqb2jed1.jpeg,,31,6,t3_1ebbxma,2024-07-24 20:37:49+00:00,post
1ebbytk,1721853549,Wie hoch ist der Durchschnitts- verdienst in Deutschland ? ,,agent007653,/r/PolitikBRD/comments/1ebbytk/wie_hoch_ist_der_durchschnitts_verdienst_in/,https://www.reddit.com/gallery/1ebbytk,,12,10,t3_1ebbytk,2024-07-24 20:39:09+00:00,post
1ec5047,1721939019,"Ist es frech, dass die Bürger jetzt die marode Infrastruktur bezahlen dürfen, obwohl man (DB) sich vorher noch die Taschen mit Bonis gefüllt hat?","[https://www.youtube.com/watch?v=y88MicvJ3ds&t=15s](https://www.youtube.com/watch?v=y88MicvJ3ds&t=15s)

Ja oder Nein?

  
",Local_Flow_252,/r/PolitikBRD/comments/1ec5047/ist_es_frech_dass_die_bürger_jetzt_die_marode/,https://www.reddit.com/r/PolitikBRD/comments/1ec5047/ist_es_frech_dass_die_bürger_jetzt_die_marode/,,35,9,t3_1ec5047,2024-07-25 20:23:39+00:00,post
1ec6f9w,1721942576,GEWALTBEREITE AFD-FANS ,,agent007653,/r/PolitikBRD/comments/1ec6f9w/gewaltbereite_afdfans/,https://www.reddit.com/gallery/1ec6f9w,,59,25,t3_1ec6f9w,2024-07-25 21:22:56+00:00,post
1ec6oqd,1721943240,WARUM NICHT MIT DEM ZUG ? ,,agent007653,/r/PolitikBRD/comments/1ec6oqd/warum_nicht_mit_dem_zug/,https://i.redd.it/i5ckc22bhqed1.jpeg,,31,2,t3_1ec6oqd,2024-07-25 21:34:00+00:00,post
1ec6sug,1721943539,Deutsche Bahn mit Milliardenverlust : Streichung von 30.000 Stellen geplant ,,agent007653,/r/PolitikBRD/comments/1ec6sug/deutsche_bahn_mit_milliardenverlust_streichung/,https://www.reddit.com/gallery/1ec6sug,,25,9,t3_1ec6sug,2024-07-25 21:38:59+00:00,post
1ec6v4p,1721943705,",,PROJECT 2025""
DER GROSSE RECHTSRUCK ?",,agent007653,/r/PolitikBRD/comments/1ec6v4p/project_2025_der_grosse_rechtsruck/,https://www.reddit.com/gallery/1ec6v4p,,16,2,t3_1ec6v4p,2024-07-25 21:41:45+00:00,post
1ec6y2p,1721943915,"Undercover im Regierungsviertel
DAS LOBBYISMUS-EXPERIMENT ",,agent007653,/r/PolitikBRD/comments/1ec6y2p/undercover_im_regierungsviertel_das/,https://www.reddit.com/gallery/1ec6y2p,,28,1,t3_1ec6y2p,2024-07-25 21:45:15+00:00,post
1eck624,1721987498,Wenn der Stromzähler schlauer als ein AfDler ist,,According-Post-7721,/r/PolitikBRD/comments/1eck624/wenn_der_stromzähler_schlauer_als_ein_afdler_ist/,https://youtube.com/watch?v=BqdQmkq9L2E&si=IkbjC7uzpQc7JGQg,,22,2,t3_1eck624,2024-07-26 09:51:38+00:00,post
1ed1aib,1722034124,"US-Präsidentschaftswahl
Obamas unterstützen Kamala Harris",,agent007653,/r/PolitikBRD/comments/1ed1aib/uspräsidentschaftswahl_obamas_unterstützen_kamala/,https://www.reddit.com/gallery/1ed1aib,,14,1,t3_1ed1aib,2024-07-26 22:48:44+00:00,post
1ed1coh,1722034286,ARME KINDER DOCH NICHT SO WICHTIG ? ,,agent007653,/r/PolitikBRD/comments/1ed1coh/arme_kinder_doch_nicht_so_wichtig/,https://www.reddit.com/gallery/1ed1coh,,75,27,t3_1ed1coh,2024-07-26 22:51:26+00:00,post
1ed1dyf,1722034387,UNION HAT (KEINEN) BOCK AUF DIE GRÜNEN ,,agent007653,/r/PolitikBRD/comments/1ed1dyf/union_hat_keinen_bock_auf_die_grünen/,https://www.reddit.com/gallery/1ed1dyf,,40,4,t3_1ed1dyf,2024-07-26 22:53:07+00:00,post
1ed1g36,1722034550,IM SCHATTEN DER SPIELE ,,agent007653,/r/PolitikBRD/comments/1ed1g36/im_schatten_der_spiele/,https://www.reddit.com/gallery/1ed1g36,,18,1,t3_1ed1g36,2024-07-26 22:55:50+00:00,post
1ed1ks4,1722034895,Wir sind am Arsch. (@NurderK) ,,agent007653,/r/PolitikBRD/comments/1ed1ks4/wir_sind_am_arsch_nurderk/,https://v.redd.it/b02di7jn1yed1,,64,7,t3_1ed1ks4,2024-07-26 23:01:35+00:00,post
1ed1npq,1722035113,"Der Ministerpräsident von Bayern, 
@Markus_Soeder
, möchte für die ""kleinen Leute"" da sein. Im gleichen Satz sagt er: Das Bürgergeld bestraft jeden fleißigen Arbeitnehmer. Arbeit wird im Grunde genommen bestraft.“

Keine Pointe. (@NurderK) ",,agent007653,/r/PolitikBRD/comments/1ed1npq/der_ministerpräsident_von_bayern_markus_soeder/,https://v.redd.it/ljlvlu0d2yed1,,45,10,t3_1ed1npq,2024-07-26 23:05:13+00:00,post
1edgr5z,1722087999,Meinungen? ,[removed],Fantastic_King7332,/r/PolitikBRD/comments/1edgr5z/meinungen/,https://i.redd.it/a3zwbxirf2fd1.jpeg,,1,1,t3_1edgr5z,2024-07-27 13:46:39+00:00,post
1edrwqw,1722117816,Tochter von Elon Musk wehrt sich gegen queerfeindliche Aussagen ihres Vaters ,,agent007653,/r/PolitikBRD/comments/1edrwqw/tochter_von_elon_musk_wehrt_sich_gegen/,https://www.reddit.com/gallery/1edrwqw,,69,3,t3_1edrwqw,2024-07-27 22:03:36+00:00,post
1edry1m,1722117913,IHR HABT KEINEN BOCK AUF ARBEIT ? ,,agent007653,/r/PolitikBRD/comments/1edry1m/ihr_habt_keinen_bock_auf_arbeit/,https://www.reddit.com/gallery/1edry1m,,29,6,t3_1edry1m,2024-07-27 22:05:13+00:00,post
1eds0kp,1722118107,Video zeigt Deutschen im Fernsehen: Belarus führt zum Tode Verurteilten vor ,,agent007653,/r/PolitikBRD/comments/1eds0kp/video_zeigt_deutschen_im_fernsehen_belarus_führt/,https://www.reddit.com/gallery/1eds0kp,,8,2,t3_1eds0kp,2024-07-27 22:08:27+00:00,post
1eds2s6,1722118276,WAS FÄLLT EUCH AUF ?  ,,agent007653,/r/PolitikBRD/comments/1eds2s6/was_fällt_euch_auf/,https://www.reddit.com/gallery/1eds2s6,,36,5,t3_1eds2s6,2024-07-27 22:11:16+00:00,post
1eds43m,1722118377,Wohnungsnot in der Stadt: Bauministerin schlägt Umzug aufs Land vor ,,agent007653,/r/PolitikBRD/comments/1eds43m/wohnungsnot_in_der_stadt_bauministerin_schlägt/,https://www.reddit.com/gallery/1eds43m,,21,19,t3_1eds43m,2024-07-27 22:12:57+00:00,post
1eds6aw,1722118544,G20-Erklärung: Superreiche sollen mehr Steuern zahlen ,,agent007653,/r/PolitikBRD/comments/1eds6aw/g20erklärung_superreiche_sollen_mehr_steuern/,https://www.reddit.com/gallery/1eds6aw,,119,29,t3_1eds6aw,2024-07-27 22:15:44+00:00,post
1edsbdu,1722118932,MIETPREISBREMSE KAPUTT ? ,,agent007653,/r/PolitikBRD/comments/1edsbdu/mietpreisbremse_kaputt/,https://www.reddit.com/gallery/1edsbdu,,21,3,t3_1edsbdu,2024-07-27 22:22:12+00:00,post
1eejlu3,1722205769,Berlin fast so teuer wie München ,,agent007653,/r/PolitikBRD/comments/1eejlu3/berlin_fast_so_teuer_wie_münchen/,https://i.redd.it/0v81vd6v5cfd1.jpeg,,16,2,t3_1eejlu3,2024-07-28 22:29:29+00:00,post
1eejn9k,1722205870,JEDER ELFTE LEIDET AN HUNGER,,agent007653,/r/PolitikBRD/comments/1eejn9k/jeder_elfte_leidet_an_hunger/,https://i.redd.it/jbzi7l266cfd1.jpeg,,18,5,t3_1eejn9k,2024-07-28 22:31:10+00:00,post
1eejot5,1722205980,"Unterstützung vom Staat:
Urlaubszuschüsse für bedürftige Familien",,agent007653,/r/PolitikBRD/comments/1eejot5/unterstützung_vom_staat_urlaubszuschüsse_für/,https://www.reddit.com/gallery/1eejot5,,7,3,t3_1eejot5,2024-07-28 22:33:00+00:00,post
1eejqxt,1722206133,OLYMPISCHE WERTE IN SAUDI-ARABIEN ?,,agent007653,/r/PolitikBRD/comments/1eejqxt/olympische_werte_in_saudiarabien/,https://www.reddit.com/gallery/1eejqxt,,37,7,t3_1eejqxt,2024-07-28 22:35:33+00:00,post
1eejs49,1722206218,Warum ein olympischer Spielort auf der anderen Seite der Welt ist ?,,agent007653,/r/PolitikBRD/comments/1eejs49/warum_ein_olympischer_spielort_auf_der_anderen/,https://i.redd.it/vzxetvs87cfd1.jpeg,,83,6,t3_1eejs49,2024-07-28 22:36:58+00:00,post
1efe1ce,1722294938,SUBVENTIONIERTE PROFITE ? ,,agent007653,/r/PolitikBRD/comments/1efe1ce/subventionierte_profite/,https://i.redd.it/ftt38cy1jjfd1.jpeg,,32,3,t3_1efe1ce,2024-07-29 23:15:38+00:00,post
1efe2tp,1722295037,Wie hoch sind die Chancen von Donald Trump gegen Kamala Harris ?,,agent007653,/r/PolitikBRD/comments/1efe2tp/wie_hoch_sind_die_chancen_von_donald_trump_gegen/,https://v.redd.it/2u58ujzbjjfd1,,20,11,t3_1efe2tp,2024-07-29 23:17:17+00:00,post
1efe4gx,1722295159,Die Idee eine Milliardärsteuer ,,agent007653,/r/PolitikBRD/comments/1efe4gx/die_idee_eine_milliardärsteuer/,https://www.reddit.com/gallery/1efe4gx,,55,7,t3_1efe4gx,2024-07-29 23:19:19+00:00,post
1efe8g6,1722295454,Wie findet ihr den Umgang mit Trans-Athlet*innen bei Olympia ?,,agent007653,/r/PolitikBRD/comments/1efe8g6/wie_findet_ihr_den_umgang_mit_transathletinnen/,https://v.redd.it/hcprawe2kjfd1,,30,28,t3_1efe8g6,2024-07-29 23:24:14+00:00,post
1efeagw,1722295600,Könnte die AfD in Thüringen den MDR abschaffen ? ,,agent007653,/r/PolitikBRD/comments/1efeagw/könnte_die_afd_in_thüringen_den_mdr_abschaffen/,https://www.reddit.com/gallery/1efeagw,,61,14,t3_1efeagw,2024-07-29 23:26:40+00:00,post
1efqpdn,1722338124,Robert Habeck stellt über 700 Anzeigen wegen Hassnachrichten,,According-Post-7721,/r/PolitikBRD/comments/1efqpdn/robert_habeck_stellt_über_700_anzeigen_wegen/,https://www.spiegel.de/politik/deutschland/robert-habeck-stellt-ueber-700-anzeigen-wegen-hassnachrichten-a-d6a20957-7eef-4bed-832a-a5db37adab0f,,1,1,t3_1efqpdn,2024-07-30 11:15:24+00:00,post
1eg6pj0,1722378397,IRAN: GROSSER REFORMER ? ,,agent007653,/r/PolitikBRD/comments/1eg6pj0/iran_grosser_reformer/,https://www.reddit.com/gallery/1eg6pj0,,37,8,t3_1eg6pj0,2024-07-30 22:26:37+00:00,post
1eg6qmm,1722378475,SCHIMPFEN UND BELEIDIGEN,,agent007653,/r/PolitikBRD/comments/1eg6qmm/schimpfen_und_beleidigen/,https://i.redd.it/tmmu5ebffqfd1.jpeg,,68,8,t3_1eg6qmm,2024-07-30 22:27:55+00:00,post
1eg6sf4,1722378602,"MÄNNER AUF, FRAUEN NEBEN DEM PLATZ ",,agent007653,/r/PolitikBRD/comments/1eg6sf4/männer_auf_frauen_neben_dem_platz/,https://v.redd.it/ntkijresfqfd1,,11,3,t3_1eg6sf4,2024-07-30 22:30:02+00:00,post
1eg6u6r,1722378725,Einfach magisch das Energiewendeland! Und so frisch und innovativ - Typisch Deutschland einfach 😍 ,,agent007653,/r/PolitikBRD/comments/1eg6u6r/einfach_magisch_das_energiewendeland_und_so/,https://v.redd.it/kk8p1zl4gqfd1,,21,3,t3_1eg6u6r,2024-07-30 22:32:05+00:00,post
1eg6wu7,1722378912,"2023 bekamen die 40 DAX-Konzerne mindestens 10,7 Milliarden an Subventionen. Im gleichen Zeitraum machten sie 117 Milliarden Nettogewinn. 

Aber lasst uns lieber noch ein paar Sendungen zum Bürgergeld machen. (@NurderK) ",,agent007653,/r/PolitikBRD/comments/1eg6wu7/2023_bekamen_die_40_daxkonzerne_mindestens_107/,https://v.redd.it/c8d8rouogqfd1,,42,1,t3_1eg6wu7,2024-07-30 22:35:12+00:00,post
1egxa6p,1722457193,STEUERGESCHENK FÜR FAMILIENCLAN ? ,,agent007653,/r/PolitikBRD/comments/1egxa6p/steuergeschenk_für_familienclan/,https://www.reddit.com/gallery/1egxa6p,,98,12,t3_1egxa6p,2024-07-31 20:19:53+00:00,post
1egxcgd,1722457348,Das ändert sich im August ,,agent007653,/r/PolitikBRD/comments/1egxcgd/das_ändert_sich_im_august/,https://www.reddit.com/gallery/1egxcgd,,9,2,t3_1egxcgd,2024-07-31 20:22:28+00:00,post
1egxe9q,1722457475,"Hitze-Check der Deutschen Umwelthilfe
Wie gut oder schlecht die Städte abschneiden ",,agent007653,/r/PolitikBRD/comments/1egxe9q/hitzecheck_der_deutschen_umwelthilfe_wie_gut_oder/,https://www.reddit.com/gallery/1egxe9q,,16,3,t3_1egxe9q,2024-07-31 20:24:35+00:00,post
1egxguu,1722457656,Ein Wahlplakat des AfD-Kandidaten Wilko Möller in Frankfurt Oder sorgt für Aufsehen. ,,agent007653,/r/PolitikBRD/comments/1egxguu/ein_wahlplakat_des_afdkandidaten_wilko_möller_in/,https://i.redd.it/lnu7vrwtywfd1.jpeg,,59,5,t3_1egxguu,2024-07-31 20:27:36+00:00,post
1egxjjt,1722457833,"Wusstest du, dass Kinderrechte bisher nicht explizit im Grund-gesetz festgeschrieben sind ?",,agent007653,/r/PolitikBRD/comments/1egxjjt/wusstest_du_dass_kinderrechte_bisher_nicht/,https://www.reddit.com/gallery/1egxjjt,,13,1,t3_1egxjjt,2024-07-31 20:30:33+00:00,post
1egxl5t,1722457939,"„Dieser Hass vergiftet den politischen Diskurs. Er soll einschüchtern und schafft eine Atmosphäre der Angst. Er greift die Grundlagen einer freien demokratischen Debatte an - und damit unserer Demokratie.""
Robert Habeck ",,agent007653,/r/PolitikBRD/comments/1egxl5t/dieser_hass_vergiftet_den_politischen_diskurs_er/,https://v.redd.it/uudedsupzwfd1,,55,4,t3_1egxl5t,2024-07-31 20:32:19+00:00,post
1egxm5m,1722458008,„Schornstein“ = Wärmepumpe (@widescape) ,,agent007653,/r/PolitikBRD/comments/1egxm5m/schornstein_wärmepumpe_widescape/,https://i.redd.it/fj7dsh5yzwfd1.jpeg,,64,8,t3_1egxm5m,2024-07-31 20:33:28+00:00,post
1ehrnm0,1722545921,Süd- und Nordkorea auf Selfie vereint ,,agent007653,/r/PolitikBRD/comments/1ehrnm0/süd_und_nordkorea_auf_selfie_vereint/,https://i.redd.it/4etys1fc94gd1.jpeg,,47,5,t3_1ehrnm0,2024-08-01 20:58:41+00:00,post
1ehrpjn,1722546046,BÜRGERGELD: FALSCHE STATISTIK ? ,,agent007653,/r/PolitikBRD/comments/1ehrpjn/bürgergeld_falsche_statistik/,https://www.reddit.com/gallery/1ehrpjn,,148,16,t3_1ehrpjn,2024-08-01 21:00:46+00:00,post
1ehrqsr,1722546129,Natürliche Ressourcen der Erde für dieses Jahr verbraucht ,,agent007653,/r/PolitikBRD/comments/1ehrqsr/natürliche_ressourcen_der_erde_für_dieses_jahr/,https://www.reddit.com/gallery/1ehrqsr,,7,1,t3_1ehrqsr,2024-08-01 21:02:09+00:00,post
1ehru80,1722546372,EARTH- OVERSHOOT-DAY ,,agent007653,/r/PolitikBRD/comments/1ehru80/earth_overshootday/,https://www.reddit.com/gallery/1ehru80,,13,2,t3_1ehru80,2024-08-01 21:06:12+00:00,post
1ehrvqb,1722546478,OFFIZIELLE BUNDESLÄNDER-SLOGANS,,agent007653,/r/PolitikBRD/comments/1ehrvqb/offizielle_bundesländerslogans/,https://www.reddit.com/gallery/1ehrvqb,,41,6,t3_1ehrvqb,2024-08-01 21:07:58+00:00,post
1ehsub4,1722548872, Felicia Ewert über das Bürgergeld ,,agent007653,/r/PolitikBRD/comments/1ehsub4/felicia_ewert_über_das_bürgergeld/,https://i.redd.it/972ycgb2i4gd1.jpeg,,46,1,t3_1ehsub4,2024-08-01 21:47:52+00:00,post
1eht06z,1722549296,"„Was die @CDU da macht, ist reine Symbolpolitik, Schaumschlägerei. Hier werden Vorurteile geschürt über Menschen, die so faktisch nicht stimmen.“
@UlrichSchneider ",,agent007653,/r/PolitikBRD/comments/1eht06z/was_die_cdu_da_macht_ist_reine_symbolpolitik/,https://v.redd.it/oojhep1si4gd1,,103,14,t3_1eht06z,2024-08-01 21:54:56+00:00,post
1eht1ax,1722549369,"„Wohlhabende sind keine Leistungsträger. Ganz im Gegenteil. Die Allermeisten sehr Wohlhabenden in Deutschland sind ja Erben. Also, die haben gar nichts geleistet. Leistung erbringen die Leute, die sehr viel arbeiten & die werden bei uns sehr stark besteuert“
Josef Rick, Immobilienunternehmer ",,agent007653,/r/PolitikBRD/comments/1eht1ax/wohlhabende_sind_keine_leistungsträger_ganz_im/,https://v.redd.it/k6llddwkj4gd1,,57,12,t3_1eht1ax,2024-08-01 21:56:09+00:00,post
1eht2ux,1722549482,Darf ich vorstellen - Der Breitling-Chef Georges Kern : ,,agent007653,/r/PolitikBRD/comments/1eht2ux/darf_ich_vorstellen_der_breitlingchef_georges_kern/,https://v.redd.it/vms0ufxyj4gd1,,23,9,t3_1eht2ux,2024-08-01 21:58:02+00:00,post
1eht47e,1722549579,Was für ein Typ… (@Nurderk) ,,agent007653,/r/PolitikBRD/comments/1eht47e/was_für_ein_typ_nurderk/,https://v.redd.it/6fkrorn5k4gd1,,3,1,t3_1eht47e,2024-08-01 21:59:39+00:00,post
1eht5bm,1722549651,Tja nun… (@NurderK) ,,agent007653,/r/PolitikBRD/comments/1eht5bm/tja_nun_nurderk/,https://v.redd.it/hd4gqjmfk4gd1,,1,1,t3_1eht5bm,2024-08-01 22:00:51+00:00,post
1eht7zx,1722549843,Zitat von Janine Wissler ,,agent007653,/r/PolitikBRD/comments/1eht7zx/zitat_von_janine_wissler/,https://i.redd.it/zjs19k4nk4gd1.jpeg,,57,14,t3_1eht7zx,2024-08-01 22:04:03+00:00,post
1ehta8p,1722550006,Es ist nur noch peinlich. (@NurderK) ,,agent007653,/r/PolitikBRD/comments/1ehta8p/es_ist_nur_noch_peinlich_nurderk/,https://v.redd.it/5hsvshfdl4gd1,,25,3,t3_1ehta8p,2024-08-01 22:06:46+00:00,post
1eio4vk,1722640233,WIE KLIMÄSCHADLICH KLEIDUNG IST ,,agent007653,/r/PolitikBRD/comments/1eio4vk/wie_klimäschadlich_kleidung_ist/,https://v.redd.it/4r0g9gmr1cgd1,,21,4,t3_1eio4vk,2024-08-02 23:10:33+00:00,post
1eio6cm,1722640344,Eine Woche im Männer-Fascho-Algo ,,agent007653,/r/PolitikBRD/comments/1eio6cm/eine_woche_im_männerfaschoalgo/,https://www.reddit.com/gallery/1eio6cm,,30,7,t3_1eio6cm,2024-08-02 23:12:24+00:00,post
1eio7x6,1722640464,"DIE DIGITALISIERUNG, DIE WIR BEKOMMEN ",,agent007653,/r/PolitikBRD/comments/1eio7x6/die_digitalisierung_die_wir_bekommen/,https://i.redd.it/igmt6nmf2cgd1.jpeg,,11,2,t3_1eio7x6,2024-08-02 23:14:24+00:00,post
1eio955,1722640557,Generation Z: Schuld am Fachkräftemangel ? ,,agent007653,/r/PolitikBRD/comments/1eio955/generation_z_schuld_am_fachkräftemangel/,https://v.redd.it/mwpsvj3q2cgd1,,57,24,t3_1eio955,2024-08-02 23:15:57+00:00,post
1eioaj1,1722640664,NEUE WAHLREFORM ?! AMPEL VOR GERICHT ,,agent007653,/r/PolitikBRD/comments/1eioaj1/neue_wahlreform_ampel_vor_gericht/,https://www.reddit.com/gallery/1eioaj1,,21,5,t3_1eioaj1,2024-08-02 23:17:44+00:00,post
1eioblt,1722640739,SO NACHHALTIG IST MODE WIRKLICH ,,agent007653,/r/PolitikBRD/comments/1eioblt/so_nachhaltig_ist_mode_wirklich/,https://v.redd.it/9ka6iu1a3cgd1,,12,2,t3_1eioblt,2024-08-02 23:18:59+00:00,post
1ejzf11,1722789249,Lobbyismus in der Politik ,,agent007653,/r/PolitikBRD/comments/1ejzf11/lobbyismus_in_der_politik/,https://www.reddit.com/gallery/1ejzf11,,36,5,t3_1ejzf11,2024-08-04 16:34:09+00:00,post
1ejzgms,1722789357,REICHTUM VERPFLICHTET ?,,agent007653,/r/PolitikBRD/comments/1ejzgms/reichtum_verpflichtet/,https://i.redd.it/zt3e0ak7dogd1.jpeg,,106,15,t3_1ejzgms,2024-08-04 16:35:57+00:00,post
1ejzjmn,1722789564,Wer wird Harris' Vize ? Das sind die Kandidaten ,,agent007653,/r/PolitikBRD/comments/1ejzjmn/wer_wird_harris_vize_das_sind_die_kandidaten/,https://www.reddit.com/gallery/1ejzjmn,,13,9,t3_1ejzjmn,2024-08-04 16:39:24+00:00,post
1ejzld2,1722789684,"Nach anfänglicher Zurückhaltung
Trump doch bereit zu TV-Duell mit Harris ",,agent007653,/r/PolitikBRD/comments/1ejzld2/nach_anfänglicher_zurückhaltung_trump_doch_bereit/,https://www.reddit.com/gallery/1ejzld2,,17,5,t3_1ejzld2,2024-08-04 16:41:24+00:00,post
1ejzmro,1722789779,MUSS DIE ARD NEUTRAL BERICHTEN ? ,,agent007653,/r/PolitikBRD/comments/1ejzmro/muss_die_ard_neutral_berichten/,https://www.reddit.com/gallery/1ejzmro,,21,2,t3_1ejzmro,2024-08-04 16:42:59+00:00,post
1ek057r,1722791050,"Alles das, was der weiße, alte und reiche Mann sagt!
#TaxTheRich #ReichtumVerpflichtet (NurderK) ",,agent007653,/r/PolitikBRD/comments/1ek057r/alles_das_was_der_weiße_alte_und_reiche_mann_sagt/,https://v.redd.it/h3u40kychogd1,,34,9,t3_1ek057r,2024-08-04 17:04:10+00:00,post
1ekl7hg,1722856643,Wenn Politiker wieder keine Ahnung haben worüber sie bestimmen (wollen),"Er scheint zu denken das System funktioniert andersherum.

https://www.deutschlandfunk.de/diskussion-um-buergergeld-kretschmer-cdu-fordert-beweislastumkehr-100.html",Sp4c3_Cowb0y,/r/PolitikBRD/comments/1ekl7hg/wenn_politiker_wieder_keine_ahnung_haben_worüber/,https://i.redd.it/0hl7439cxtgd1.png,,45,10,t3_1ekl7hg,2024-08-05 11:17:23+00:00,post
1ekqb7q,1722870766,"“Keine Klimapolitik, das ist blinder Öko-Aktivismus” | Analyse: Was die BSW-Chefin wirklich sagt","Die Analyse, ein neues Format bei RTL, bei dem die Aussagen der Politiker im Nachhinein in den Kontext eingeordnet werden. In der ersten Folge führt eine Journalistin ein Interview mit Sahra Wagenknecht und lässt es dann von einer Korrespondentin, die Sahra Wagenknecht schon seit 20 Jahren begleitet einordnen ",Soft-Cartoonist7454,/r/PolitikBRD/comments/1ekqb7q/keine_klimapolitik_das_ist_blinder_ökoaktivismus/,https://youtu.be/CvtiYsrM72M?si=JDksG3tvRO4hXzCN,,1,1,t3_1ekqb7q,2024-08-05 15:12:46+00:00,post
1ekycfl,1722889974,SCHMUTZIGE DEBATTE ,,agent007653,/r/PolitikBRD/comments/1ekycfl/schmutzige_debatte/,https://www.reddit.com/gallery/1ekycfl,,37,10,t3_1ekycfl,2024-08-05 20:32:54+00:00,post
1ekyea2,1722890092,SIE VERTRETEN 100 MILLIONEN MENSCHEN ,,agent007653,/r/PolitikBRD/comments/1ekyea2/sie_vertreten_100_millionen_menschen/,https://www.reddit.com/gallery/1ekyea2,,30,2,t3_1ekyea2,2024-08-05 20:34:52+00:00,post
1ekygbt,1722890228,FDP fordert Nennung von Nationalität von Tatverdächtigen ,,agent007653,/r/PolitikBRD/comments/1ekygbt/fdp_fordert_nennung_von_nationalität_von/,https://www.reddit.com/gallery/1ekygbt,,50,27,t3_1ekygbt,2024-08-05 20:37:08+00:00,post
1ekymsu,1722890658,SHEIN ODER NICHT SHEIN ?,,agent007653,/r/PolitikBRD/comments/1ekymsu/shein_oder_nicht_shein/,https://v.redd.it/uvd72l5fqwgd1,,15,2,t3_1ekymsu,2024-08-05 20:44:18+00:00,post
1ekyogb,1722890767,DIE CDU SAGT: HOCKE IST DOOF! ,,agent007653,/r/PolitikBRD/comments/1ekyogb/die_cdu_sagt_hocke_ist_doof/,https://i.redd.it/02gu26qrqwgd1.jpeg,,37,9,t3_1ekyogb,2024-08-05 20:46:07+00:00,post
1ekypz8,1722890871,Wie soziale Medien junge Menschen radikalisieren ,,agent007653,/r/PolitikBRD/comments/1ekypz8/wie_soziale_medien_junge_menschen_radikalisieren/,https://www.reddit.com/gallery/1ekypz8,,24,6,t3_1ekypz8,2024-08-05 20:47:51+00:00,post
1ekyrfr,1722890967,WIRD LEISTUNG BELOHNT ?,,agent007653,/r/PolitikBRD/comments/1ekyrfr/wird_leistung_belohnt/,https://v.redd.it/3f0vk3udrwgd1,,23,1,t3_1ekyrfr,2024-08-05 20:49:27+00:00,post
1elcubn,1722934476,Umfrage: Wer sollte online-Plattformen regulieren?,"Hallo an alle!

Ich führe aktuell mit dem Max Planck Institut für Bildungsforschung eine internationale Studie zu Meinungen über Internet Plattformen durch und würde mich extrem freuen, wenn einige von euch teilnehmen. Es dauert nur 5 min!

[link](https://jrp.pscholars.org/participate-in-a-global-study-on-preferences-for-regulating-online-choice-architectures/)

Ganz lieben Dank euch!

Franziska",Frann__01,/r/PolitikBRD/comments/1elcubn/umfrage_wer_sollte_onlineplattformen_regulieren/,https://www.reddit.com/r/PolitikBRD/comments/1elcubn/umfrage_wer_sollte_onlineplattformen_regulieren/,,5,2,t3_1elcubn,2024-08-06 08:54:36+00:00,post
1elvhkm,1722983945,BÜRGERKRIEG IN ENGLAND ? ,,agent007653,/r/PolitikBRD/comments/1elvhkm/bürgerkrieg_in_england/,https://www.reddit.com/gallery/1elvhkm,,42,7,t3_1elvhkm,2024-08-06 22:39:05+00:00,post
1elvjf7,1722984069,CDU MIT BSW: RUSSLAND-PROBLEM ? ,,agent007653,/r/PolitikBRD/comments/1elvjf7/cdu_mit_bsw_russlandproblem/,https://www.reddit.com/gallery/1elvjf7,,28,5,t3_1elvjf7,2024-08-06 22:41:09+00:00,post
1elvq3g,1722984551,IST DAS WIRKLICH SECONDHAND ? ,,agent007653,/r/PolitikBRD/comments/1elvq3g/ist_das_wirklich_secondhand/,https://v.redd.it/9tx1medmh4hd1,,6,4,t3_1elvq3g,2024-08-06 22:49:11+00:00,post
1elvuma,1722984881,SANKTIONEN DEUTSCHLAND PRO PUTIN ? ,,agent007653,/r/PolitikBRD/comments/1elvuma/sanktionen_deutschland_pro_putin/,https://v.redd.it/09m9rzjhi4hd1,,30,21,t3_1elvuma,2024-08-06 22:54:41+00:00,post
1elx5pa,1722988320,Sind Anarchokapitalisten rechts oder links?,"Sind Anarchokapitalisten links oder rechts? Ich würde gerne eure Meinungen lesen. Selbst einschätzen kann ich das nicht, weil ich rechts-links-Einordnungen für antiquiert halte. Interessiert mich aber trotzdem.

[View Poll](https://www.reddit.com/poll/1elx5pa)",liberty99991111,/r/PolitikBRD/comments/1elx5pa/sind_anarchokapitalisten_rechts_oder_links/,https://www.reddit.com/r/PolitikBRD/comments/1elx5pa/sind_anarchokapitalisten_rechts_oder_links/,,1,1,t3_1elx5pa,2024-08-06 23:52:00+00:00,post
1emc0wa,1723037901,Frankreichs Links Parteien als Vorbild für Deutschland?,"Hallöchen wie würdet ihr ein Bündnis progressiver Parteien in Deutschland betrachten also alles von SPD bis Linke wie Grüne, Volt, Tierschutzpartei oder den Piraten? Denkt ihr sowas könnte funktionieren wenn der Politische wille da wäre durch z.B. eine AfD-CDU regierung im Osten?",RoteSonne161,/r/PolitikBRD/comments/1emc0wa/frankreichs_links_parteien_als_vorbild_für/,https://www.reddit.com/r/PolitikBRD/comments/1emc0wa/frankreichs_links_parteien_als_vorbild_für/,,1,1,t3_1emc0wa,2024-08-07 13:38:21+00:00,post
1emqrkw,1723073257,DAS PLANT KAMALA HARRIS ALS PRÄSIDENTIN ,,agent007653,/r/PolitikBRD/comments/1emqrkw/das_plant_kamala_harris_als_präsidentin/,https://www.reddit.com/gallery/1emqrkw,,50,2,t3_1emqrkw,2024-08-07 23:27:37+00:00,post
1emqu7t,1723073458,WIE VIEL IST DEIN OUTFIT WERT ?,,agent007653,/r/PolitikBRD/comments/1emqu7t/wie_viel_ist_dein_outfit_wert/,https://www.reddit.com/gallery/1emqu7t,,20,5,t3_1emqu7t,2024-08-07 23:30:58+00:00,post
1emqwoq,1723073645,Angst unter britischen Muslimen ,,agent007653,/r/PolitikBRD/comments/1emqwoq/angst_unter_britischen_muslimen/,https://v.redd.it/corm1xcjubhd1,,45,6,t3_1emqwoq,2024-08-07 23:34:05+00:00,post
1emqyds,1723073774,WAR WAS ?,,agent007653,/r/PolitikBRD/comments/1emqyds/war_was/,https://i.redd.it/2iyfkqsxubhd1.jpeg,,109,12,t3_1emqyds,2024-08-07 23:36:14+00:00,post
1eni5ke,1723153186,UNGLEICHE STEUERN ? ,,agent007653,/r/PolitikBRD/comments/1eni5ke/ungleiche_steuern/,https://v.redd.it/8824vwa0fihd1,,53,8,t3_1eni5ke,2024-08-08 21:39:46+00:00,post
1eni7cx,1723153313,RECHTE GEWALT IN GROßBRITANNIEN,,agent007653,/r/PolitikBRD/comments/1eni7cx/rechte_gewalt_in_großbritannien/,https://i.redd.it/sqec0nicfihd1.jpeg,,38,1,t3_1eni7cx,2024-08-08 21:41:53+00:00,post
1enic9o,1723153661,WER IST REICH IN DEUTSCHLAND ?,,agent007653,/r/PolitikBRD/comments/1enic9o/wer_ist_reich_in_deutschland/,https://v.redd.it/t8e9vnrggihd1,,52,12,t3_1enic9o,2024-08-08 21:47:41+00:00,post
1enijny,1723154173,Albtraum Arbeitsagentur ,,agent007653,/r/PolitikBRD/comments/1enijny/albtraum_arbeitsagentur/,https://v.redd.it/k9u40x1zhihd1,,22,3,t3_1enijny,2024-08-08 21:56:13+00:00,post
1eninmp,1723154449,Unternehmen fordern mehr Präsenzpflicht,,agent007653,/r/PolitikBRD/comments/1eninmp/unternehmen_fordern_mehr_präsenzpflicht/,https://www.reddit.com/gallery/1eninmp,,15,3,t3_1eninmp,2024-08-08 22:00:49+00:00,post
1enip7n,1723154559,Wenn in Deutschland das Licht ausgeht ,,agent007653,/r/PolitikBRD/comments/1enip7n/wenn_in_deutschland_das_licht_ausgeht/,https://v.redd.it/q31z4j65jihd1,,21,2,t3_1enip7n,2024-08-08 22:02:39+00:00,post
1enrxyd,1723181944,Brandenburg: Polizei hängt umstrittene Wahlplakate der AfD in Frankfurt (Oder) ab,,schnupfhundihund,/r/PolitikBRD/comments/1enrxyd/brandenburg_polizei_hängt_umstrittene_wahlplakate/,https://www.tagesschau.de/inland/regional/brandenburg/rbb-polizei-haengt-umstrittene-wahlplakate-der-afd-in-frankfurt-oder-ab-100.html,,6,1,t3_1enrxyd,2024-08-09 05:39:04+00:00,post
1eo0sgj,1723212871,Wissing ❤ Verbrenner: Die HVO100-CONNECTION der FDP | frontal,,According-Post-7721,/r/PolitikBRD/comments/1eo0sgj/wissing_verbrenner_die_hvo100connection_der_fdp/,https://youtube.com/watch?v=hoJMUhLZ54Q&si=nPY2C4cW-rAqyen6,,10,2,t3_1eo0sgj,2024-08-09 14:14:31+00:00,post
1eo0tc1,1723212925,Volker Wissing EXPOSED,,According-Post-7721,/r/PolitikBRD/comments/1eo0tc1/volker_wissing_exposed/,https://youtube.com/watch?v=FidQmO5QbaY&si=qpURcQa5lDTJ3EgT,,18,1,t3_1eo0tc1,2024-08-09 14:15:25+00:00,post
1eo1ij9,1723214647,Haben der demographische Wandel und der Klimawandel die selbe Ursache?,[removed],Typical-Fan261,/r/PolitikBRD/comments/1eo1ij9/haben_der_demographische_wandel_und_der/,https://www.reddit.com/r/PolitikBRD/comments/1eo1ij9/haben_der_demographische_wandel_und_der/,,1,1,t3_1eo1ij9,2024-08-09 14:44:07+00:00,post
1eod79b,1723242965,Gratis-Netflix-Abos für abgegebene Messer,,agent007653,/r/PolitikBRD/comments/1eod79b/gratisnetflixabos_für_abgegebene_messer/,https://www.reddit.com/gallery/1eod79b,,19,9,t3_1eod79b,2024-08-09 22:36:05+00:00,post
1eod8xy,1723243083,Warum wählen gerade im Osten so viele Menschen die AfD ?,,agent007653,/r/PolitikBRD/comments/1eod8xy/warum_wählen_gerade_im_osten_so_viele_menschen/,https://v.redd.it/lrvgzsdduphd1,,25,20,t3_1eod8xy,2024-08-09 22:38:03+00:00,post
1eodb9e,1723243250,"AfD-Politiker über ,,Regenbogen-Dasein“",,agent007653,/r/PolitikBRD/comments/1eodb9e/afdpolitiker_über_regenbogendasein/,https://v.redd.it/vrn32stwuphd1,,67,32,t3_1eodb9e,2024-08-09 22:40:50+00:00,post
1eodcfv,1723243333,Afghanische Sportlerinnen bei Olympia,,agent007653,/r/PolitikBRD/comments/1eodcfv/afghanische_sportlerinnen_bei_olympia/,https://www.reddit.com/gallery/1eodcfv,,15,2,t3_1eodcfv,2024-08-09 22:42:13+00:00,post
1eodglk,1723243634,WIRD PARKEN FÜR SUVS JETZT TEURER ? ,,agent007653,/r/PolitikBRD/comments/1eodglk/wird_parken_für_suvs_jetzt_teurer/,https://www.reddit.com/gallery/1eodglk,,26,2,t3_1eodglk,2024-08-09 22:47:14+00:00,post
1eodhtd,1723243725,Das Spiel zur sozialen Ungleichheit,,agent007653,/r/PolitikBRD/comments/1eodhtd/das_spiel_zur_sozialen_ungleichheit/,https://v.redd.it/dt4loegawphd1,,37,1,t3_1eodhtd,2024-08-09 22:48:45+00:00,post
1eomjyv,1723272179,The German Problem,,derjanni,/r/PolitikBRD/comments/1eomjyv/the_german_problem/,https://youtu.be/kbWLE07NGcw?si=r9dV47K2pfdHhmUW,,1,1,t3_1eomjyv,2024-08-10 06:42:59+00:00,post
1eonn2o,1723276512,"Armutsforscher beobachtet ""Sozialneid nach unten""",,agent007653,/r/PolitikBRD/comments/1eonn2o/armutsforscher_beobachtet_sozialneid_nach_unten/,https://www.zeit.de/gesellschaft/2024-08/armutsforscher-abnehmende-solidaritaet-sozialneid-nach-unten,,18,2,t3_1eonn2o,2024-08-10 07:55:12+00:00,post
1ep5jgy,1723329979,Software zur Gesichtserkennung sollen Bundeskriminalamt und Bundespolizei zukünftig einsetzen dürfen,,agent007653,/r/PolitikBRD/comments/1ep5jgy/software_zur_gesichtserkennung_sollen/,https://www.reddit.com/gallery/1ep5jgy,,6,2,t3_1ep5jgy,2024-08-10 22:46:19+00:00,post
1ep5l0t,1723330106,Die Suche nach einem Atommüllendlager verzögert sich - um 43 Jahre.,,agent007653,/r/PolitikBRD/comments/1ep5l0t/die_suche_nach_einem_atommüllendlager_verzögert/,https://www.reddit.com/gallery/1ep5l0t,,34,16,t3_1ep5l0t,2024-08-10 22:48:26+00:00,post
1ep5tt3,1723330784,Verbotsschilder als Deko ,,agent007653,/r/PolitikBRD/comments/1ep5tt3/verbotsschilder_als_deko/,https://v.redd.it/1iivmg853xhd1,,28,7,t3_1ep5tt3,2024-08-10 22:59:44+00:00,post
1ep5vko,1723330905,Ukraine setzt Angriffe auf Russland fort ,,agent007653,/r/PolitikBRD/comments/1ep5vko/ukraine_setzt_angriffe_auf_russland_fort/,https://www.reddit.com/gallery/1ep5vko,,13,1,t3_1ep5vko,2024-08-10 23:01:45+00:00,post
1ep5xqn,1723331070,Great Barrier Reef Höchste Wassertemperatur seit 400 Jahren,,agent007653,/r/PolitikBRD/comments/1ep5xqn/great_barrier_reef_höchste_wassertemperatur_seit/,https://www.reddit.com/gallery/1ep5xqn,,5,1,t3_1ep5xqn,2024-08-10 23:04:30+00:00,post
1ep5zby,1723331187,"15- bis 24-Jährige
Viele junge Menschen finanziell abhängig",,agent007653,/r/PolitikBRD/comments/1ep5zby/15_bis_24jährige_viele_junge_menschen_finanziell/,https://www.reddit.com/gallery/1ep5zby,,6,4,t3_1ep5zby,2024-08-10 23:06:27+00:00,post
1ep61c7,1723331344,CSU UND BÜRGERGELD,,agent007653,/r/PolitikBRD/comments/1ep61c7/csu_und_bürgergeld/,https://www.reddit.com/gallery/1ep61c7,,10,2,t3_1ep61c7,2024-08-10 23:09:04+00:00,post
1ep62ti,1723331457,"Lage in Deutschland
Eher Anlass zur Zuversicht oder Beunruhigung ?",,agent007653,/r/PolitikBRD/comments/1ep62ti/lage_in_deutschland_eher_anlass_zur_zuversicht/,https://www.reddit.com/gallery/1ep62ti,,37,81,t3_1ep62ti,2024-08-10 23:10:57+00:00,post
1ep63zs,1723331549,"Projektion Thüringen:
Wenn am nächsten Sonntag wirklich Landtagswahl wäre ...",,agent007653,/r/PolitikBRD/comments/1ep63zs/projektion_thüringen_wenn_am_nächsten_sonntag/,https://i.redd.it/99fclg3f5xhd1.jpeg,,6,1,t3_1ep63zs,2024-08-10 23:12:29+00:00,post
1ep65hr,1723331677,"REICHE STADT, ARMES LAND ?",,agent007653,/r/PolitikBRD/comments/1ep65hr/reiche_stadt_armes_land/,https://v.redd.it/hbdt59tu5xhd1,,0,5,t3_1ep65hr,2024-08-10 23:14:37+00:00,post
1ep676c,1723331801,KAMPAGNEN GEGEN OLYMPIA,,agent007653,/r/PolitikBRD/comments/1ep676c/kampagnen_gegen_olympia/,https://www.reddit.com/gallery/1ep676c,,19,5,t3_1ep676c,2024-08-10 23:16:41+00:00,post
1ep6cgu,1723332220,Geflüchtete Breakerin setzt Statement für Rechte afghanischer Frauen,,agent007653,/r/PolitikBRD/comments/1ep6cgu/geflüchtete_breakerin_setzt_statement_für_rechte/,https://i.redd.it/o3egdz2d7xhd1.jpeg,,15,2,t3_1ep6cgu,2024-08-10 23:23:40+00:00,post
1ep6noj,1723333119,",,Wo sind eigentlich all die Politiker*innen, die sich so sehr für die Atomkraft ausgesprochen haben? 

Das Schweigen ist ohrenbetäubend.'' (@Nurderkoch) ",,agent007653,/r/PolitikBRD/comments/1ep6noj/wo_sind_eigentlich_all_die_politikerinnen_die/,https://v.redd.it/aenn40m2axhd1,,25,3,t3_1ep6noj,2024-08-10 23:38:39+00:00,post
1ep6qlu,1723333363,"„Das Bürgergeldbashing von Union & FDP ist nichts als billiger Stimmenfang. Ausgetragen auf dem Rücken der Ärmsten. Was wir aber eigentlich brauchen, ist eine konstruktive Debatte darüber, wie wir mit Armut umgehen & wie wir der wachsenden Ungleichheit entgegentreten & wie ⬇️ ",,agent007653,/r/PolitikBRD/comments/1ep6qlu/das_bürgergeldbashing_von_union_fdp_ist_nichts/,https://v.redd.it/jum3cbmtaxhd1,,143,31,t3_1ep6qlu,2024-08-10 23:42:43+00:00,post
1ep6vna,1723333754,Was haltet ihr von dem erwähnten Bild-Artikel? War der tatsächlich etwas provokant und unsensibel oder handelt es sich hier um eine Überreaktion von Putins rechter Hand? Der Artikel wird als Kommentar ergänzen.,,rhythmstripp,/r/PolitikBRD/comments/1ep6vna/was_haltet_ihr_von_dem_erwähnten_bildartikel_war/,https://i.redd.it/n10wblicaxhd1.png,,36,22,t3_1ep6vna,2024-08-10 23:49:14+00:00,post
1epgj5s,1723367379,"Landtagswahlen: kleine Parteien wählen, oder große Partei mit ähnlichem weltbild und mehr Einfluss?","Ich habe bisher immer eine der größeren Parteien gewählt, welche auch im Bundestag vertreten ist. Nun habe ich kürzlich den Wahl-o-mat gemacht und habe festgestellt, dass diese große Partei in der wahlomat Liste am Ende nur auf Platz 3 landet. Direkt hinter zwei Parteien die meiner Meinung nach sehr klein sind und im Landtag wahrscheinlich nichts zu sagen haben werden.

Sollte ich nun trotzdem diese wählen, da sie meinen Werten zu 100% entspricht, oder sollte ich bei der bisherigen großen Partei bleiben, da sie eben auch etwa 90% meiner Standpunkte vertritt jedoch größer und einflussreicher ist?

Was macht politisch mehr Sinn?",punker2706,/r/PolitikBRD/comments/1epgj5s/landtagswahlen_kleine_parteien_wählen_oder_große/,https://www.reddit.com/r/PolitikBRD/comments/1epgj5s/landtagswahlen_kleine_parteien_wählen_oder_große/,,5,4,t3_1epgj5s,2024-08-11 09:09:39+00:00,post
1ephvny,1723373012,"Wir müssen uns ""Freiheit"" zurückholen - Kolumne","Schon ein bisschen älter, ist aber glaube ich immer noch aktuell.
Archive-link: https://web.archive.org/web/20240619065559/https://www.spiegel.de/kultur/gesellschaft/wir-muessen-uns-freiheit-zurueckholen-kolumne-a-1186417.html ",Moiniom,/r/PolitikBRD/comments/1ephvny/wir_müssen_uns_freiheit_zurückholen_kolumne/,https://www.spiegel.de/kultur/gesellschaft/wir-muessen-uns-freiheit-zurueckholen-kolumne-a-1186417.html,,1,1,t3_1ephvny,2024-08-11 10:43:32+00:00,post
1epxuty,1723416536,Oft keine einzige Bewerbung,,agent007653,/r/PolitikBRD/comments/1epxuty/oft_keine_einzige_bewerbung/,https://i.redd.it/mlfh158464id1.jpeg,,46,19,t3_1epxuty,2024-08-11 22:48:56+00:00,post
1epxxm0,1723416746,SPD Vermächtnis :,,agent007653,/r/PolitikBRD/comments/1epxxm0/spd_vermächtnis/,https://v.redd.it/b7it8agn64id1,,0,2,t3_1epxxm0,2024-08-11 22:52:26+00:00,post
1epxysr,1723416833,AUF ATOMSTROM SETZEN ?,,agent007653,/r/PolitikBRD/comments/1epxysr/auf_atomstrom_setzen/,https://i.redd.it/4vnp1v5074id1.jpeg,,32,2,t3_1epxysr,2024-08-11 22:53:53+00:00,post
1epy10s,1723416994,Warum wählen Sie Höcke ?,,agent007653,/r/PolitikBRD/comments/1epy10s/warum_wählen_sie_höcke/,https://v.redd.it/ca5w4inh74id1,,61,12,t3_1epy10s,2024-08-11 22:56:34+00:00,post
1epy3s6,1723417210,Wattenmeer verändert sich in Rekordtempo,,agent007653,/r/PolitikBRD/comments/1epy3s6/wattenmeer_verändert_sich_in_rekordtempo/,https://www.reddit.com/gallery/1epy3s6,,22,5,t3_1epy3s6,2024-08-11 23:00:10+00:00,post
1epy58j,1723417306,WAHL-MANIPULATION DURCH MUSK ?,,agent007653,/r/PolitikBRD/comments/1epy58j/wahlmanipulation_durch_musk/,https://www.reddit.com/gallery/1epy58j,,50,3,t3_1epy58j,2024-08-11 23:01:46+00:00,post
1eq9wad,1723457468,"FDP will ""mehr Autos in die Innenstädte locken""",,ComfortableOven7400,/r/PolitikBRD/comments/1eq9wad/fdp_will_mehr_autos_in_die_innenstädte_locken/,https://i.redd.it/pngmlz9tj7id1.jpeg,,1,2,t3_1eq9wad,2024-08-12 10:11:08+00:00,post
1eqgdqv,1723475737,FDP fordert Gratis-Parken in Innenstädten als Pro-Auto-Programm,,Krokodrillo,/r/PolitikBRD/comments/1eqgdqv/fdp_fordert_gratisparken_in_innenstädten_als/,https://www.spiegel.de/auto/fdp-fordert-gratis-parken-in-innenstaedten-als-pro-auto-programm-a-c926e1ec-3a39-4ae6-9411-9c745ff15edd?sara_ref=re-so-app-sh,,1,1,t3_1eqgdqv,2024-08-12 15:15:37+00:00,post
1eqnugy,1723493186,"""Wir sollten die Alten dazu ermutigen länger arbeiten zu wollen""",,Edward_Page99,/r/PolitikBRD/comments/1eqnugy/wir_sollten_die_alten_dazu_ermutigen_länger/,https://i.redd.it/6itm8r04iaid1.jpeg,,1,1,t3_1eqnugy,2024-08-12 20:06:26+00:00,post
1eqqka5,1723499737,WISSINGSCHAFT ,,agent007653,/r/PolitikBRD/comments/1eqqka5/wissingschaft/,https://v.redd.it/naqm919j1bid1,,30,4,t3_1eqqka5,2024-08-12 21:55:37+00:00,post
1eqr5z3,1723501202,Freiwilliges Engagement ist eines von vielen Möglichkeiten sozialer Teilhabe und Partizipation in der Gesellschaft. ,,agent007653,/r/PolitikBRD/comments/1eqr5z3/freiwilliges_engagement_ist_eines_von_vielen/,https://www.reddit.com/gallery/1eqr5z3,,2,2,t3_1eqr5z3,2024-08-12 22:20:02+00:00,post
1eqr8i9,1723501384,"Bodo Ramelow (Linke): ""Ich bin verfolgt worden"" ",,agent007653,/r/PolitikBRD/comments/1eqr8i9/bodo_ramelow_linke_ich_bin_verfolgt_worden/,https://v.redd.it/y6jxhfla6bid1,,23,1,t3_1eqr8i9,2024-08-12 22:23:04+00:00,post
1eqr9rm,1723501474,KLIMATOURISMUS: AB IN DEN NORDEN,,agent007653,/r/PolitikBRD/comments/1eqr9rm/klimatourismus_ab_in_den_norden/,https://www.reddit.com/gallery/1eqr9rm,,17,1,t3_1eqr9rm,2024-08-12 22:24:34+00:00,post
1eqrbz1,1723501626,",,Sechs Zentimeter ist okay'' So will Faeser das Waffenrecht
verschärfen ",,agent007653,/r/PolitikBRD/comments/1eqrbz1/sechs_zentimeter_ist_okay_so_will_faeser_das/,https://www.reddit.com/gallery/1eqrbz1,,20,12,t3_1eqrbz1,2024-08-12 22:27:06+00:00,post
1eqrh8h,1723502007,"FDP : MEHR AUTOS IN DIE STADT
",,agent007653,/r/PolitikBRD/comments/1eqrh8h/fdp_mehr_autos_in_die_stadt/,https://i.redd.it/wcwd8uc48bid1.jpeg,,43,7,t3_1eqrh8h,2024-08-12 22:33:27+00:00,post
1eqriqx,1723502116,"Debatte um Einsparungen
FDP fordert Senkung des Bürgergelds",,agent007653,/r/PolitikBRD/comments/1eqriqx/debatte_um_einsparungen_fdp_fordert_senkung_des/,https://www.reddit.com/gallery/1eqriqx,,38,16,t3_1eqriqx,2024-08-12 22:35:16+00:00,post
1er13fv,1723531506,Youtuber: Alternative zu Weltuntergangspropheten?,"Ich hatte vor kurzem das Handy meiner Oma in der Hand und habe feststellen müssen, dass sie fast ausschließlich YouTube Videos konsumiert, die den Weltuntergang und einen deutschen Bürgerkrieg vorhersagen. Immigration, Finanzkrise, Verschwörungstheorien.

Ich habe schnell mal alle ihre Abonnements beendet, allerdings fehlen mir noch gute Youtuber um diese zu ersetzen. Ich selbst konsumiere so gut wie kein YouTube, wenn überhaupt englischsprachige Videos.

Hättet ihr Vorschläge für mich? Gerne moderate Youtuber, die sinnvoll recherchieren und jetzt nicht das Pendel in die andere Richtung aus schwingen lassen.

Besten Dank euch!",redditaccountcreator,/r/PolitikBRD/comments/1er13fv/youtuber_alternative_zu_weltuntergangspropheten/,https://www.reddit.com/r/PolitikBRD/comments/1er13fv/youtuber_alternative_zu_weltuntergangspropheten/,,1,1,t3_1er13fv,2024-08-13 06:45:06+00:00,post
1er6r0f,1723552559,False Balance erklärt,,Pi-ratten,/r/PolitikBRD/comments/1er6r0f/false_balance_erklärt/,https://v.redd.it/7psrc7ybefid1,,168,9,t3_1er6r0f,2024-08-13 12:35:59+00:00,post
1erl3jw,1723588600,"Musk hilft Trump auf X
Warum es kein Interview war",,agent007653,/r/PolitikBRD/comments/1erl3jw/musk_hilft_trump_auf_x_warum_es_kein_interview_war/,https://www.reddit.com/gallery/1erl3jw,,31,4,t3_1erl3jw,2024-08-13 22:36:40+00:00,post
1erl4sk,1723588692,JUGENDLICHE AN DIE WAFFE,,agent007653,/r/PolitikBRD/comments/1erl4sk/jugendliche_an_die_waffe/,https://www.reddit.com/gallery/1erl4sk,,21,2,t3_1erl4sk,2024-08-13 22:38:12+00:00,post
1erl7mz,1723588888,Führerscheine werden immer teurer,,agent007653,/r/PolitikBRD/comments/1erl7mz/führerscheine_werden_immer_teurer/,https://www.reddit.com/gallery/1erl7mz,,15,5,t3_1erl7mz,2024-08-13 22:41:28+00:00,post
1erlaes,1723589071,AUSLÄNDER:INNEN RETTEN WIRTSCHAFT,,agent007653,/r/PolitikBRD/comments/1erlaes/ausländerinnen_retten_wirtschaft/,https://www.reddit.com/gallery/1erlaes,,27,6,t3_1erlaes,2024-08-13 22:44:31+00:00,post
1erlbj3,1723589147,Sorgen wegen Atomkraftwerk in russischem Gebiet Kursk,,agent007653,/r/PolitikBRD/comments/1erlbj3/sorgen_wegen_atomkraftwerk_in_russischem_gebiet/,https://i.redd.it/seiio0defiid1.jpeg,,4,3,t3_1erlbj3,2024-08-13 22:45:47+00:00,post
1erlctv,1723589237,Unfairer Lohn in Werkstätten für behinderte Menschen,,agent007653,/r/PolitikBRD/comments/1erlctv/unfairer_lohn_in_werkstätten_für_behinderte/,https://v.redd.it/bofdcxrnfiid1,,49,22,t3_1erlctv,2024-08-13 22:47:17+00:00,post
1erle1d,1723589321,Kajak-Olympiasieger kritisieren Scholz,,agent007653,/r/PolitikBRD/comments/1erle1d/kajakolympiasieger_kritisieren_scholz/,https://www.reddit.com/gallery/1erle1d,,20,3,t3_1erle1d,2024-08-13 22:48:41+00:00,post
1ese7w3,1723673267,KLIMANEUTRAL IST NICHT AUTOMATISCH NACHHALTIG,,agent007653,/r/PolitikBRD/comments/1ese7w3/klimaneutral_ist_nicht_automatisch_nachhaltig/,https://v.redd.it/m9at2rnidpid1,,29,4,t3_1ese7w3,2024-08-14 22:07:47+00:00,post
1esea06,1723673417,"Ohne Arbeit, Aus- oder Weiterbildung ist jeder fünfte junge Mensch weltweit",,agent007653,/r/PolitikBRD/comments/1esea06/ohne_arbeit_aus_oder_weiterbildung_ist_jeder/,https://i.redd.it/45g6jp0ydpid1.jpeg,,7,2,t3_1esea06,2024-08-14 22:10:17+00:00,post
1eseb8w,1723673504,NEONAZIS AUF DER FLUCHT,,agent007653,/r/PolitikBRD/comments/1eseb8w/neonazis_auf_der_flucht/,https://www.reddit.com/gallery/1eseb8w,,23,3,t3_1eseb8w,2024-08-14 22:11:44+00:00,post
1esecki,1723673597,Straßenbahnfahren als Uni-Nebenjob,,agent007653,/r/PolitikBRD/comments/1esecki/straßenbahnfahren_als_uninebenjob/,https://i.redd.it/3xydqs2iepid1.jpeg,,15,2,t3_1esecki,2024-08-14 22:13:17+00:00,post
1esedrc,1723673685,"''Die FDP macht aktuell mit zwei Vorschlägen auf sich Aufmerksam, die für die Partei mal wieder nicht typischer sein könnten.'' ",,agent007653,/r/PolitikBRD/comments/1esedrc/die_fdp_macht_aktuell_mit_zwei_vorschlägen_auf/,https://i.redd.it/cj51kt6repid1.jpeg,,60,3,t3_1esedrc,2024-08-14 22:14:45+00:00,post
1esef3n,1723673776,"„Ich finde, Nazis muss man Nazis nennen“ ",,agent007653,/r/PolitikBRD/comments/1esef3n/ich_finde_nazis_muss_man_nazis_nennen/,https://v.redd.it/0d6x4rozepid1,,139,24,t3_1esef3n,2024-08-14 22:16:16+00:00,post
1esn7ef,1723699432,"„Angefangen habe ich aus Lust und Zeit, mittlerweile sehe ich es aber als meine Aufgabe, den Leuten Politik näherzubringen – und zwar unterhaltsam und informativ.“","**Politische Bildung durch Bürgerjournalismus**

Dennis Schneevogts Konzept ist es, hitzige, laute und lustige Momente aus den aktuellen Debatten im deutschen Bundestag zusammenzuschneiden und parallel zur jeweils laufenden Legislatur- und Sitzungsperiode zu veröffentlichen.

Angefangen hat alles vor vier Jahren mit dem kurzen Video „Bundestag: Patzelt will nicht aufhören zu reden“, in dem der CDU-Abgeordnete Martin Patzelt vom ehemaligen Bundestagspräsidenten Thomas Oppermann (SPD) auf den Ablauf seiner Redezeit aufmerksam gemacht wird.

Der [24]-Jährige betreibt den YouTube-Account „Best of Bundestag“ – und das mit Erfolg: 181.000 Abonnenten hat sein Kanal.
Zusammen kommen seine Videos auf mehr als 58 Millionen Klicks, wovon sich laut der Analyseplattform NoxInfluencer allein im vergangenen Jahr 20 Millionen angesammelt haben.

Schneevogt selbst vergleicht seine Arbeit mit der Sportschau: Wer keine Zeit hat, sich das gesamte Spiel anzuschauen, greift auf das Angebot zurück, eine Zusammenfassung der wichtigsten Szenen zu sehen.

Der Durchschnittszuschauer von Schneevogts Videos ist zwischen 15 und 30 Jahren alt. Sein Angebot – die Sportschau zum Bundestag – erreicht demnach vor allem auch Erstwähler.

Mit Plattformen wie YouTube lässt sich bekanntlich auch Geld machen.
Dennoch hat sich Dennis Schneevogt gegen eine Kommerzialisierung von „Best of Bundestag“ entschieden, nicht zuletzt aus Sorge,
„das Format damit kaputt zu machen“.



https://de.ejo-online.eu/digitales/best-of-bundestag-die-parlamentarische-sportschau-erreicht-vor-allem-junge-menschen

https://youtube.com/@bestofbundestag?si=3bsHESU_Sq_welTY",I_saw_Will_smacking,/r/PolitikBRD/comments/1esn7ef/angefangen_habe_ich_aus_lust_und_zeit/,https://i.redd.it/ehvnz4udjrid1.png,,1,1,t3_1esn7ef,2024-08-15 05:23:52+00:00,post
1et8k95,1723761111,"Koalition mit BSW ?
Merz: Jein ... ",,agent007653,/r/PolitikBRD/comments/1et8k95/koalition_mit_bsw_merz_jein/,https://v.redd.it/cm9fsvepmwid1,,9,4,t3_1et8k95,2024-08-15 22:31:51+00:00,post
1et8m46,1723761242,"WUSSTEST DU, DASS ... Deutschland auf dem Globalen
Militarisierungsindex 2022 Rang
98 von 152 belegte ? ",,agent007653,/r/PolitikBRD/comments/1et8m46/wusstest_du_dass_deutschland_auf_dem_globalen/,https://www.reddit.com/gallery/1et8m46,,4,2,t3_1et8m46,2024-08-15 22:34:02+00:00,post
1et8o64,1723761393,"In den USA kann man Präsident oder Präsidentin werden, ohne die meisten Stimmen aus der Bevölkerung zu haben. ",,agent007653,/r/PolitikBRD/comments/1et8o64/in_den_usa_kann_man_präsident_oder_präsidentin/,https://www.reddit.com/gallery/1et8o64,,19,5,t3_1et8o64,2024-08-15 22:36:33+00:00,post
1et8q2h,1723761529,Der Abwärtstrend der AfD ist nachhaltig. ,,agent007653,/r/PolitikBRD/comments/1et8q2h/der_abwärtstrend_der_afd_ist_nachhaltig/,https://www.reddit.com/gallery/1et8q2h,,31,3,t3_1et8q2h,2024-08-15 22:38:49+00:00,post
1et8ro6,1723761643,Erste außergerichtliche Streitbeilegungsstelle ,,agent007653,/r/PolitikBRD/comments/1et8ro6/erste_außergerichtliche_streitbeilegungsstelle/,https://i.redd.it/rerh3ysaowid1.jpeg,,8,1,t3_1et8ro6,2024-08-15 22:40:43+00:00,post
1et8tcl,1723761765,SO UNTERSCHIEDLICH SIND DIE VIZE-KANDIDATEN ,,agent007653,/r/PolitikBRD/comments/1et8tcl/so_unterschiedlich_sind_die_vizekandidaten/,https://www.reddit.com/gallery/1et8tcl,,59,2,t3_1et8tcl,2024-08-15 22:42:45+00:00,post
1etqvcx,1723820010,Nordstream,[removed],Stray166,/r/PolitikBRD/comments/1etqvcx/nordstream/,https://i.redd.it/2vom7ufxh1jd1.png,,1,1,t3_1etqvcx,2024-08-16 14:53:30+00:00,post
1eu1l1r,1723846484,COMPACT : DOCH FANS DES RECHTSSTAATS ?,,agent007653,/r/PolitikBRD/comments/1eu1l1r/compact_doch_fans_des_rechtsstaats/,https://www.reddit.com/gallery/1eu1l1r,,6,1,t3_1eu1l1r,2024-08-16 22:14:44+00:00,post
1eu1nhv,1723846663,"Afghanistan
1,4 Millionen Mädchen von Schule ausgeschlossen",,agent007653,/r/PolitikBRD/comments/1eu1nhv/afghanistan_14_millionen_mädchen_von_schule/,https://www.reddit.com/gallery/1eu1nhv,,12,3,t3_1eu1nhv,2024-08-16 22:17:43+00:00,post
1eu1q1s,1723846849,WOHNUNGSNOT- UND KEIN ENDE,,agent007653,/r/PolitikBRD/comments/1eu1q1s/wohnungsnot_und_kein_ende/,https://www.reddit.com/gallery/1eu1q1s,,16,2,t3_1eu1q1s,2024-08-16 22:20:49+00:00,post
1eu1rt4,1723846981,Mehr als jeder dritte Ausbildungs- platz unbesetzt,,agent007653,/r/PolitikBRD/comments/1eu1rt4/mehr_als_jeder_dritte_ausbildungs_platz_unbesetzt/,https://www.reddit.com/gallery/1eu1rt4,,28,7,t3_1eu1rt4,2024-08-16 22:23:01+00:00,post
1eu1t3g,1723847076,MUSS DIE BUNDESWEHR ISRAEL VERTEIDIGEN ?,,agent007653,/r/PolitikBRD/comments/1eu1t3g/muss_die_bundeswehr_israel_verteidigen/,https://www.reddit.com/gallery/1eu1t3g,,29,44,t3_1eu1t3g,2024-08-16 22:24:36+00:00,post
1eu1uge,1723847173,Ein Jahr autofrei für 1.250 Euro,,agent007653,/r/PolitikBRD/comments/1eu1uge/ein_jahr_autofrei_für_1250_euro/,https://v.redd.it/ynw224wlq3jd1,,29,7,t3_1eu1uge,2024-08-16 22:26:13+00:00,post
1eu1w5q,1723847296,Führerschein für Ehrenamtliche ?,,agent007653,/r/PolitikBRD/comments/1eu1w5q/führerschein_für_ehrenamtliche/,https://v.redd.it/7gap6vqzq3jd1,,2,1,t3_1eu1w5q,2024-08-16 22:28:16+00:00,post
1eu1zan,1723847525,"MDR-Recherche
Bürgermeisterwahl in Sachsen: AfD-Kandidat ist offenbar ein Reichsbürger",,agent007653,/r/PolitikBRD/comments/1eu1zan/mdrrecherche_bürgermeisterwahl_in_sachsen/,https://i.redd.it/51wjhh8or3jd1.jpeg,,66,10,t3_1eu1zan,2024-08-16 22:32:05+00:00,post
1eu22lf,1723847773,"US-Wahlkampf
Harris-Vize Walz hat kaum Vermögen, keine Aktien, keine Immobilien - macht ihn das sympathisch ?",,agent007653,/r/PolitikBRD/comments/1eu22lf/uswahlkampf_harrisvize_walz_hat_kaum_vermögen/,https://www.reddit.com/gallery/1eu22lf,,46,14,t3_1eu22lf,2024-08-16 22:36:13+00:00,post
1eu23ja,1723847846,BSW UND AfD: FEIND ODER FREUND ? ,,agent007653,/r/PolitikBRD/comments/1eu23ja/bsw_und_afd_feind_oder_freund/,https://i.redd.it/fwihrkvms3jd1.jpeg,,16,4,t3_1eu23ja,2024-08-16 22:37:26+00:00,post
1eu25ry,1723848015,HIER WERDEN DIE MEISTEN GEFLÜCHTETEN ATTACKIERT ,,agent007653,/r/PolitikBRD/comments/1eu25ry/hier_werden_die_meisten_geflüchteten_attackiert/,https://www.reddit.com/gallery/1eu25ry,,18,7,t3_1eu25ry,2024-08-16 22:40:15+00:00,post
1euoa83,1723918763,Für den Urgent Actions-Newsletter anmelden und Menschenrechte schützen,,PaintQuiet4372,/r/PolitikBRD/comments/1euoa83/für_den_urgent_actionsnewsletter_anmelden_und/,https://i.redd.it/3fd3yekkn9jd1.jpeg,,3,1,t3_1euoa83,2024-08-17 18:19:23+00:00,post
1evlg1z,1724018924,MINDERHEITEN AUF DEM LAND,,agent007653,/r/PolitikBRD/comments/1evlg1z/minderheiten_auf_dem_land/,https://v.redd.it/nnrhscxbxhjd1,,29,9,t3_1evlg1z,2024-08-18 22:08:44+00:00,post
1evlhqc,1724019047,STIMMENFANG AUF KOSTEN DER ÄRMSTEN ,,agent007653,/r/PolitikBRD/comments/1evlhqc/stimmenfang_auf_kosten_der_ärmsten/,https://www.reddit.com/gallery/1evlhqc,,62,4,t3_1evlhqc,2024-08-18 22:10:47+00:00,post
1evlj8e,1724019155,STADT ODER LAND ?,,agent007653,/r/PolitikBRD/comments/1evlj8e/stadt_oder_land/,https://www.reddit.com/gallery/1evlj8e,,30,3,t3_1evlj8e,2024-08-18 22:12:35+00:00,post
1evlkgt,1724019240,So gut sind die Lobby- und Transparenzregeln in deinem Bundesland ,,agent007653,/r/PolitikBRD/comments/1evlkgt/so_gut_sind_die_lobby_und_transparenzregeln_in/,https://www.reddit.com/gallery/1evlkgt,,16,1,t3_1evlkgt,2024-08-18 22:14:00+00:00,post
1evllxl,1724019344,"Pläne für Bundeskriminalamt
Polizei soll verdeckt in Wohnungen dürfen",,agent007653,/r/PolitikBRD/comments/1evllxl/pläne_für_bundeskriminalamt_polizei_soll_verdeckt/,https://www.reddit.com/gallery/1evllxl,,38,14,t3_1evllxl,2024-08-18 22:15:44+00:00,post
1evln7s,1724019437,CDU-MITGLIEDER OFFEN FÜR ZUSAMMENARBEIT MIT AFD ?,,agent007653,/r/PolitikBRD/comments/1evln7s/cdumitglieder_offen_für_zusammenarbeit_mit_afd/,https://www.reddit.com/gallery/1evln7s,,50,13,t3_1evln7s,2024-08-18 22:17:17+00:00,post
1evlohc,1724019531,AUF PUMP LEBEN ,,agent007653,/r/PolitikBRD/comments/1evlohc/auf_pump_leben/,https://www.reddit.com/gallery/1evlohc,,15,1,t3_1evlohc,2024-08-18 22:18:51+00:00,post
1ewb5tk,1724096785,Ehrlich währt am längsten ,,Bert-Hofmann,/r/PolitikBRD/comments/1ewb5tk/ehrlich_währt_am_längsten/,https://i.redd.it/1qv9bn6xcojd1.jpeg,,55,6,t3_1ewb5tk,2024-08-19 19:46:25+00:00,post
1ewef2t,1724104645,SPD WEHRT SICH GEGEN ANGRIFF DER AFD,,agent007653,/r/PolitikBRD/comments/1ewef2t/spd_wehrt_sich_gegen_angriff_der_afd/,https://i.redd.it/bkl1k2f70pjd1.jpeg,,76,12,t3_1ewef2t,2024-08-19 21:57:25+00:00,post
1ewegqq,1724104759,"Laut einer Forsa-Umfrage
Fast die Hälfte der CDU-Mitglieder schließt eine Zusammenarbeit mit der AfD nicht aus",,agent007653,/r/PolitikBRD/comments/1ewegqq/laut_einer_forsaumfrage_fast_die_hälfte_der/,https://www.reddit.com/gallery/1ewegqq,,34,6,t3_1ewegqq,2024-08-19 21:59:19+00:00,post
1eweioy,1724104873,Ferienlager -Albtraum statt Abenteuer ?,,agent007653,/r/PolitikBRD/comments/1eweioy/ferienlager_albtraum_statt_abenteuer/,https://v.redd.it/uo0c323w0pjd1,,10,1,t3_1eweioy,2024-08-19 22:01:13+00:00,post
1ewek6y,1724104966,Laut der Umfrage des Redaktionsnetzwerks Deutschland (RND) wollen in Ostdeutschland sogar mehr als zwei Drittel der CDU-Mitglieder eine Zusammenarbeit mit der AfD nicht ausschließen. Ist die Brandmauer also nur ein Blatt Papier ?,,agent007653,/r/PolitikBRD/comments/1ewek6y/laut_der_umfrage_des_redaktionsnetzwerks/,https://v.redd.it/orb124v51pjd1,,34,3,t3_1ewek6y,2024-08-19 22:02:46+00:00,post
1ewem92,1724105107,Zahlung auf Vertrauensbasis - klappt das ? ,,agent007653,/r/PolitikBRD/comments/1ewem92/zahlung_auf_vertrauensbasis_klappt_das/,https://v.redd.it/8ps72lwk1pjd1,,8,1,t3_1ewem92,2024-08-19 22:05:07+00:00,post
1ewequ0,1724105427,"Was bei der Bundeswehr
möglich ist, sollte auch für die
Demokratieförderung möglich sein,
findet Politologe Arne Semsrott.

Darum fordert er ein:
„Sondervermögen Demokratie“ ",,agent007653,/r/PolitikBRD/comments/1ewequ0/was_bei_der_bundeswehr_möglich_ist_sollte_auch/,https://www.reddit.com/gallery/1ewequ0,,10,1,t3_1ewequ0,2024-08-19 22:10:27+00:00,post
1ewetjy,1724105615,",,HART ABER FAIR to go''
STREIT JA, ABER BITTE MIT RESPEKT!",,agent007653,/r/PolitikBRD/comments/1ewetjy/hart_aber_fair_to_go_streit_ja_aber_bitte_mit/,https://v.redd.it/d6mxvmq13pjd1,,3,3,t3_1ewetjy,2024-08-19 22:13:35+00:00,post
1ewevf3,1724105750,"EXTREMES WETTER, EXTREME KOSTEN ",,agent007653,/r/PolitikBRD/comments/1ewevf3/extremes_wetter_extreme_kosten/,https://www.reddit.com/gallery/1ewevf3,,16,1,t3_1ewevf3,2024-08-19 22:15:50+00:00,post
1ewex00,1724105861,Mangel an Blutspenden,,agent007653,/r/PolitikBRD/comments/1ewex00/mangel_an_blutspenden/,https://www.reddit.com/gallery/1ewex00,,3,8,t3_1ewex00,2024-08-19 22:17:41+00:00,post
1ewfalc,1724106803,Wie beginnt Faschismus ?,,agent007653,/r/PolitikBRD/comments/1ewfalc/wie_beginnt_faschismus/,https://www.reddit.com/gallery/1ewfalc,,104,7,t3_1ewfalc,2024-08-19 22:33:23+00:00,post
1ewfc8x,1724106921,HAT SELBST DIE SPD KEINEN BOCK MEHR AUF SCHOLZ ?,,agent007653,/r/PolitikBRD/comments/1ewfc8x/hat_selbst_die_spd_keinen_bock_mehr_auf_scholz/,https://i.redd.it/dxr5uojw6pjd1.jpeg,,4,2,t3_1ewfc8x,2024-08-19 22:35:21+00:00,post
1ewfe3i,1724107050,PSYCHISCHE GESUNDHEIT IGNORIERT ? ,,agent007653,/r/PolitikBRD/comments/1ewfe3i/psychische_gesundheit_ignoriert/,https://www.reddit.com/gallery/1ewfe3i,,30,4,t3_1ewfe3i,2024-08-19 22:37:30+00:00,post
1ews5kj,1724149909,Renovierung des Sozialstaates und Rekonstruktion des Steuersystems,"https://preview.redd.it/7w74vc0dqsjd1.png?width=2038&format=png&auto=webp&s=4e8463a74d076b4301af39b80b9ccdab0d468e2b

# Renovierung des Sozialstaates



Geschaffen werden muss ein inklusiver Wohlfahrtsstaat, der eine gleichberechtigte Partizipation aller Wohnbürger:innen am gesellschaftlichen Reichtum wie am sozialen, politischen und kulturellen Leben ermöglicht. Vor allem ist ein Ausbau des bestehenden Systems zu einer Sozialversicherung für alle Bewohner:innen nötig.



Verschwinden muss der Widerspruch, dass sich in Deutschland fast nur abhängig Beschäftigte im sozialen Sicherungssystem befinden und auch nur bis zu einem Monatseinkommen von höchstens 7.550 Euro in West- und 7.450 Euro in Ostdeutschland (2024). Über diese Bemessungsgrenze hinaus entrichten Versicherte (und ihre Arbeitgeber) keine Beiträge zur Renten- und Arbeitslosenversicherung.



An die Stelle der bisherigen Arbeitnehmer:innen- würde eine solidarische Bürger:innenversicherung treten. Nicht bloß auf Löhne und Gehälter, sondern auf sämtliche Einkunftsarten (Zinsen, Dividenden, Tantiemen sowie Miet- und Pachterlöse) wären Beiträge zu entrichten. Nach oben darf es im Grunde weder eine Versicherungspflichtgrenze noch Beitragsbemessungsgrenzen geben, die es privilegierten Personengruppen erlauben, in exklusive Sicherungssysteme auszuweichen und sich ihrer Verantwortung für sozial Benachteiligte (ganz oder teilweise) zu entziehen.



Man kann die Beitragsbemessungs- und die Versicherungspflichtgrenze jährlich stärker als bisher an- und schließlich aufheben. Denn in der bisherigen Form wirken die Beiträge regressiv, was gegen das Postulat der sozialen Gerechtigkeit verstößt und widersinnig ist, weil das schlagendste Argument für die Bürger:innenversicherung ihr hohes Maß an Gerechtigkeit und sozialem Ausgleich bildet.



# Rekonstruktion des Steuersystems



Weil das Vermögen den Kern des Reichtums bildet, ist seine jährliche Besteuerung ein Schlüssel zur Verringerung der sozialen Ungleichheit. Ansetzen muss die Rückverteilung des Reichtums an jene Menschen, die ihn geschaffen haben, bei den großen Vermögen, weil diese und nicht – wie in der Medienöffentlichkeit teilweise suggeriert – sehr hohe Einkommen für ihn konstitutiv sind.



Kaum etwas widerspricht dem allgemeinen Gerechtigkeitsempfinden so stark wie die schärfere Besteuerung von Arbeitseinkommen als von Kapitalerträgen. Letztere unterliegen seit dem 1. Januar 2009 einer pauschalen Abgeltungsteuer von 25 Prozent, wohingegen Gehälter ab einem zu versteuernden Jahreseinkommen von 66.760 Euro (2024) mit dem Spitzensatz von 42 Prozent belegt sind. Deshalb gehört die Abschaffung der Kapitalertragsteuer und ihre Reintegration in die normale Einkommensteuer ganz oben auf die steuerpolitische Agenda.



Flankiert werden müssten diese Reformpläne durch einen progressiver verlaufenden Einkommensteuertarif mit einem höheren Spitzensteuersatz. Millioneneinkommen sollten deutlich höher besteuert werden als „normale“ oder als hohe Einkommen, die zwar den Lebensunterhalt (einer Familie) sichern, aber keinen Luxus ermöglichen. Wer ein zu versteuerndes Jahreseinkommen von über 1 Million Euro hat, kann für diese Summe übersteigende Beträge problemlos 60 Prozent Steuern zahlen.



Das geltende Erbschaft- und Schenkungsteuerrecht begünstigt hyperreiche Unternehmerfamilien, denen die Privilegierung des Betriebsvermögens und die wiederholte Inanspruchnahme des Schenkungsteuerfreibetrages die intergenerationale Weitergabe von Unternehmen erleichtern. Begründet wird die Begünstigung von Firmenerb:innen damit, dass wegen deren Steuerbelastung die Insolvenz von Betrieben und der Verlust von Arbeitsplätzen drohe. Um einen solchen Fall auszuschließen, kann man den Freibetrag für inhabergeführte Familienunternehmen anheben. Außerdem würden die Nachteile eines plötzlichen Kapitalabzugs durch großzügigere Stundungsregelungen oder eine stille Teilhaberschaft des Staates an dem betreffenden Unternehmen bis zur Begleichung der Steuerschuld vermieden.



*Bei diesem Text handelt es sich um einige zentrale Erkenntnisse aus dem aktuellen Buch „*[*Umverteilung des Reichtums*](https://shop.faktory.at/umverteilung-des-reichtums-9783894388317)*“ des Autors.*

  
[A&W-Blog | Reichtum in Deutschland: Renovierung des Sozialstaates und Rekonstruktion des Steuersystems notwendig! (awblog.at)](https://www.awblog.at/Verteilung/Reichtum-in-Deutschland-Renovierung-des-Sozialstaates)",Devil-__-Ghost,/r/PolitikBRD/comments/1ews5kj/renovierung_des_sozialstaates_und_rekonstruktion/,https://www.reddit.com/r/PolitikBRD/comments/1ews5kj/renovierung_des_sozialstaates_und_rekonstruktion/,,1,1,t3_1ews5kj,2024-08-20 10:31:49+00:00,post
1ex6e0b,1724186412,UN-Experte sieht Systemversagen bei Polizeigewalt in Deutschland,,Ok-Preference-4433,/r/PolitikBRD/comments/1ex6e0b/unexperte_sieht_systemversagen_bei_polizeigewalt/,https://www.zeit.de/gesellschaft/2022-04/polizeigewalt-deutschland-un-systemversagen,,1,1,t3_1ex6e0b,2024-08-20 20:40:12+00:00,post
1ex6ge1,1724186573,UN-Experte sieht Systemversagen bei Polizeigewalt in Deutschland,,Ok-Preference-4433,/r/PolitikBRD/comments/1ex6ge1/unexperte_sieht_systemversagen_bei_polizeigewalt/,https://www.zeit.de/gesellschaft/2022-04/polizeigewalt-deutschland-un-systemversagen,,1,1,t3_1ex6ge1,2024-08-20 20:42:53+00:00,post
1ex6i2m,1724186683,[image processing failed],[removed],[deleted],/r/PolitikBRD/comments/1ex6i2m/image_processing_failed/,,,1,0,t3_1ex6i2m,2024-08-20 20:44:43+00:00,post
1ex6oos,1724187122,UN-Experte sieht Systemversagen bei Polizeigewalt in Deutschland,"Auch der Umgang der Bundesregierung mit dem Thema Polizeigewalt sei bedenklich.

*Processing img kw47s0q273kd1...*

",Ok-Preference-4433,/r/PolitikBRD/comments/1ex6oos/unexperte_sieht_systemversagen_bei_polizeigewalt/,https://www.reddit.com/r/PolitikBRD/comments/1ex6oos/unexperte_sieht_systemversagen_bei_polizeigewalt/,,4,2,t3_1ex6oos,2024-08-20 20:52:02+00:00,post
1exnwf1,1724242051,Wie die High Society Klima und Umwelt für den Statuskampf einspannt,,RainerMariaRitter,/r/PolitikBRD/comments/1exnwf1/wie_die_high_society_klima_und_umwelt_für_den/,https://www.corrigenda.online/politik/buch-von-axel-bojanowski-was-sie-schon-immer-uebers-klima-wissen-wollten,,1,1,t3_1exnwf1,2024-08-21 12:07:31+00:00,post
1ey2n3w,1724278382,WÄRMEPUMPE : CDU JETZT FANS ?,,agent007653,/r/PolitikBRD/comments/1ey2n3w/wärmepumpe_cdu_jetzt_fans/,https://www.reddit.com/gallery/1ey2n3w,,87,17,t3_1ey2n3w,2024-08-21 22:13:02+00:00,post
1ey2ogl,1724278477,STATEMENT : STAATSVERTRÄGE & RUNDFUNKBEITRAG,,agent007653,/r/PolitikBRD/comments/1ey2ogl/statement_staatsverträge_rundfunkbeitrag/,https://www.reddit.com/gallery/1ey2ogl,,14,3,t3_1ey2ogl,2024-08-21 22:14:37+00:00,post
1ey2qi1,1724278616,KLIMAKILLER KI ?,,agent007653,/r/PolitikBRD/comments/1ey2qi1/klimakiller_ki/,https://www.reddit.com/gallery/1ey2qi1,,2,1,t3_1ey2qi1,2024-08-21 22:16:56+00:00,post
1ey2rmu,1724278694,MASSENGRAB MITTELMEER,,agent007653,/r/PolitikBRD/comments/1ey2rmu/massengrab_mittelmeer/,https://www.reddit.com/gallery/1ey2rmu,,30,2,t3_1ey2rmu,2024-08-21 22:18:14+00:00,post
1ey2tet,1724278827,ALL-YOU-CAN-STROM ?,,agent007653,/r/PolitikBRD/comments/1ey2tet/allyoucanstrom/,https://v.redd.it/1wr4nea6e3kd1,,17,9,t3_1ey2tet,2024-08-21 22:20:27+00:00,post
1eynixh,1724343561,Mythos Fünfprozenthürde ,[removed],JashekAshek,/r/PolitikBRD/comments/1eynixh/mythos_fünfprozenthürde/,https://www.reddit.com/gallery/1eynixh,,1,1,t3_1eynixh,2024-08-22 16:19:21+00:00,post
1eynmpm,1724343806,Mythos Fünfprozenthürde ,[removed],[deleted],/r/PolitikBRD/comments/1eynmpm/mythos_fünfprozenthürde/,,,1,1,t3_1eynmpm,2024-08-22 16:23:26+00:00,post
1eynnka,1724343864,Mythos Fünfprozenthürde ,"Die Fünfprozenthürde sorgt nicht nur dafür, dass viele Stimmen bei der Sitzverteilung unberücksichtigt bleiben. Sie hält auch viele Leute davon ab ihre Wunschpartei zu wählen, weil sie glauben ihre Stimme zu verschwenden (was übrigens auch ein Mythos ist)*. Dieses Demokratiedefizit wird häufig mit angeblichen Erfahrungen aus Weimar begründet. Diese sind aber historisch nicht belegt oder sogar eher widerlegt worden. Die Weimarer Republik scheiterte an vielen Faktoren, aber dieser gehört nicht dazu. Die Demokratie hatte wenig Vertrauen in der Bevölkerung und nicht wenige wünschten sich einen Systemwechsel, weshalb antidemokratische Parteien wie die DNVP, KPD und später NSDAP viele Sitze gewannen. So verkleinerte sich der Koalitionsspielraum für die Demokraten. Mit einer Sperrklausel von 5 Prozent wären sogar viele demokratische Parteien nicht reingekommen, wie beispielsweise die DDP, DVP, BVP und diverse Agrarparteien. Das sieht man ganz gut in den [Ergebnissen der Reichstagswahlen](https://de.wikipedia.org/wiki/Reichstagswahlen_in_Deutschland#Weimarer_Republik_(1918_bis_1933)). Ähnliches sehen wir aktuell in mehreren ostdeutschen Bundesländern, wo Grüne, fDP, Freie Wähler und sogar die sPD möglicherweise nicht reinkommen. Die AfD wird so mit einer höheren Wahrscheinlichkeit eine sogenannte Sperrminorität von 33% der Sitze erhalten, wodurch sie beispielsweise die Ernennung von Richtern blockieren kann. Natürlich ist die Regierungsbildung mit mehr Parteien komplizierter, aber immerhin möglich. Eine Koalition mit Extremisten dagegen ist völlig absurd und um einiges schwerer. Viele vergessen auch, dass kleine Parteien meistens mit anderen eine Fraktion bilden, wie im EU-Parlament. So wird eine Zersplitterung verhindert und die Arbeitsfähigkeit sichergestellt. Hinzu kommt, dass man sich in einer Koalition nicht überall einig sein muss. Man muss nicht immer gemeinsam abstimmen und Oppositionsanträge aus Prinzip ablehnen. Das Parlament als Gesetzgebendes Organ arbeitet unabhängig von der Regierung und muss diese kontrollieren, nicht umgekehrt.

*Viele Wähler wissen nicht, dass ihre Stimme auch einen [Einfluss auf die Parteienfinanzierung](https://www.bmi.bund.de/DE/themen/verfassung/parteienrecht/parteienfinanzierung/parteienfinanzierung-node.html) hat und Wahlen nicht nur die Sitzverteilung bestimmen, sondern auch eine wichtige Signalwirkung haben. Wenn mehr Menschen keine der großen Parteien wählen wird der Druck größer etwas zu ändern. Die Grünen haben auch klein angefangen und konnten die anderen dazu bringen Umweltschutz ins Wahlprogramm aufzunehmen. Ob eine Partei 0,1 oder 4,9 Prozent spielt für die Sitzverteilung zwar keine Rolle, aber trotzdem würde der Druck auf die Anderen wachsen. Dazu kommt, dass man so die Mitglieder der Kleinpartei motiviert beim nächsten mal nochmal anzutreten. Außerdem ist das sogenannte „taktische“ bzw. „strategische“ Wählen mMn einer der Gründe dafür, dass wir jetzt immer noch so viele Probleme wie z.B. Korruption und Armut haben. Wenn jeder jedes mal sagt „das bringt eh nichts, ich wähle wieder eine etablierte“ werden wir höchstwahrscheinlich nie die notwendigen Reformen, vor allem in Bezug auf den Klimaschutz, sehen.",JashekAshek,/r/PolitikBRD/comments/1eynnka/mythos_fünfprozenthürde/,https://www.reddit.com/gallery/1eynnka,,31,29,t3_1eynnka,2024-08-22 16:24:24+00:00,post
1eyw9mp,1724365149,Zwangsarbeit bei Bahlsen,,agent007653,/r/PolitikBRD/comments/1eyw9mp/zwangsarbeit_bei_bahlsen/,https://www.reddit.com/gallery/1eyw9mp,,31,27,t3_1eyw9mp,2024-08-22 22:19:09+00:00,post
1eywssm,1724366515,"Erstes Halbjahr 2024 in Deutschland
Hunderte Messer-Taten an Bahnhöfen",,agent007653,/r/PolitikBRD/comments/1eywssm/erstes_halbjahr_2024_in_deutschland_hunderte/,https://www.reddit.com/gallery/1eywssm,,15,15,t3_1eywssm,2024-08-22 22:41:55+00:00,post
1eywu6c,1724366613,"Hm, vielleicht ist das auch einfach norddeutsche Herzlichkeit ?!",,agent007653,/r/PolitikBRD/comments/1eywu6c/hm_vielleicht_ist_das_auch_einfach_norddeutsche/,https://v.redd.it/1hkp28s6nakd1,,34,2,t3_1eywu6c,2024-08-22 22:43:33+00:00,post
1eywvj3,1724366710,"Nach zähen Verhandlungen
Ampel-Koalition einigt sich auf Haushalt 2025",,agent007653,/r/PolitikBRD/comments/1eywvj3/nach_zähen_verhandlungen_ampelkoalition_einigt/,https://www.reddit.com/gallery/1eywvj3,,7,1,t3_1eywvj3,2024-08-22 22:45:10+00:00,post
1eywxjk,1724366861,"Im September in Berlin CDU nimmt an rechtskonservativer Konferenz teil, um mit
Trumpisten zu networken",,agent007653,/r/PolitikBRD/comments/1eywxjk/im_september_in_berlin_cdu_nimmt_an/,https://i.redd.it/18znx6runakd1.jpeg,,41,3,t3_1eywxjk,2024-08-22 22:47:41+00:00,post
1eyx1cx,1724367136,Dreht die Bundes-regierung der Ukraine den Geldhahn zu ?,,agent007653,/r/PolitikBRD/comments/1eyx1cx/dreht_die_bundesregierung_der_ukraine_den/,https://www.reddit.com/gallery/1eyx1cx,,5,1,t3_1eyx1cx,2024-08-22 22:52:16+00:00,post
1ezp2xl,1724450483,LANGES WARTEN AUF INTEGRATION,,agent007653,/r/PolitikBRD/comments/1ezp2xl/langes_warten_auf_integration/,https://i.redd.it/ekjg0e5jkhkd1.jpeg,,6,1,t3_1ezp2xl,2024-08-23 22:01:23+00:00,post
1ezp55q,1724450638,"Stifte, Wein, Backformen und rechtsextremes Gedankengut: Über die
Werbefinanzierung von rechten Influencern",,agent007653,/r/PolitikBRD/comments/1ezp55q/stifte_wein_backformen_und_rechtsextremes/,https://www.reddit.com/gallery/1ezp55q,,17,1,t3_1ezp55q,2024-08-23 22:03:58+00:00,post
1ezp6pq,1724450746,"„Kontrollverlust“ bei Deutscher Bahn
Zwei bis drei Millionen Fahrplanänderungen",,agent007653,/r/PolitikBRD/comments/1ezp6pq/kontrollverlust_bei_deutscher_bahn_zwei_bis_drei/,https://www.reddit.com/gallery/1ezp6pq,,22,4,t3_1ezp6pq,2024-08-23 22:05:46+00:00,post
1ezp81g,1724450840,Was im Leben am wichtigsten ist,,agent007653,/r/PolitikBRD/comments/1ezp81g/was_im_leben_am_wichtigsten_ist/,https://www.reddit.com/gallery/1ezp81g,,48,44,t3_1ezp81g,2024-08-23 22:07:20+00:00,post
1ezp9ez,1724450943,EU-REKORD: DER DOWNFALL FOSSILER ENERGIE ?,,agent007653,/r/PolitikBRD/comments/1ezp9ez/eurekord_der_downfall_fossiler_energie/,https://i.redd.it/jsk67ajylhkd1.jpeg,,20,4,t3_1ezp9ez,2024-08-23 22:09:03+00:00,post
1f07h50,1724512077,Hättet ihr bock im Livestream gemeinsam politische Inhalte zu schauen und darüber zu labern ?,"Hi ich würde unfassbar gerne mit euch über die Inhalte hier aus dem sub oder auf z.b. youtube reden und sie gemeinsam schauen, vielleicht können wir gemeinsam auch was bewirken irgendwann und unseren Einfluss hilfreich anwenden

[View Poll](https://www.reddit.com/poll/1f07h50)",agent007653,/r/PolitikBRD/comments/1f07h50/hättet_ihr_bock_im_livestream_gemeinsam/,https://www.reddit.com/r/PolitikBRD/comments/1f07h50/hättet_ihr_bock_im_livestream_gemeinsam/,,1,1,t3_1f07h50,2024-08-24 15:07:57+00:00,post
1f0gnbr,1724536394,Wahl System Bundestag ,"Hey, ich frage mich seit langer Zeit, ob unser Wahlsystem wirklich so demokratisch ist oder ob ich ein Denkfehler habe? Wer kann mir helfen?

Die stärkste Partei darf sich Koalitionspartner aussuchen um die Mehrheit zu erreichen. Egal ob diese Partei die zweitstärkste oder viert stärkste ist.

Müsste es nicht so sein, dass die stärkste Partei mit der zweitstärksten Partei (falls das nicht ausreicht, die drittstärkste dazunehmen) regieren müsste? Schließlich hat das Volk so gewählt. Ergibt für mich keinen Sinn, da so immer dieselben Parteien sich zusammen tun. Nur unter einem evtl. anderen Kanzler.",coolSoc,/r/PolitikBRD/comments/1f0gnbr/wahl_system_bundestag/,https://www.reddit.com/r/PolitikBRD/comments/1f0gnbr/wahl_system_bundestag/,,1,3,t3_1f0gnbr,2024-08-24 21:53:14+00:00,post
1f0hlcq,1724539076,WARUM BERICHTET IHR NICHT ÜBER ...?,,agent007653,/r/PolitikBRD/comments/1f0hlcq/warum_berichtet_ihr_nicht_über/,https://www.reddit.com/gallery/1f0hlcq,,43,4,t3_1f0hlcq,2024-08-24 22:37:56+00:00,post
1f0hmrz,1724539188,IRRSINNIGE PRAXIS,,agent007653,/r/PolitikBRD/comments/1f0hmrz/irrsinnige_praxis/,https://i.redd.it/lueyphtcwokd1.jpeg,,27,15,t3_1f0hmrz,2024-08-24 22:39:48+00:00,post
1f0o0dc,1724559423,The independent candidate ,[removed],ForrestTownliving,/r/PolitikBRD/comments/1f0o0dc/the_independent_candidate/,https://www.reddit.com/r/PolitikBRD/comments/1f0o0dc/the_independent_candidate/,,1,1,t3_1f0o0dc,2024-08-25 04:17:03+00:00,post
1f17vvm,1724622544,"Kritik durch Amnesty International
Rechtswidrige Exporte von Waffen in Krisengebiete",,agent007653,/r/PolitikBRD/comments/1f17vvm/kritik_durch_amnesty_international_rechtswidrige/,https://www.reddit.com/gallery/1f17vvm,,8,1,t3_1f17vvm,2024-08-25 21:49:04+00:00,post
1f181su,1724622999,Die Top 10 Unterstützer der Ukraine,,agent007653,/r/PolitikBRD/comments/1f181su/die_top_10_unterstützer_der_ukraine/,https://i.redd.it/lqv1mcbltvkd1.jpeg,,32,3,t3_1f181su,2024-08-25 21:56:39+00:00,post
1f183lu,1724623132,Eigentlich gilt seit 2015 die Mietpreisbremse. Und eigentlich müssen Verstöße dagegen geahndet werden. Macht nur kaum jemand. ,,agent007653,/r/PolitikBRD/comments/1f183lu/eigentlich_gilt_seit_2015_die_mietpreisbremse_und/,https://i.redd.it/ge33dziztvkd1.jpeg,,35,3,t3_1f183lu,2024-08-25 21:58:52+00:00,post
1f1x6ef,1724701050,"Sahra Wagenknecht und ihre Partei BSW vertreten kontroverse Thesen,
wenn es um den Angriffskrieg Russlands in der Ukraine geht.
Unser Faktencheck ",,agent007653,/r/PolitikBRD/comments/1f1x6ef/sahra_wagenknecht_und_ihre_partei_bsw_vertreten/,https://www.reddit.com/gallery/1f1x6ef,,33,13,t3_1f1x6ef,2024-08-26 19:37:30+00:00,post
1f1x7vg,1724701155,"Trump vs. Harris:
So knapp steht es in den Umfragen ",,agent007653,/r/PolitikBRD/comments/1f1x7vg/trump_vs_harris_so_knapp_steht_es_in_den_umfragen/,https://v.redd.it/mr5fvyey92ld1,,9,6,t3_1f1x7vg,2024-08-26 19:39:15+00:00,post
1f1xcck,1724701466,"Sabotageverdacht bei der Bundeswehr
Was über die möglichen Vorfälle bekannt ist ",,agent007653,/r/PolitikBRD/comments/1f1xcck/sabotageverdacht_bei_der_bundeswehr_was_über_die/,https://www.reddit.com/gallery/1f1xcck,,4,2,t3_1f1xcck,2024-08-26 19:44:26+00:00,post
1f227ye,1724714050,"Laut US-Außenminister Blinken
Israel akzeptiert US-Vorschlag für Waffenruhe ",,agent007653,/r/PolitikBRD/comments/1f227ye/laut_usaußenminister_blinken_israel_akzeptiert/,https://www.reddit.com/gallery/1f227ye,,12,3,t3_1f227ye,2024-08-26 23:14:10+00:00,post
1f22a41,1724714205,"""Ich finde interessant, wie so viele Menschen aus der Politik, die eigentlich etwas verändern
sollten, sich mit starker Kritik an der Letzten Generation der Tatsache entziehen, dass die
Klimakrise da ist und wir handeln müssen."" ",,agent007653,/r/PolitikBRD/comments/1f22a41/ich_finde_interessant_wie_so_viele_menschen_aus/,https://www.reddit.com/gallery/1f22a41,,32,2,t3_1f22a41,2024-08-26 23:16:45+00:00,post
1f22brq,1724714329,AfDler blamiert sich! ,,agent007653,/r/PolitikBRD/comments/1f22brq/afdler_blamiert_sich/,https://v.redd.it/jgalcfd5d3ld1,,114,57,t3_1f22brq,2024-08-26 23:18:49+00:00,post
1f22dky,1724714471,"Stell dir vor, du musst in der Koaliton beim Bundeshaushalt um jeden Cent ringen. Stell dir vor, du könntest rund 30 Milliarden Euro an Steuern zurückholen, die Banken durch illegale Deals verdient haben. Und stell dir vor, du machst es so gut wie gar nicht. ",,agent007653,/r/PolitikBRD/comments/1f22dky/stell_dir_vor_du_musst_in_der_koaliton_beim/,https://i.redd.it/q1ftyrbld3ld1.jpeg,,90,5,t3_1f22dky,2024-08-26 23:21:11+00:00,post
1f2gst9,1724764557,Die Versteigerung der 5G-Lizenzen ohne die Infrastruktur für kleine Anbieter zu öffnen war rechtswidrig,"Bei der Versteigerung der 5G Lizenzen wurde auf Drängen Scheuers auf eine sogenannte Diensteanbieterverpflichtung verzichtet. 

Große Anbieter mit eigenem Netz - namentlich die Telekom, Vodafone und Telefónica - würden damit verpflichtet, kleineren Anbietern, die nicht über eigene Netzinfrastruktur verfügen, zu regulierten Preisen die Nutzung der Netze zu erlauben. Medienberichte haben bereits nahegelegt, dass Minister Scheuer das gezielt verhinderte. 

In der Praxis führt es dazu, dass noch heute kleinere Mobilfunkanbieter 5G-Tarife nur zu höheren Preisen anbieten können. Der fehlende Wettbewerb hatte allgemein höhere Mobilfunkpreise in Deutschland zur Folge.

Dies war aber rechtswidrig, entscheid Verwaltungsgericht.",itmightbethatitwasme,/r/PolitikBRD/comments/1f2gst9/die_versteigerung_der_5glizenzen_ohne_die/,https://www.tagesschau.de/wirtschaft/5g-vergabe-rechtswidrig-100.html,,42,12,t3_1f2gst9,2024-08-27 13:15:57+00:00,post
1f33m1s,1724827701,"Bundestagswahl: Wie wählen, um AfD zu schwächen?","Guten Tag,

Zwar ist die Wahl noch eine ganze Weile hin und bis dahin kann noch viel passieren, aber ich hätte eine theoretische Frage.

Angenommen, die Wählerstimmenverteilung verhält sich nächstes Jahr ähnlich, wie bei aktuellen Umfragen. Welche Partei müsste ich wählen, wenn es mein einziges Ziel ist, die AfD zu schwächen?",kr3isverkehr,/r/PolitikBRD/comments/1f33m1s/bundestagswahl_wie_wählen_um_afd_zu_schwächen/,https://www.reddit.com/r/PolitikBRD/comments/1f33m1s/bundestagswahl_wie_wählen_um_afd_zu_schwächen/,,1,4,t3_1f33m1s,2024-08-28 06:48:21+00:00,post
1f3hrkf,1724870202,Bundesminister Robert Habeck zum Anschlag in Solingen,"Das ist die Art differenziertes Statement, die ich von einem Kanzler erwarte und vom Bundes-Olaf einfach nicht erhalte.Ich fühle mich hier verstanden und finde meine eigenen Gefühlswelt wieder.#Habeck4Kanzler

[https://youtu.be/ii2QUK1em0M](https://youtu.be/ii2QUK1em0M)",VeryBigM,/r/PolitikBRD/comments/1f3hrkf/bundesminister_robert_habeck_zum_anschlag_in/,https://www.reddit.com/r/PolitikBRD/comments/1f3hrkf/bundesminister_robert_habeck_zum_anschlag_in/,,40,14,t3_1f3hrkf,2024-08-28 18:36:42+00:00,post
1f3ixlf,1724873118,Die AFD Brandenburg hat einen sauber faschistischen Antrag bzgl solingen eingereicht. ,,AXBRAX,/r/PolitikBRD/comments/1f3ixlf/die_afd_brandenburg_hat_einen_sauber/,https://www.reddit.com/gallery/1f3ixlf,,1,1,t3_1f3ixlf,2024-08-28 19:25:18+00:00,post
1f3ixrv,1724873130,Die AFD Brandenburg hat einen sauber faschistischen Antrag bzgl solingen eingereicht. ,,AXBRAX,/r/PolitikBRD/comments/1f3ixrv/die_afd_brandenburg_hat_einen_sauber/,https://www.reddit.com/gallery/1f3ixrv,,1,1,t3_1f3ixrv,2024-08-28 19:25:30+00:00,post
1f3iy0b,1724873147,Die AFD Brandenburg hat einen sauber faschistischen Antrag bzgl solingen eingereicht. ,,AXBRAX,/r/PolitikBRD/comments/1f3iy0b/die_afd_brandenburg_hat_einen_sauber/,https://www.reddit.com/gallery/1f3iy0b,,1,1,t3_1f3iy0b,2024-08-28 19:25:47+00:00,post
1f3m7rq,1724883478,Sonntagsfrage ,,agent007653,/r/PolitikBRD/comments/1f3m7rq/sonntagsfrage/,https://www.reddit.com/gallery/1f3m7rq,,7,7,t3_1f3m7rq,2024-08-28 22:17:58+00:00,post
1f3m9ai,1724883578,"Cannabis am Steuer
Ab heute Grenzwert und Bußgeldregeln in Kraft",,agent007653,/r/PolitikBRD/comments/1f3m9ai/cannabis_am_steuer_ab_heute_grenzwert_und/,https://www.reddit.com/gallery/1f3m9ai,,15,26,t3_1f3m9ai,2024-08-28 22:19:38+00:00,post
1f3mcbt,1724883779,"Azubi und mehr als zwanzig Überstunden pro Woche
Viele Lehrlinge leisten Mehrarbeit",,agent007653,/r/PolitikBRD/comments/1f3mcbt/azubi_und_mehr_als_zwanzig_überstunden_pro_woche/,https://www.reddit.com/gallery/1f3mcbt,,15,4,t3_1f3mcbt,2024-08-28 22:22:59+00:00,post
1f3mecd,1724883919,SCHÄDLICHE SUBVENTION NUR EINE EINBILDUNG ?,,agent007653,/r/PolitikBRD/comments/1f3mecd/schädliche_subvention_nur_eine_einbildung/,https://www.reddit.com/gallery/1f3mecd,,80,14,t3_1f3mecd,2024-08-28 22:25:19+00:00,post
1f3mg36,1724884039,"DGB-Ausbildungsreport 2024
Womit Azubis zufrieden sind - und womit nicht",,agent007653,/r/PolitikBRD/comments/1f3mg36/dgbausbildungsreport_2024_womit_azubis_zufrieden/,https://www.reddit.com/gallery/1f3mg36,,9,1,t3_1f3mg36,2024-08-28 22:27:19+00:00,post
1f3mi9f,1724884197,DUNKLE VERGANGENHEIT,,agent007653,/r/PolitikBRD/comments/1f3mi9f/dunkle_vergangenheit/,https://www.reddit.com/gallery/1f3mi9f,,9,1,t3_1f3mi9f,2024-08-28 22:29:57+00:00,post
1f4e3v8,1724967029,TRENNUNGSGERÜCHTE BEI LINDNER UND HABECK,,agent007653,/r/PolitikBRD/comments/1f4e3v8/trennungsgerüchte_bei_lindner_und_habeck/,https://i.redd.it/k3yfvyik8old1.jpeg,,45,33,t3_1f4e3v8,2024-08-29 21:30:29+00:00,post
1f4esmr,1724968823,Beef in der Koalition - schon wieder ! Darüber wird gestritten. ,,agent007653,/r/PolitikBRD/comments/1f4esmr/beef_in_der_koalition_schon_wieder_darüber_wird/,https://www.reddit.com/gallery/1f4esmr,,1,1,t3_1f4esmr,2024-08-29 22:00:23+00:00,post
1f4esr1,1724968833,Beef in der Koalition - schon wieder ! Darüber wird gestritten. ,,agent007653,/r/PolitikBRD/comments/1f4esr1/beef_in_der_koalition_schon_wieder_darüber_wird/,https://www.reddit.com/gallery/1f4esr1,,1,0,t3_1f4esr1,2024-08-29 22:00:33+00:00,post
1f4eueb,1724968947,"MINISTERPRÄSIDENT DER HERZEN, ABER TROTZDEM ABGEWÄHLT ?",,agent007653,/r/PolitikBRD/comments/1f4eueb/ministerpräsident_der_herzen_aber_trotzdem/,https://i.redd.it/cmbgn2h8eold1.jpeg,,81,18,t3_1f4eueb,2024-08-29 22:02:27+00:00,post
1f4ew29,1724969066,"Was droht, wenn die AfD bei den Landtagswahlen im Osten gewinnt ?",,agent007653,/r/PolitikBRD/comments/1f4ew29/was_droht_wenn_die_afd_bei_den_landtagswahlen_im/,https://www.reddit.com/gallery/1f4ew29,,17,2,t3_1f4ew29,2024-08-29 22:04:26+00:00,post
1f4eypj,1724969257,PRESSEFREIHEIT A LA AfD ?,,agent007653,/r/PolitikBRD/comments/1f4eypj/pressefreiheit_a_la_afd/,https://www.reddit.com/gallery/1f4eypj,,68,33,t3_1f4eypj,2024-08-29 22:07:37+00:00,post
1f4f4kr,1724969679,"Drohnen über deutschen Industrieanlagen
Verdacht auf russische Spionage",,agent007653,/r/PolitikBRD/comments/1f4f4kr/drohnen_über_deutschen_industrieanlagen_verdacht/,https://www.reddit.com/gallery/1f4f4kr,,24,4,t3_1f4f4kr,2024-08-29 22:14:39+00:00,post
1f4f677,1724969799,ZU WENIG SCHUTZ FÜR FRAUEN,,agent007653,/r/PolitikBRD/comments/1f4f677/zu_wenig_schutz_für_frauen/,https://www.reddit.com/gallery/1f4f677,,19,6,t3_1f4f677,2024-08-29 22:16:39+00:00,post
1f4qv6r,1725009568,Auf Linie mit Lügen des Kremls,"Das Bündnis Sahra Wagenknecht ist mit Blick auf den Krieg in der Ukraine schon mehrmals mit Falschbehauptungen aufgefallen - stets im Sinne des Kremls. Für Russland ist das BSW ein wichtiger Multiplikator...

",AdInteresting6238,/r/PolitikBRD/comments/1f4qv6r/auf_linie_mit_lügen_des_kremls/,https://i.redd.it/eyc40aa3rrld1.png,,8,5,t3_1f4qv6r,2024-08-30 09:19:28+00:00,post
1f4shvk,1725015953,"Denkt ihr, die Demokratie ist die beste Staatsform?",[removed],OkIndependence2644,/r/PolitikBRD/comments/1f4shvk/denkt_ihr_die_demokratie_ist_die_beste_staatsform/,https://www.reddit.com/r/PolitikBRD/comments/1f4shvk/denkt_ihr_die_demokratie_ist_die_beste_staatsform/,,1,1,t3_1f4shvk,2024-08-30 11:05:53+00:00,post
1f4z2u9,1725034139,Zukunftsszenario AfD,"Liebe Reddit Community,

ich finde das Zukunftsszenario von den „Vereinigten Staaten von Europa“ sehr inspirierend:
https://youtu.be/l_lUTdQI2wE?si=4RvMh1YeUYjS-PJz

Gibt es auch ein Video, wie Deutschland und Europa aussehen könnte (mit Referenz zu Wahlprogramm), wenn die AfD oder andere radikale Parteien die Regierung übernehmen würden?  Vielleicht würden dann einige Leute anders denken und wählen, wenn sie sehen würden, was passieren würde...",InnovationBuddy,/r/PolitikBRD/comments/1f4z2u9/zukunftsszenario_afd/,https://www.reddit.com/r/PolitikBRD/comments/1f4z2u9/zukunftsszenario_afd/,,3,2,t3_1f4z2u9,2024-08-30 16:08:59+00:00,post
1f56m86,1725053079,Was verdient Deutschland ?,,agent007653,/r/PolitikBRD/comments/1f56m86/was_verdient_deutschland/,https://www.reddit.com/gallery/1f56m86,,9,2,t3_1f56m86,2024-08-30 21:24:39+00:00,post
1f57ln7,1725055643,Taliban erlassen „Tugend“-Gesetz,,agent007653,/r/PolitikBRD/comments/1f57ln7/taliban_erlassen_tugendgesetz/,https://i.redd.it/whv1yh41kvld1.jpeg,,62,60,t3_1f57ln7,2024-08-30 22:07:23+00:00,post
1f57nns,1725055794,Sollte die Politik pflanzliche Alternativen mehr fördern ?,,agent007653,/r/PolitikBRD/comments/1f57nns/sollte_die_politik_pflanzliche_alternativen_mehr/,https://i.redd.it/fdioxl2hkvld1.jpeg,,37,5,t3_1f57nns,2024-08-30 22:09:54+00:00,post
1f57tfm,1725056224,J. D. Vance - vom politischen Neuling zum Vize-Präsidenten der USA ?,,agent007653,/r/PolitikBRD/comments/1f57tfm/j_d_vance_vom_politischen_neuling_zum/,https://www.reddit.com/gallery/1f57tfm,,2,1,t3_1f57tfm,2024-08-30 22:17:04+00:00,post
1f57uqy,1725056321,So viel Solarstrom wie noch nie in einem Monat produziert,,agent007653,/r/PolitikBRD/comments/1f57uqy/so_viel_solarstrom_wie_noch_nie_in_einem_monat/,https://i.redd.it/ayqsijh1mvld1.jpeg,,41,2,t3_1f57uqy,2024-08-30 22:18:41+00:00,post
1f57w0s,1725056414,"Zuspruch zu AfD und BSW ist ,,Ausdruck gefühlter Benachteiligung“",,agent007653,/r/PolitikBRD/comments/1f57w0s/zuspruch_zu_afd_und_bsw_ist_ausdruck_gefühlter/,https://i.redd.it/sfcl6v2amvld1.jpeg,,10,1,t3_1f57w0s,2024-08-30 22:20:14+00:00,post
1f57x8r,1725056503,"Rund 20,5 Millionen Menschen pendeln in Deutschland zwischen Wohn- und Arbeitsort.",,agent007653,/r/PolitikBRD/comments/1f57x8r/rund_205_millionen_menschen_pendeln_in/,https://i.redd.it/1q382eulmvld1.jpeg,,3,2,t3_1f57x8r,2024-08-30 22:21:43+00:00,post
1f57ykx,1725056603,"""Sollte ich jemals Bundeskanzler werden, wird Christian Lindner nicht Finanzminister werden.""",,agent007653,/r/PolitikBRD/comments/1f57ykx/sollte_ich_jemals_bundeskanzler_werden_wird/,https://www.reddit.com/gallery/1f57ykx,,112,17,t3_1f57ykx,2024-08-30 22:23:23+00:00,post
1f57zry,1725056699,PERSONENKULT BEI WAGENKNECHT ?,,agent007653,/r/PolitikBRD/comments/1f57zry/personenkult_bei_wagenknecht/,https://i.redd.it/kg8wlg46nvld1.jpeg,,63,8,t3_1f57zry,2024-08-30 22:24:59+00:00,post
1f581gv,1725056829,ZUCKERSCHOCK FÜR KINDER,,agent007653,/r/PolitikBRD/comments/1f581gv/zuckerschock_für_kinder/,https://www.reddit.com/gallery/1f581gv,,7,5,t3_1f581gv,2024-08-30 22:27:09+00:00,post
1f5z1qc,1725142515,Freut ihr euch auch schon auf eure nächste Fahrt? 🫠,,agent007653,/r/PolitikBRD/comments/1f5z1qc/freut_ihr_euch_auch_schon_auf_eure_nächste_fahrt/,https://www.reddit.com/gallery/1f5z1qc,,17,1,t3_1f5z1qc,2024-08-31 22:15:15+00:00,post
1f5z4v8,1725142758,Demos vor Landtagswahlen ,,agent007653,/r/PolitikBRD/comments/1f5z4v8/demos_vor_landtagswahlen/,https://www.reddit.com/gallery/1f5z4v8,,40,1,t3_1f5z4v8,2024-08-31 22:19:18+00:00,post
1f5z895,1725143032,Durchschnittliches Erbe pro Person in ... ,,agent007653,/r/PolitikBRD/comments/1f5z895/durchschnittliches_erbe_pro_person_in/,https://www.reddit.com/gallery/1f5z895,,27,4,t3_1f5z895,2024-08-31 22:23:52+00:00,post
1f5z9om,1725143149,"Wer mit der Bahn fährt, braucht starke Nerven. Wer bei der Bahn arbeitet, braucht noch stärkere Nerven.",,agent007653,/r/PolitikBRD/comments/1f5z9om/wer_mit_der_bahn_fährt_braucht_starke_nerven_wer/,https://v.redd.it/r3qov2d8s2md1,,11,3,t3_1f5z9om,2024-08-31 22:25:49+00:00,post
1f5zb49,1725143267,Pawel Durow Telegram-Gründer festgenommen ,,agent007653,/r/PolitikBRD/comments/1f5zb49/pawel_durow_telegramgründer_festgenommen/,https://www.reddit.com/gallery/1f5zb49,,5,1,t3_1f5zb49,2024-08-31 22:27:47+00:00,post
1f5zghg,1725143709,BRICS-Mitglieder,,agent007653,/r/PolitikBRD/comments/1f5zghg/bricsmitglieder/,https://i.redd.it/jv3cqy3xt2md1.jpeg,,4,6,t3_1f5zghg,2024-08-31 22:35:09+00:00,post
1f69npx,1725179319,Die Fehler der Wiedervereinigung,"Die Spaltung der BRD ist heute noch viel zu spüren. Löhne spiegeln die Unterschiede am besten wieder. Laut [Statista](https://de.statista.com/statistik/daten/studie/36305/umfrage/bruttodurchschnittslohn-in-ostdeutschland-und-westdeutschland/) ist ein eindeutiger, dauerhafter 500€ unterschied bei den Bruttodurschnittslöhnen zu erkennen. Auch das [jährliche Median-Nettoeinkommen](https://www.wsi.de/de/verteilungsbericht-2022-30037-medianeinkommen-30065.htm) hat einen Unterschied von 3000€ . Und die Anzahl der [Unternehmensgründungen](https://www.google.com/url?sa=t&source=web&rct=j&opi=89978449&url=https://www.rkw-kompetenzzentrum.de/fileadmin/media/Produkte/2023/Studie/GEM-Infografiken/Download/20230630-GEM-Infografiken-2023-9-Unterschiede-im-Ost-West-Vergleich.pdf&ved=2ahUKEwiJn9bGn6GIAxXK_rsIHTdjGKkQFnoECBgQAQ&usg=AOvVaw3Q2CkPPAmIn0y6Xe04NZC6) oder das [geerbte Eigentum](https://www.mdr.de/nachrichten/deutschland/gesellschaft/erbschaft-erbe-vermoegen-osten-westen-100.html) ist unterschiedlich, die östlichen Bundesländer sind nach solchen Zahlen zurückliegend.

Aber allein der wirtschaftliche Unterschied reicht nicht aus, um die fortbestehende Spaltung zu erklären. Auch, dass die westlichen Länder lange Zeit die Mentalität hatten, [dem Osten zu erklären, wie es ""richtig"" geht.](https://www.bpb.de/themen/deutsche-einheit/deutsche-teilung-deutsche-einheit/43787/probleme-der-inneren-einigung/#node-content-title-0) Diese Denkweise tut so, als würden die östlichen Länder nicht wissen, wie man etwas machen kann, das auch funktioniert. Als seien sie unfähig. Und man würde aus den Ostdeutschen auch Westdeutsche machen. Die DDR hatte allerdings auch einiges Gutes an sich. Der Sozialstaat als Beispiel war ziemlich gut und es gab deutlich mehr polytechnische Kliniken als hier im Westen. Ein Problem, das uns bis heute verfolgt: Krankenhäuser die für bestimmte Operationen oder medizinische Eingriffe gar nicht gerüstet sind. Auch, dass Krankenhäuse immer mehr privatisiert wurden und ehemalige Kliniken im Osten geschlossen wurde, zeigte die Nachteile der westlichen Politik. [Das soll sich zwar mit der Krankenhausreform ändern, aber auch erst jetzt und das dauert eine Weile.](https://www.bundesgesundheitsministerium.de/themen/krankenhaus/krankenhausreform)

Zu Westdeutschen zu werden war aber anfangs gar keine Forderung in der DDR. Man hoffte zwar auf mehr Freiheiten, Mitbestimmung und materiellen Wohlstand aber der Vereinigungsgedanke kam erst durch Kohl und vllt. auch Zufall auf. Bis zur Wiedervereinigung kippte die [Stimmung zu gunsten einer Wiedervereinigung](https://www.bundesstiftung-aufarbeitung.de/de/recherche/dossiers/fakten-meinung-mythen-die-ddr-als-projektionsflaeche/wiedervereinigung) und ein Großteil unterstützte eindeutig die Einheit. Jedoch wurde schnell klar, dass die Wiedervereinigung zu schnell verlief auch, wenn sie erwünscht war, so ging es in einer [Umfrage hervor, bei der 50%](https://www.bundesstiftung-aufarbeitung.de/de/recherche/dossiers/fakten-meinung-mythen-die-ddr-als-projektionsflaeche/wiedervereinigung) dafür abstimmten.

Also lässt sich festhalten, die Wiedervereinigung war zu schnell, der Osten hatte gar keine Chance sich zu profilieren oder eigene Gesetze mit in die BRD mitzubringen. Nun haben wir den Salat, perfektes Fressen für Parteien wie die AfD oder BSW, die genau das ausnutzen können um eben Randgruppen-Politik an die breitere Masse zu verkaufen.

Glaubt ihr meine Einschätzung ist richtig? Was denkt ihr ist das größte Problem? Und noch viel wichtiger: Wie lässt sich das wieder lösen? Nur ungern würde ich daran denken die BRD wieder zu spalten, um vergangene Fehler abzumildern.",captain_GalaxyDE,/r/PolitikBRD/comments/1f69npx/die_fehler_der_wiedervereinigung/,https://www.reddit.com/r/PolitikBRD/comments/1f69npx/die_fehler_der_wiedervereinigung/,,1,1,t3_1f69npx,2024-09-01 08:28:39+00:00,post
1f69pgq,1725179537,Die Fehler der Wiedervereinigung,[removed],captain_GalaxyDE,/r/PolitikBRD/comments/1f69pgq/die_fehler_der_wiedervereinigung/,https://www.reddit.com/r/PolitikBRD/comments/1f69pgq/die_fehler_der_wiedervereinigung/,,1,1,t3_1f69pgq,2024-09-01 08:32:17+00:00,post
1f6p5vx,1725224719,Wird Deutschland bald von der AfD regiert? Was denkt ihr über die Wahlen? ,"Ich frage mich, was aus Deutschland wird, wenn immer mehr Menschen die AfD wählen. Seht ihr das kritisch oder ist es sogar besser für diese Land, wenn die AfD ihr Programm durchzieht?",Strange-Chipmunk-936,/r/PolitikBRD/comments/1f6p5vx/wird_deutschland_bald_von_der_afd_regiert_was/,https://www.reddit.com/r/PolitikBRD/comments/1f6p5vx/wird_deutschland_bald_von_der_afd_regiert_was/,,1,2,t3_1f6p5vx,2024-09-01 21:05:19+00:00,post
1f6pqzg,1725226265,Was bringt eine Mitgliedschaft in einer Partei?,"Hallo, Leute, ich will wissen was eine Mitgliedschaft in einer Partei bringt?",Proof_Penalty_87,/r/PolitikBRD/comments/1f6pqzg/was_bringt_eine_mitgliedschaft_in_einer_partei/,https://www.reddit.com/r/PolitikBRD/comments/1f6pqzg/was_bringt_eine_mitgliedschaft_in_einer_partei/,,1,2,t3_1f6pqzg,2024-09-01 21:31:05+00:00,post
1f6q7u8,1725227503,REFLEXHAFTER POPULISMUS,,agent007653,/r/PolitikBRD/comments/1f6q7u8/reflexhafter_populismus/,https://i.redd.it/gl4uawf2r9md1.jpeg,,100,10,t3_1f6q7u8,2024-09-01 21:51:43+00:00,post
1f6q9bd,1725227613,"Im Interview mit dem ""RND"" kritisiert CDU-Chef Merz den partiellen Hass gegen Grünenpolitiker:innen in Deutschland. ",,agent007653,/r/PolitikBRD/comments/1f6q9bd/im_interview_mit_dem_rnd_kritisiert_cduchef_merz/,https://i.redd.it/lmaavfwar9md1.jpeg,,149,9,t3_1f6q9bd,2024-09-01 21:53:33+00:00,post
1f6qacg,1725227691,REICH GEBOREN ? ,,agent007653,/r/PolitikBRD/comments/1f6qacg/reich_geboren/,https://v.redd.it/cry5o4nmr9md1,,10,2,t3_1f6qacg,2024-09-01 21:54:51+00:00,post
1f6qcb2,1725227838,"Deutschland soll in 20 Jahren klimaneutral sein. Das ist ein ehrgeiziges Ziel, aber es könnte erreicht werden, wenn wir unsere Denkweise ändern, meint Dlf-Autor Tobias Pastoors in seinem Debattenbeitrag. Was wir dafür bräuchten? Genügsamkeit! ",,agent007653,/r/PolitikBRD/comments/1f6qcb2/deutschland_soll_in_20_jahren_klimaneutral_sein/,https://www.reddit.com/gallery/1f6qcb2,,25,5,t3_1f6qcb2,2024-09-01 21:57:18+00:00,post
1f6qgxl,1725228174,"Politische Rhetorik
Warum reden die so gut ?",,agent007653,/r/PolitikBRD/comments/1f6qgxl/politische_rhetorik_warum_reden_die_so_gut/,https://www.reddit.com/gallery/1f6qgxl,,12,3,t3_1f6qgxl,2024-09-01 22:02:54+00:00,post
1f6qilz,1725228295,Nach dem Anschlag auf das Stadtfest in Solingen mit drei Toten hat CDU-Chef Friedrich Merz härtere Regeln in der Migrationspolitik gefordert.,,agent007653,/r/PolitikBRD/comments/1f6qilz/nach_dem_anschlag_auf_das_stadtfest_in_solingen/,https://www.reddit.com/gallery/1f6qilz,,16,1,t3_1f6qilz,2024-09-01 22:04:55+00:00,post
1f6qjws,1725228390,"Die AfD hat laut der aktuellsten Hochrechnung die Landtagswahl in Thüringen klar gewonnen. Die in dem Bundesland als rechtsextrem eingestufte Partei mit ihrem Spitzenkandidaten Björn Höcke liegt mit 33,1 Prozent vor der CDU (Stand: 21:58). ",,agent007653,/r/PolitikBRD/comments/1f6qjws/die_afd_hat_laut_der_aktuellsten_hochrechnung_die/,https://www.reddit.com/gallery/1f6qjws,,10,8,t3_1f6qjws,2024-09-01 22:06:30+00:00,post
1f6ql5n,1725228478,In Thüringen hat die AfD erstmals bei einer Landtagswahl in Deutschland die meisten Stimmen bekommen. ,,agent007653,/r/PolitikBRD/comments/1f6ql5n/in_thüringen_hat_die_afd_erstmals_bei_einer/,https://www.reddit.com/gallery/1f6ql5n,,6,1,t3_1f6ql5n,2024-09-01 22:07:58+00:00,post
1f6qm2e,1725228545,"In Sachsen steht laut ARD-Hochrechnung die CDU bei 31,9 Prozent. Die AfD liegt knapp dahinter mit 30,7 Prozent. ",,agent007653,/r/PolitikBRD/comments/1f6qm2e/in_sachsen_steht_laut_ardhochrechnung_die_cdu_bei/,https://www.reddit.com/gallery/1f6qm2e,,2,2,t3_1f6qm2e,2024-09-01 22:09:05+00:00,post
1f6qnxv,1725228676,"Historischer Erfolg für die AfD: Erstmals ist die rechtsextreme Partei bei einer Landtagswahl stärkste Kraft geworden. In Thüringen liegt sie laut der aktuellen Hochrechnung (Stand 20:14 Uhr) mit 33,2 Prozent vor der CDU (23,9 Prozent).
Wie reagieren die Spitzenkandidatinnen und -kandidaten?
 ",,agent007653,/r/PolitikBRD/comments/1f6qnxv/historischer_erfolg_für_die_afd_erstmals_ist_die/,https://www.reddit.com/gallery/1f6qnxv,,18,13,t3_1f6qnxv,2024-09-01 22:11:16+00:00,post
1f6qp18,1725228757,Das sagt ihr zu den Landtagswahlen in Thüringen und Sachsen : ,,agent007653,/r/PolitikBRD/comments/1f6qp18/das_sagt_ihr_zu_den_landtagswahlen_in_thüringen/,https://www.reddit.com/gallery/1f6qp18,,29,5,t3_1f6qp18,2024-09-01 22:12:37+00:00,post
1f6t2ny,1725235502,1. Mal Rassismus,[removed],neudarkness,/r/PolitikBRD/comments/1f6t2ny/1_mal_rassismus/,https://www.reddit.com/r/PolitikBRD/comments/1f6t2ny/1_mal_rassismus/,,0,1,t3_1f6t2ny,2024-09-02 00:05:02+00:00,post
1f6t2up,1725235519,1. Mal Rassismus,"Heyho, Kurz zu meinem Hintergrund ich bin Halb-Deutsch/Halb-Mazedonisch aber wurde ""eher"" Deutsch erzogen, das heißt, ich kann nur die deutsche Sprache (und Englisch) da mein Vater mir nie mazedonisch beibrachte, ich bin 30 Jahre alt  und vom aussehen her kann man mir schon grob ansehen, dass ein gewisser Migrationshintergrund besteht, aber jeder würde mir auch glauben das Ich pur Deutsch bin, wenn ich dies sagen würde. Ich komme aus dem Ruhrgebiet und arbeite als Software-Developer.

Nun zur Story da ich eine Art Ventil brauche da ich wirklich traurig/wütend bin...

Ich und 3 Freunde (1x kurdischer Junge  +2 deutsche Mädchen), der Kurdische Junge nachfolgend Can genannt (nicht sein echter Name) spricht ebenfalls Akzent frei Perfektes Deutsch da dieser ebenso wie Ich hier geboren und aufgewachsen ist.

Wir sind das Wochenende nach Sachsen gereist, um mit einer Freundin, die dort ihre Familie hat, aber jetzt im Ruhrgebiet wohnt, zu besuchen, da sie Ihren Geburtstag dort mit der Familie + ehemalige Freunde feiern wollte + verkündet hat, dass sie Schwanger ist.  
Da dies ein Dorf ist, wussten wir im groben Bescheid das dort leider auch ""einige"" AFD-Wähler unterwegs sind aber uns wurde gesagt das dies kein Problem ist da die Leute, mit der sie verkehrt alle Nett sind und vll politisch falsch orientiert sind aber dies auf Unwissenheit und Unzufriedenheit im Osten allgemein basiert und nicht auf Grund des Rassismusses.

Dort im Dorf angekommen war es ehrlich gesagt Wunderschön, die Gegend mit Wald/Berge und Sterne,die man am Himmel sieht, halt all das, was man als Stadtkind nicht so kennt außer, wenn man mal im Urlaub ist. Es war wirklich idyllisch und wunderschön und ihre Familie hat uns auch sehr herzlich aufgenommen und ich möchte nicht ein schlechtes Wort über die Familie von ihr verlieren.

Kommen wir zum ""Problemabend/feier"" eigentlich begann dies gut wir wurden vorgestellt und alle waren am Anfang nett wir haben gequatscht, zusammen Tischtennis gespielt, Bierpong, Shots getrunken und auch getanzt. Doch dann kamen die ersten Probleme ,Can fragte einen weiteren Gast ""Hay, sag mal weißt du wo die Toilette hier ist?"" als Antwort kam"" Bist du Deutsch?"" , er perplex ""Ja, aber wo sind die Toiletten?"" als Antwort kam ""Nein, mach dich weg frag wen anders"".

Can kam zu mir und ich stempelte es erst als eine Art ""unfreundliche"" Sprachbarriere ab da dort zum teil starker Dialekt gesprochen wird und der Typ eventuell einfach nicht wusste wo die Toilette ist und es halt eine Art ruppiges frag, wen anderes ist, weil er es selber nicht weiß. Der nächste hatte auch prompt gesagt, wo die Toilette war und die Situation war erstmal ""Ok"". Ich möchte an der Stelle auch drauf hinweisen, dass sich hier vieles um Can dreht aufgrund seines ""äußeren"" und ich eher am Ende was abbekommen habe.  
Naja weiter gehts eine andere Person, mit der wir beide geredet haben der wirklich witzig drauf war und paar coole storys hatte ging leider nach ner Zeit ins negative denn er Erzählte wie er von 3 Syrern verdroschen worden ist, weil er sie beim Vorbeigehen versehentlich gestreift hatte, wir beide verwundert, weil er halt über 2m groß ist und ganz gut gebaut und er versicherte uns das er halt kein Kämpfer ist und da recht chancenlos, er aber eine Bombe zuhause hätte für den Fall das etwas ähnliches nochmal passieren sollte. Wir beide redeten dann auf ihn ein das nur weil da ein paar Idioten scheiße bauen er doch keine Unschuldigen in Mitleidenschaft reißen kann. Er hat sich dann entschuldigt und uns zugestimmt, dass diese wirklich eine dumme Idee war und dann war die Situation auch erstmal erledigt war und wir weiter ""herum scherzten"" (Ich bin ehrlich gesagt drauf und dran hier die Polizei zu rufen..).

Über den Abend verteilt kamen immer mal wieder ""merkwürdige"" Kommentare und Fragen, ob Can zb. ein Messer dabeihätte etc. und er doch mal sagen soll wo er denn schläft (wir anderen wurden dies nicht gefragt), er antwortete mit einer groben Beschreibung woraufhin aber exzessiv nachgehakt wurde und er doch die genaue Addresse kennen müsste Can warnte uns vor das wir bitte nicht die genaue Addresse rausgeben was wir auch nicht taten, da die Person dann tatsächlich auch uns gefragt hat ob wir mit Can zusammen in einem Haus schlafen (Airbnb) was wir bejaten aber entgegneten das wir gefahren wurden und es nicht genau wissen.

Als Can dann mit einem Mädchen längere Zeit im Gespräch war kam ein Typ hinzu der sie sichtlich begrabschte was ihr unangenehm war und fragte sie was sie denn von dem Ausländer will, Can sagte das er sie doch loslassen soll weil sie dies nicht will und sie doch alt genug ist um mit jedem sprechen zu können mit dem sie will. Der Typ entgegnete das er aber aufpassen muss und sie anfassen darf wie Er will weil sie die Schwester von seinem besten Freund ist (WTF??), Sie hat ihn dann weggeschubst und gesagt das er aufhören soll und weggehen soll was er dann tat.

Gegen Ende des Abends saßen dann einige draußen und wir quatschten zusammen wo das Thema dann Richtung Politik ging (Wegen der Wahlen heute) man müsse die AFD ja wählen wegen der Energiekrise und wir brauchen halt die Atomkraftwerke etc. ich entgegnete, dass ich prinzipiell auch ein Freund der Atomkraft bin aber der Zug für Deutschland dahingehend abgefahren ist da der Aufbaus/Ausbau nunmal 10-20 Jahre brauchen würde und die Zeit dafür nicht ausreichte die einzige antwort darauf war aber die Atomkraft brauchen wir. Und wir kaufen eh von wo anders Atomstrom....  
Hier war vielleicht ein Fehler von mir da ich es auf Migration lenkte.  
Ich Sprach in die Gruppe also ""Jo guckt ma wir hatten heute doch alle spaß haben getanzt etc. und ihr mögt mich doch auch und wolltet doch auch das in paar Monaten zum Fest komme"" worauf alle mit Ja entgegneten und mir auch einen Schlafplatz anboten usw.  
Ich meinte dann ""Das Problem bei der AFD unter anderem ist das diese auch sehr offen über Remigration nachdenken und auch wenn ihr mir das nicht anseht ich ebenfalls betroffen wäre und gezwungen werden könnte das Land zu verlassen."" einer von der Gruppe darauf ""Wie wo kommst du denn her?"" Ich darauf  
""Mein Vater kommt aus Mazedonien er zog hier vor 50 Jahren hin er hat mir aber nur Deutsch beigebracht und ich kann die Sprache nicht und habe auch ansonsten bis auf das Blut nichts mit Mazedonien am Hut"".  
Wieder, wer aus der Gruppe"" Ja, aber ist doch kein Problem, Mazedonien ist doch schön"",  
Ich wiederum ""Aber ich war nie dort und möchte dort auch nicht hin Ich bin hier großgeworden habe ebenfalls Familie und Freunde hier und möchte auch bleiben.""  
Die Gruppe nun mit mehreren ""Ja aber jeder sollte dahin wo er nunmal hin gehört und ich habe ja gehört Mazedonien schön sei"".  
Ich entgegnet ""Ich gehöre aber hier hin und vielleicht ist Mazedonien schön dann könnt ihr ja gerne dahingehen und Ich bleibe hier"".  
Die Gruppe ""Was sollen wir denn in so einem Land? Du kommst doch daher"".  
Ich bemerkte, dass ich auf Granit biss und meinte"" Aber wenn das der Fall ist, könnten wir auch nicht mehr auf dem Fest feiern, und ihr hatte mich doch gerade noch Eingeladen sogar bei euch übernachten zu können.""  
Die paar von der Gruppe versuchten sich rauszureden das ich dies Missverstanden hätte und es für alle und auch mich besser wäre in seine Heimat zu gehen bzw. zu bleiben.

Can der dies mitbekommen hatte und merkte, dass ich doch Deprimierter wurde holte mich aus der Situation und wir sind dann mit unseren beiden Freundinnen gegangen. Wir sind alle extrem traurig und wütend dann in unsere Unterkunft und wollten erste die Freundin, die wir besucht hatten nichts davon erzählen, um nicht ihre schönen Nachrichten kaputtzumachen, Ich hatte ihr dennoch eine Nachricht geschickt, worauf sie wohl wie ich von der Mutter erfahren habe angefangen hat zu Weinen und die Mutter hat sich bei uns allen Entschuldigt und gesagt das dies Dorftrottel sind und wir uns niemals einen Kopf machen sollen nicht bei ihr willkommen zu sein.  
Unsere besuchte Freundin hat wohl danach mit den ""Übeltätern"" gesprochen/geschimpft, worauf sich alle bei uns entschuldigten und dass ja der Alkohol schuld war und wir alle selbstverständlich zum Fest kommen sollen und auch Schlafplätze wieder angeboten worden sind...

Na ja und um Ehrlich zu sein war dies auch die komplette Geschichte ich weiß viel Text, obwohl nicht all Zuviel passiert ist, aber ich bin offen gesagt erschüttert es war das 1. Mal in meinem Leben, wo ich das Gefühl hatte nicht willkommen zu sein und Can muss es noch viel schlimmer ergangen sein , sorry euch so viel Text geschrieben zu haben nur, weil ich aus einer Mücke einen Elefanten mache...

",neudarkness,/r/PolitikBRD/comments/1f6t2up/1_mal_rassismus/,https://www.reddit.com/r/PolitikBRD/comments/1f6t2up/1_mal_rassismus/,,16,14,t3_1f6t2up,2024-09-02 00:05:19+00:00,post
1f781pa,1725287138,Doppelmoral der CDU,"Ich kann es echt nicht mehr sehen. Wie kann eine Partei so unneinig sein und das in jeglichen Themen?

Seit dem Beginn des Ukraine-Kriegs wechseln CDU-Politiker monatlich ihre Meinung zu Waffenlieferungen, mal ist mehr gefragt, mal weniger. Zeitlich letztes Beispiel ist Kretschmer in Sachsen während des Wahlkampfs.

Dann kam letztens die erschreckende (maximal offensichtliche) Nachricht, dass Wärmepumpen sich viel schlechter haben verkaufen lassen und Merz behauptet, es hätten deutlich mehr verbaut werden müssen. Hmmmm, woran das wohl liegt? /s Vielleicht an der extremen Ablehnungskampagne der Oppositionsparteien am Anfang des Jahres??

Jetzt die verblüffende Nachricht, die Grünen würden auf extreme Ablehnung stoßen. Dabei haben Markus Söder und Friedrich Merz die ganze Zeit die Grünen schlechtgeredet und eine Koalition in Zukunft ausgeschlossen. Hmm, hatte das vielleicht einen Effekt so negativ über andere Parteien zu sprechen, wenn eine Koalition bedingungslos ausgeschlossen werden muss? /s

Die CDU schießt sich abermals in den eigenen Fuß und muss jetzt damit leben, dass andere Ampelparteien (ihre potentiellen Koaltionspartner) noch schlechter Abschneiden als ohnehin schon. Natürlich hat die Ampel einen schlechten Ruf und die Politik ist auch nicht die allerbeste, weshalb sie an Popularität verliert. Und auch die AfD und BSW setzen die Ampel unter Druck. Allerdings sollte die CDU nicht außer Acht lassen, dass sie nun mal alleine nirgendwo regieren kann und wenn sie Koalitionspartner auslöscht, sie vielleicht gar nicht regiert.",captain_GalaxyDE,/r/PolitikBRD/comments/1f781pa/doppelmoral_der_cdu/,https://www.reddit.com/r/PolitikBRD/comments/1f781pa/doppelmoral_der_cdu/,,1,1,t3_1f781pa,2024-09-02 14:25:38+00:00,post
1f7k4ro,1725316716,Wie Deutschland nach rechts rückte,,agent007653,/r/PolitikBRD/comments/1f7k4ro/wie_deutschland_nach_rechts_rückte/,https://www.reddit.com/gallery/1f7k4ro,,39,3,t3_1f7k4ro,2024-09-02 22:38:36+00:00,post
1f7k717,1725316885,Thüringer AfD erreicht Sperrminorität,,agent007653,/r/PolitikBRD/comments/1f7k717/thüringer_afd_erreicht_sperrminorität/,https://www.reddit.com/gallery/1f7k717,,27,22,t3_1f7k717,2024-09-02 22:41:25+00:00,post
1f7k8rw,1725317013,"Landtagswahl in Thüringen
Darum ist die AfD bei jungen Leuten so populär",,agent007653,/r/PolitikBRD/comments/1f7k8rw/landtagswahl_in_thüringen_darum_ist_die_afd_bei/,https://www.reddit.com/gallery/1f7k8rw,,48,61,t3_1f7k8rw,2024-09-02 22:43:33+00:00,post
1f7ka9g,1725317122,Keine Partei will mit der AfD koalieren. Ihr Einfluss wächst trotzdem - mit der Sperrminorität.,,agent007653,/r/PolitikBRD/comments/1f7ka9g/keine_partei_will_mit_der_afd_koalieren_ihr/,https://www.reddit.com/gallery/1f7ka9g,,17,6,t3_1f7ka9g,2024-09-02 22:45:22+00:00,post
1f7kbtr,1725317232,DAS KALKÜL DER EXTREMISTEN,,agent007653,/r/PolitikBRD/comments/1f7kbtr/das_kalkül_der_extremisten/,https://i.redd.it/wikwngyv5hmd1.jpeg,,51,1,t3_1f7kbtr,2024-09-02 22:47:12+00:00,post
1f7kd3f,1725317329,Surprise bei Gesprächen nach den Landtagswahlen: Waffenlieferungen an die Ukraine und das europäische Asylrecht sind gar nicht Teil eines klassischen Koalitionsvertrags für Sachsen & Thüringen.,,agent007653,/r/PolitikBRD/comments/1f7kd3f/surprise_bei_gesprächen_nach_den_landtagswahlen/,https://i.redd.it/5zqutp556hmd1.jpeg,,68,5,t3_1f7kd3f,2024-09-02 22:48:49+00:00,post
1f7t1gg,1725344612,Wie findet ihr das Zweitstimmendeckungsverfahren?,Besser als System mit Überhang- und Ausgleichsmandaten bei der letzten Wahl?,Famous-Prompt7056,/r/PolitikBRD/comments/1f7t1gg/wie_findet_ihr_das_zweitstimmendeckungsverfahren/,https://www.reddit.com/r/PolitikBRD/comments/1f7t1gg/wie_findet_ihr_das_zweitstimmendeckungsverfahren/,,1,1,t3_1f7t1gg,2024-09-03 06:23:32+00:00,post
1f7wz8s,1725361031,Warum sollte ich die Grünen nicht wählen?,"Hallo, 

mich beschäftigt seit einigen Tagen die Frage warum so sehr von den anderen Parteien auf den Grünen rumgehackt wird. 

Ich empfinde Anna-Lena Baerbock und Robert Habeck als sehr Kompetente Menschen und auch sonst fallen mir Grüne Politiker absolut nicht negativ auf. 

Auch deren Ziele find ich alle grundsätzlich machbar und nachvollziehbar. Ich denke das eine Klimaneutrale Politik auch gleichzeitig eine Politik der Unabhängigkeit von anderen Staaten der Welt bedeutet. Daraus ergibt sich für mich das sie vor allen National Interessiert sind. 


Ich persönlich bin Angestellter Anlagenbauer sogar im Erdöl/Erdgas Bereich mit Kunden aus Ost und West und habe vermutlich auch Wissenslücken. Erklärt mir wo es Probleme mit den Grünen gibt damit ich nachvollziehen kann wo der Hass herkommen könnte. 


Bitte bleibt Sachlich. ",SgtPepsi,/r/PolitikBRD/comments/1f7wz8s/warum_sollte_ich_die_grünen_nicht_wählen/,https://www.reddit.com/r/PolitikBRD/comments/1f7wz8s/warum_sollte_ich_die_grünen_nicht_wählen/,,59,61,t3_1f7wz8s,2024-09-03 10:57:11+00:00,post
1f83aty,1725378523,Mit Populismus gegen Terror | Piratenpartei Deutschland,,EinAndererNutzer,/r/PolitikBRD/comments/1f83aty/mit_populismus_gegen_terror_piratenpartei/,https://www.piratenpartei.de/2024/09/02/mit-populismus-gegen-terror/,,1,1,t3_1f83aty,2024-09-03 15:48:43+00:00,post
1f8cjek,1725400541,''Die Wahlergebnisse wurden manipuliert'' Warum das in Deutschland unwahrscheinlich ist ,,agent007653,/r/PolitikBRD/comments/1f8cjek/die_wahlergebnisse_wurden_manipuliert_warum_das/,https://www.reddit.com/gallery/1f8cjek,,12,1,t3_1f8cjek,2024-09-03 21:55:41+00:00,post
1f8ddfz,1725402685,BSW SCHLÄGT AfD ?,,agent007653,/r/PolitikBRD/comments/1f8ddfz/bsw_schlägt_afd/,https://www.reddit.com/gallery/1f8ddfz,,9,3,t3_1f8ddfz,2024-09-03 22:31:25+00:00,post
1f8dkvy,1725403719,TRÜMMERBRUCH BEI DER FDP,,agent007653,/r/PolitikBRD/comments/1f8dkvy/trümmerbruch_bei_der_fdp/,https://www.reddit.com/gallery/1f8dkvy,,21,10,t3_1f8dkvy,2024-09-03 22:48:39+00:00,post
1f8dmm6,1725403850,FOLGEN DER EXTREMEN UNGLEICHHEIT,,agent007653,/r/PolitikBRD/comments/1f8dmm6/folgen_der_extremen_ungleichheit/,https://v.redd.it/yq6hihvebomd1,,54,6,t3_1f8dmm6,2024-09-03 22:50:50+00:00,post
1f8dnw0,1725403942,SCHWACHER ANFÜHRER ?,,agent007653,/r/PolitikBRD/comments/1f8dnw0/schwacher_anführer/,https://www.reddit.com/gallery/1f8dnw0,,41,8,t3_1f8dnw0,2024-09-03 22:52:22+00:00,post
1f8dpx0,1725404082,",,Die AfD hat sich genau da reingesetzt, wo diese Ängste sind“",,agent007653,/r/PolitikBRD/comments/1f8dpx0/die_afd_hat_sich_genau_da_reingesetzt_wo_diese/,https://www.reddit.com/gallery/1f8dpx0,,12,6,t3_1f8dpx0,2024-09-03 22:54:42+00:00,post
1f8drk0,1725404198,Das Netzwerk hinter Bjorn Höcke,,agent007653,/r/PolitikBRD/comments/1f8drk0/das_netzwerk_hinter_bjorn_höcke/,https://www.reddit.com/gallery/1f8drk0,,10,2,t3_1f8drk0,2024-09-03 22:56:38+00:00,post
1f8xmi5,1725467139,"Macht es Sinn, in Brandenburg eine Partei zu wählen, die sicherlich nicht die 5% Hürde schafft? ",[removed],R3stl3ssSalm0n,/r/PolitikBRD/comments/1f8xmi5/macht_es_sinn_in_brandenburg_eine_partei_zu/,https://www.reddit.com/r/PolitikBRD/comments/1f8xmi5/macht_es_sinn_in_brandenburg_eine_partei_zu/,,5,12,t3_1f8xmi5,2024-09-04 16:25:39+00:00,post
1f966q5,1725487897,"Bündnis Sahra Datenleck:
So gravierend ist das Sicherheitsproblem mit personenbezogenen Daten beim BSW",,agent007653,/r/PolitikBRD/comments/1f966q5/bündnis_sahra_datenleck_so_gravierend_ist_das/,https://www.reddit.com/gallery/1f966q5,,28,3,t3_1f966q5,2024-09-04 22:11:37+00:00,post
1f96agt,1725488160,POPULISTISCHE DEBATTEN,,agent007653,/r/PolitikBRD/comments/1f96agt/populistische_debatten/,https://www.reddit.com/gallery/1f96agt,,104,37,t3_1f96agt,2024-09-04 22:16:00+00:00,post
1f96blb,1725488239,DER EINFLUSS DER ALKOHOLLOBBY,,agent007653,/r/PolitikBRD/comments/1f96blb/der_einfluss_der_alkohollobby/,https://v.redd.it/gz2pflmdavmd1,,30,9,t3_1f96blb,2024-09-04 22:17:19+00:00,post
1f96cix,1725488308,Welche Wiedervereinigung wünscht ihr euch noch? Wir freuen uns auf eure Kommentare 🍿,,agent007653,/r/PolitikBRD/comments/1f96cix/welche_wiedervereinigung_wünscht_ihr_euch_noch/,https://i.redd.it/kbnb1hmlavmd1.jpeg,,57,3,t3_1f96cix,2024-09-04 22:18:28+00:00,post
1f96dl9,1725488388,"Migrationspolitik
Merz schlägt Scholz Zusammenarbeit vor",,agent007653,/r/PolitikBRD/comments/1f96dl9/migrationspolitik_merz_schlägt_scholz/,https://www.reddit.com/gallery/1f96dl9,,14,9,t3_1f96dl9,2024-09-04 22:19:48+00:00,post
1f96f0y,1725488494,"Anschlag in Solingen facht Debatte an
Wie die Abschiebepraxis in Deutschland aussieht",,agent007653,/r/PolitikBRD/comments/1f96f0y/anschlag_in_solingen_facht_debatte_an_wie_die/,https://www.reddit.com/gallery/1f96f0y,,5,1,t3_1f96f0y,2024-09-04 22:21:34+00:00,post
1f96gkb,1725488607,BITTE NICHT ZU ALT WERDEN,,agent007653,/r/PolitikBRD/comments/1f96gkb/bitte_nicht_zu_alt_werden/,https://www.reddit.com/gallery/1f96gkb,,17,5,t3_1f96gkb,2024-09-04 22:23:27+00:00,post
1fa0o8g,1725578628,"Leben am Limit
So wenig Geld haben Studis und Azubis",,agent007653,/r/PolitikBRD/comments/1fa0o8g/leben_am_limit_so_wenig_geld_haben_studis_und/,https://www.reddit.com/gallery/1fa0o8g,,27,9,t3_1fa0o8g,2024-09-05 23:23:48+00:00,post
1fa0r3v,1725578848,"Statistisches Bundesamt
Hohe Mieten belasten Azubis und Studierende",,agent007653,/r/PolitikBRD/comments/1fa0r3v/statistisches_bundesamt_hohe_mieten_belasten/,https://www.reddit.com/gallery/1fa0r3v,,7,1,t3_1fa0r3v,2024-09-05 23:27:28+00:00,post
1fa0sxt,1725578993,TEURER SOLARSTROM ?,,agent007653,/r/PolitikBRD/comments/1fa0sxt/teurer_solarstrom/,https://i.redd.it/pj8e0pe8s2nd1.jpeg,,62,3,t3_1fa0sxt,2024-09-05 23:29:53+00:00,post
1fa0v16,1725579155,BOCK AUF ELEKTRO ?,,agent007653,/r/PolitikBRD/comments/1fa0v16/bock_auf_elektro/,https://www.reddit.com/gallery/1fa0v16,,45,6,t3_1fa0v16,2024-09-05 23:32:35+00:00,post
1fa0ytq,1725579451,"Eigentlich sollte es für jeden Demokraten und jede Demokratin selbstverständlich sein, mit einer gesichert rechtsextremen Partei kein Regierungsbündnis einzugehen. Verfassungsfeinde dürfen nicht (mit-)regieren. Doch bei der CDU scheint diese Selbstverständlichkeit keine mehr zu sein.",,agent007653,/r/PolitikBRD/comments/1fa0ytq/eigentlich_sollte_es_für_jeden_demokraten_und/,https://i.redd.it/5p2kx2alt2nd1.jpeg,,58,5,t3_1fa0ytq,2024-09-05 23:37:31+00:00,post
1fa10s9,1725579605,Tigerbotschafterin für Putin,,agent007653,/r/PolitikBRD/comments/1fa10s9/tigerbotschafterin_für_putin/,https://www.reddit.com/gallery/1fa10s9,,12,1,t3_1fa10s9,2024-09-05 23:40:05+00:00,post
1fa1232,1725579702,"Die Situation bei Europas größtem Autobauer Volkswagen spitzt sich zu. Im Rahmen seines Sparprogramms schließt die Kernmarke VW jetzt auch Werkschließungen und betriebsbedingte Kündigungen nicht länger aus, wie das Unternehmen nach einer Führungskräftetagung mitteilte. ",,agent007653,/r/PolitikBRD/comments/1fa1232/die_situation_bei_europas_größtem_autobauer/,https://i.redd.it/mxfzdbtcu2nd1.jpeg,,160,32,t3_1fa1232,2024-09-05 23:41:42+00:00,post
1fabx34,1725618871,Links-Partei ist eine Kommunismus-Ideologie,[removed],Deep-Diamond1192,/r/PolitikBRD/comments/1fabx34/linkspartei_ist_eine_kommunismusideologie/,https://www.reddit.com/r/PolitikBRD/comments/1fabx34/linkspartei_ist_eine_kommunismusideologie/,,1,1,t3_1fabx34,2024-09-06 10:34:31+00:00,post
1fabzg8,1725619131,"Links-Partei ist eine Kommunismus-Ideologie
",[removed],Deep-Diamond1192,/r/PolitikBRD/comments/1fabzg8/linkspartei_ist_eine_kommunismusideologie/,https://www.reddit.com/r/PolitikBRD/comments/1fabzg8/linkspartei_ist_eine_kommunismusideologie/,,1,1,t3_1fabzg8,2024-09-06 10:38:51+00:00,post
1faspw0,1725663987,Organisierter Stimmenfang auf Tiktok : Verurteilter Volksverhetzer wirbt für die AfD,,agent007653,/r/PolitikBRD/comments/1faspw0/organisierter_stimmenfang_auf_tiktok_verurteilter/,https://www.reddit.com/gallery/1faspw0,,21,17,t3_1faspw0,2024-09-06 23:06:27+00:00,post
1fasr35,1725664082,"SOZIALE HERKUNFT FIRST, LEISTUNG SECOND",,agent007653,/r/PolitikBRD/comments/1fasr35/soziale_herkunft_first_leistung_second/,https://v.redd.it/p2q9wa38t9nd1,,69,5,t3_1fasr35,2024-09-06 23:08:02+00:00,post
1fassrj,1725664213,Wie viel Stasi steckt im Bündnis Sahra Wagenknecht ? ,,agent007653,/r/PolitikBRD/comments/1fassrj/wie_viel_stasi_steckt_im_bündnis_sahra_wagenknecht/,https://www.reddit.com/gallery/1fassrj,,31,6,t3_1fassrj,2024-09-06 23:10:13+00:00,post
1fasu6y,1725664324,AZUBIS MACHEN VIELE ÜBERSTUNDEN,,agent007653,/r/PolitikBRD/comments/1fasu6y/azubis_machen_viele_überstunden/,https://www.reddit.com/gallery/1fasu6y,,29,2,t3_1fasu6y,2024-09-06 23:12:04+00:00,post
1fasvge,1725664419,Regelmäßige Herz-Check-ups für 25-Jährige,,agent007653,/r/PolitikBRD/comments/1fasvge/regelmäßige_herzcheckups_für_25jährige/,https://www.reddit.com/gallery/1fasvge,,15,7,t3_1fasvge,2024-09-06 23:13:39+00:00,post
1faswpk,1725664515,DESINFORMATION BEI WAHLEN,,agent007653,/r/PolitikBRD/comments/1faswpk/desinformation_bei_wahlen/,https://www.reddit.com/gallery/1faswpk,,28,13,t3_1faswpk,2024-09-06 23:15:15+00:00,post
1fatunk,1725667209,Triumvirat,,I_saw_Will_smacking,/r/PolitikBRD/comments/1fatunk/triumvirat/,https://www.reddit.com/gallery/1fatunk,,0,1,t3_1fatunk,2024-09-07 00:00:09+00:00,post
1fazrv6,1725686984,EKLAT! 🚨 SIE SIND UNERTRÄGLICH FRAU ESKEN! 🚨 SENDUNG GEHT GERADE ÜBERALL AUF TELEGRAM VIRAL!,,Ok_Yak8517,/r/PolitikBRD/comments/1fazrv6/eklat_sie_sind_unerträglich_frau_esken_sendung/,https://youtu.be/s74v9O4jaiU?si=IXfTNSaA1WYlbRnf,,1,1,t3_1fazrv6,2024-09-07 05:29:44+00:00,post
1fazxkn,1725687597,💥KLAMMROTH AM ENDE💥 AFD-POLITIKERIN STORCH ENTLARVT HART-ABER-UNFAIR MODERATOR,,Ok_Yak8517,/r/PolitikBRD/comments/1fazxkn/klammroth_am_ende_afdpolitikerin_storch_entlarvt/,https://youtu.be/SrbmV-Mruso?si=9D6wqiDjstQH_qGH,,1,1,t3_1fazxkn,2024-09-07 05:39:57+00:00,post
1fazyio,1725687699,"KARL LAUTERBACH: ""OLAF SCHOLZ IST EIN SEHR GUTER BUNDESKANZLER""",,Ok_Yak8517,/r/PolitikBRD/comments/1fazyio/karl_lauterbach_olaf_scholz_ist_ein_sehr_guter/,https://youtu.be/f1HuVFX0kJg?si=wfEAwy6CTZqDymIt,,1,1,t3_1fazyio,2024-09-07 05:41:39+00:00,post
1fazyx3,1725687741,So hart wurde Lauterbach noch nie befragt! - AfD-Fraktion im Bundestag,,Ok_Yak8517,/r/PolitikBRD/comments/1fazyx3/so_hart_wurde_lauterbach_noch_nie_befragt/,https://youtu.be/Oe7DBYiAfxA?si=JP4gW2EIdy43MOLP,,1,1,t3_1fazyx3,2024-09-07 05:42:21+00:00,post
1fazzmy,1725687824,EKLAT: Ricarda Lang wird von ganzer Talkrunde zerlegt!,,Ok_Yak8517,/r/PolitikBRD/comments/1fazzmy/eklat_ricarda_lang_wird_von_ganzer_talkrunde/,https://youtu.be/kwwUz_XM0jo?si=lD-zSgi_4bgsGyCi,,1,1,t3_1fazzmy,2024-09-07 05:43:44+00:00,post
1fb0bs9,1725689164,EILMELDUNG: Holländischer Politiker demütigt Ricarda Lang,,Ok_Yak8517,/r/PolitikBRD/comments/1fb0bs9/eilmeldung_holländischer_politiker_demütigt/,https://youtu.be/sL84QfYtGmE?si=vyzTH--MiQa2R94o,,1,1,t3_1fb0bs9,2024-09-07 06:06:04+00:00,post
1fb0ccr,1725689222,JAHRHUNDERT SKANDAL🚨..Nancy Faeser muss SOFORT ZURÜCKTRETEN!,,Ok_Yak8517,/r/PolitikBRD/comments/1fb0ccr/jahrhundert_skandalnancy_faeser_muss_sofort/,https://youtu.be/8zlqoOu0Upk?si=7TYWgUKQT_VFnizE,,1,1,t3_1fb0ccr,2024-09-07 06:07:02+00:00,post
1fb0di1,1725689353,🚨🎤 Straßenumfrage DECKT AUF 🎤🚨  Bürger empört über GEZ Abzocke und Lanz - Gehälter,,Ok_Yak8517,/r/PolitikBRD/comments/1fb0di1/straßenumfrage_deckt_auf_bürger_empört_über_gez/,https://youtu.be/n6F4mF26uBM?si=HLE2MJK6E3_aZyJd,,1,1,t3_1fb0di1,2024-09-07 06:09:13+00:00,post
1fb0j25,1725690016,🚨Dieses Video wurde WELTWEIT GELÖSCHT!,,Ok_Yak8517,/r/PolitikBRD/comments/1fb0j25/dieses_video_wurde_weltweit_gelöscht/,https://youtu.be/JxUsXzehfAk?si=pAtoDuiP9IYDk94v,,1,0,t3_1fb0j25,2024-09-07 06:20:16+00:00,post
1fb0jne,1725690084,💥 SKANDAL: AfD deckt riesigen Sozialbetrug auf 💥,,Ok_Yak8517,/r/PolitikBRD/comments/1fb0jne/skandal_afd_deckt_riesigen_sozialbetrug_auf/,https://youtu.be/5WqTs-Fct6E?si=RHUTo2ZLmyE6C7vm,,1,1,t3_1fb0jne,2024-09-07 06:21:24+00:00,post
1fb0k7d,1725690148,💥 ENDLICH! SASKIA ESKEN WIRD DER MUND VERBOTEN 💥,,Ok_Yak8517,/r/PolitikBRD/comments/1fb0k7d/endlich_saskia_esken_wird_der_mund_verboten/,https://youtu.be/vJjd6zo6Dt8?si=G81HKbyYcQHdR-4U,,1,1,t3_1fb0k7d,2024-09-07 06:22:28+00:00,post
1fb0mzn,1725690479,Merz sucht Exit: Brandmauer haben wir nie gesagt! 986 Tage hielt der Transatlantiker die Mauer,,Ok_Yak8517,/r/PolitikBRD/comments/1fb0mzn/merz_sucht_exit_brandmauer_haben_wir_nie_gesagt/,https://youtu.be/fPDTsJbvvtc?si=Tl96g1W-P_keGb8w,,1,1,t3_1fb0mzn,2024-09-07 06:27:59+00:00,post
1fb0uef,1725691347,Trauriger Rekord: Noch nie gab es so viel häusliche Gewalt in Hessen | hessenschau,,Ok_Yak8517,/r/PolitikBRD/comments/1fb0uef/trauriger_rekord_noch_nie_gab_es_so_viel/,https://youtu.be/NiqxKkympJQ?si=WgGfEohibfM6-uMp,,1,1,t3_1fb0uef,2024-09-07 06:42:27+00:00,post
1fb0vld,1725691491,"München, Bonn, Berlin, arbeitet unsere Ministerin denn derzeit noch? Zudem, Karma f. Uhrenhersteller",,Ok_Yak8517,/r/PolitikBRD/comments/1fb0vld/münchen_bonn_berlin_arbeitet_unsere_ministerin/,https://youtu.be/lcSLVw7IAs4?si=EQpIQEXPjND_amcG,,1,1,t3_1fb0vld,2024-09-07 06:44:51+00:00,post
1fb0yin,1725691843,"DAS sind die fünf schönsten Asylheime Deutschlands! | Achtung, Reichelt! vom 05.09.24",,Ok_Yak8517,/r/PolitikBRD/comments/1fb0yin/das_sind_die_fünf_schönsten_asylheime/,https://youtu.be/Q2AjaltVQLc?si=kTpWsOm_IjR12o03,,1,1,t3_1fb0yin,2024-09-07 06:50:43+00:00,post
1fb117b,1725692170,"Funks ""Die da oben"" und die Bugs.",,Ok_Yak8517,/r/PolitikBRD/comments/1fb117b/funks_die_da_oben_und_die_bugs/,https://youtu.be/30y_A_KyXaM?si=uFblCM_dqOSxUY_Q,,1,1,t3_1fb117b,2024-09-07 06:56:10+00:00,post
1fb1coh,1725693535,Eure Gelder bei der Arbeit.,,Ok_Yak8517,/r/PolitikBRD/comments/1fb1coh/eure_gelder_bei_der_arbeit/,https://youtu.be/RVHk3kbWj3A?si=lJOMfIrOfdFIyx6o,,1,1,t3_1fb1coh,2024-09-07 07:18:55+00:00,post
1fb5obd,1725711749,Eklat: NIE WIEDER KOMME ICH HIER HIN!💥Chemnitzer-Bürger SCHOCKIEREN Annalena Baerbock!,,Ok_Yak8517,/r/PolitikBRD/comments/1fb5obd/eklat_nie_wieder_komme_ich_hier/,https://youtu.be/09ylyBQBIyc?si=HqfYi0CHbriAecGB,,1,1,t3_1fb5obd,2024-09-07 12:22:29+00:00,post
1fb5wdk,1725712483,UNFASSBAR! 💥 WAHL WIRD WIEDERHOLT! 💥 WAHLSKANDAL IN SACHSEN GEHT GERADE ÜBERALL VIRAL!,,Ok_Yak8517,/r/PolitikBRD/comments/1fb5wdk/unfassbar_wahl_wird_wiederholt_wahlskandal_in/,https://youtu.be/1IKW_xMxpWw?si=XkQ5TZbCxOtuOWPI,,1,1,t3_1fb5wdk,2024-09-07 12:34:43+00:00,post
1fb7ioi,1725717490,"No Spam! Videos, you are interested in",[removed],Ok_Candy6495,/r/PolitikBRD/comments/1fb7ioi/no_spam_videos_you_are_interested_in/,https://www.reddit.com/r/PolitikBRD/comments/1fb7ioi/no_spam_videos_you_are_interested_in/,,1,1,t3_1fb7ioi,2024-09-07 13:58:10+00:00,post
1fb7w23,1725718493,Angriff,[removed],Ok_Yak8517,/r/PolitikBRD/comments/1fb7w23/angriff/,https://www.reddit.com/r/PolitikBRD/comments/1fb7w23/angriff/,,1,1,t3_1fb7w23,2024-09-07 14:14:53+00:00,post
1fbhir8,1725744054,⚡ SPD KÜNDIGT RÜCKTRITT AN VOR BRANDENBURGER WAHL!?⚡,,Ok_Yak8517,/r/PolitikBRD/comments/1fbhir8/spd_kündigt_rücktritt_an_vor_brandenburger_wahl/,https://youtu.be/d_yzVnQnyQ0?si=Ak9GzjpcCD3GKPv9,,1,1,t3_1fbhir8,2024-09-07 21:20:54+00:00,post
1fbtd6q,1725785542,Eklat: SIE SCHLUGEN AUF DAS AUTO!💥Frau Göring-Eckhardt von Demonstranten MASSIV ANGEGANGEN!,,Ok_Yak8517,/r/PolitikBRD/comments/1fbtd6q/eklat_sie_schlugen_auf_das_autofrau/,https://youtu.be/AZXdcMnUBog?si=vpkV9GiYEwkuzjFU,,1,1,t3_1fbtd6q,2024-09-08 08:52:22+00:00,post
1fbtdqc,1725785607,💥 BEI DIESER AfD-REDE RASTEN DIE GRÜNEN VÖLLIG AUS 💥,,Ok_Yak8517,/r/PolitikBRD/comments/1fbtdqc/bei_dieser_afdrede_rasten_die_grünen_völlig_aus/,https://youtu.be/Sy7ayTmDJd8?si=PE9wbprhiSMGxxyB,,1,1,t3_1fbtdqc,2024-09-08 08:53:27+00:00,post
1fbth3u,1725786009,Robert Habeck | Lügen als letzter Versuch,,Ok_Yak8517,/r/PolitikBRD/comments/1fbth3u/robert_habeck_lügen_als_letzter_versuch/,https://youtu.be/HHuOy7i-oFA?si=hcjaE0mHs6DBJx-6,,1,1,t3_1fbth3u,2024-09-08 09:00:09+00:00,post
1fbuv3x,1725791988,💥Rede-Abbruch: Demonstranten erschüttern Ricarda Lang,,Ok_Yak8517,/r/PolitikBRD/comments/1fbuv3x/redeabbruch_demonstranten_erschüttern_ricarda_lang/,https://youtu.be/ocIXDHkDXR8?si=Yw8tQ-ih21gpAWAu,,1,1,t3_1fbuv3x,2024-09-08 10:39:48+00:00,post
1fbuv93,1725792005,💥Rede-Abbruch: Demonstranten erschüttern Ricarda Lang,,Ok_Yak8517,/r/PolitikBRD/comments/1fbuv93/redeabbruch_demonstranten_erschüttern_ricarda_lang/,https://youtu.be/ocIXDHkDXR8?si=tqk-ARMPJzaEK42K,,1,1,t3_1fbuv93,2024-09-08 10:40:05+00:00,post
1fbuvya,1725792087,"Wie kann sie nur?! Faeser zahlt Kriminellen 1000 Euro! | Achtung, Reichelt! vom 02.09.2024",,Ok_Yak8517,/r/PolitikBRD/comments/1fbuvya/wie_kann_sie_nur_faeser_zahlt_kriminellen_1000/,https://youtu.be/yKv7kqVlSK4?si=w2kISdBfvCJdKSs8,,1,1,t3_1fbuvya,2024-09-08 10:41:27+00:00,post
1fbuxg5,1725792263,Brisant: Herbert Kickl analysiert messerscharf Deutsche Politik!,,Ok_Yak8517,/r/PolitikBRD/comments/1fbuxg5/brisant_herbert_kickl_analysiert_messerscharf/,https://youtu.be/xTIFNFtWTcM?si=jADQwmfcXKyI42_y,,1,1,t3_1fbuxg5,2024-09-08 10:44:23+00:00,post
1fc12d3,1725810949,Wieder mal ein Softwarefehler,,Ok_Yak8517,/r/PolitikBRD/comments/1fc12d3/wieder_mal_ein_softwarefehler/,https://youtu.be/lxSTTLymkIE?si=Zf-uyH03pWlJ5Lcl,,1,1,t3_1fc12d3,2024-09-08 15:55:49+00:00,post
1fc4f6g,1725819618,⚡ CDU BESTÄTIGT UNFASSBARES!  ⚡,,Ok_Yak8517,/r/PolitikBRD/comments/1fc4f6g/cdu_bestätigt_unfassbares/,https://youtu.be/V7JwgOx_H9A?si=FQXlaNSibGUB86-_,,1,1,t3_1fc4f6g,2024-09-08 18:20:18+00:00,post
1fc4grn,1725819733,Ungarn schickt Busse nach Brüssel! Von der Außengrenze direkt zu Ursula von der Leyen! Eskalation!,,Ok_Yak8517,/r/PolitikBRD/comments/1fc4grn/ungarn_schickt_busse_nach_brüssel_von_der/,https://youtu.be/Jxzkb1jhYUM?si=N8tASR2XNWn1yLBa,,1,1,t3_1fc4grn,2024-09-08 18:22:13+00:00,post
1fc4vp6,1725820780,Der blaue Haken...,,Ok_Yak8517,/r/PolitikBRD/comments/1fc4vp6/der_blaue_haken/,https://youtu.be/FB5cC1JcMg0?si=_4kC9mBfvBcDRxrl,,1,1,t3_1fc4vp6,2024-09-08 18:39:40+00:00,post
1fc4yli,1725820981,Die Experten-Propaganda gegen die Bauernproteste,,Ok_Yak8517,/r/PolitikBRD/comments/1fc4yli/die_expertenpropaganda_gegen_die_bauernproteste/,https://youtu.be/pZeF7-M_YbY?si=Ep_W8Ghuibq4w3xi,,1,1,t3_1fc4yli,2024-09-08 18:43:01+00:00,post
1fc7fck,1725827277,Genauso soll es laufen.,,Ok_Yak8517,/r/PolitikBRD/comments/1fc7fck/genauso_soll_es_laufen/,https://youtu.be/jtWa4IyLwR0?si=70yeIf8brt24058s,,1,1,t3_1fc7fck,2024-09-08 20:27:57+00:00,post
1fc8chs,1725829674,Wie die grüne Partei die Tagesschau beeinflusst.,,Ok_Yak8517,/r/PolitikBRD/comments/1fc8chs/wie_die_grüne_partei_die_tagesschau_beeinflusst/,https://youtu.be/65GQ69zG5yM?si=MKJDPGQTX5nrBw7w,,1,1,t3_1fc8chs,2024-09-08 21:07:54+00:00,post
1fca76t,1725834612,AfD dominiert TikTok,,agent007653,/r/PolitikBRD/comments/1fca76t/afd_dominiert_tiktok/,https://www.reddit.com/gallery/1fca76t,,20,1,t3_1fca76t,2024-09-08 22:30:12+00:00,post
1fca8pr,1725834731,Warum der IS wieder Angst verbreiten kann,,agent007653,/r/PolitikBRD/comments/1fca8pr/warum_der_is_wieder_angst_verbreiten_kann/,https://www.reddit.com/gallery/1fca8pr,,2,2,t3_1fca8pr,2024-09-08 22:32:11+00:00,post
1fcain5,1725835527,",,Das Geld reicht zum Überleben, aber nicht zum Leben''",,agent007653,/r/PolitikBRD/comments/1fcain5/das_geld_reicht_zum_überleben_aber_nicht_zum_leben/,https://www.reddit.com/gallery/1fcain5,,95,48,t3_1fcain5,2024-09-08 22:45:27+00:00,post
1fcak37,1725835649,Ministerpräsident Woidke will bei AfD-Sieg abtreten,,agent007653,/r/PolitikBRD/comments/1fcak37/ministerpräsident_woidke_will_bei_afdsieg_abtreten/,https://i.redd.it/pkns0xoeznnd1.jpeg,,32,4,t3_1fcak37,2024-09-08 22:47:29+00:00,post
1fcaljn,1725835764,Die AfD betreibt die Politik der Reichen und der Konzerne,,agent007653,/r/PolitikBRD/comments/1fcaljn/die_afd_betreibt_die_politik_der_reichen_und_der/,https://www.reddit.com/gallery/1fcaljn,,133,19,t3_1fcaljn,2024-09-08 22:49:24+00:00,post
1fcamr4,1725835860,Was ist eigentlich Rechtsextremismus ?,,agent007653,/r/PolitikBRD/comments/1fcamr4/was_ist_eigentlich_rechtsextremismus/,https://www.reddit.com/gallery/1fcamr4,,48,35,t3_1fcamr4,2024-09-08 22:51:00+00:00,post
1fcao3q,1725835965,"Manche Ärztinnen und Ärzte in Deutschland fahren Taxi, statt Menschenleben zu retten. ",,agent007653,/r/PolitikBRD/comments/1fcao3q/manche_ärztinnen_und_ärzte_in_deutschland_fahren/,https://www.reddit.com/gallery/1fcao3q,,11,1,t3_1fcao3q,2024-09-08 22:52:45+00:00,post
1fcaq2q,1725836123,So stehen Ampel und AfD in bundesweiten Umfragen,,agent007653,/r/PolitikBRD/comments/1fcaq2q/so_stehen_ampel_und_afd_in_bundesweiten_umfragen/,https://v.redd.it/2kk41jqs0ond1,,37,5,t3_1fcaq2q,2024-09-08 22:55:23+00:00,post
1fcar0j,1725836201,AfD UNBESIEGBAR ?,,agent007653,/r/PolitikBRD/comments/1fcar0j/afd_unbesiegbar/,https://www.reddit.com/gallery/1fcar0j,,26,1,t3_1fcar0j,2024-09-08 22:56:41+00:00,post
1fcasq5,1725836339,„Dicke“ Autos machen den Verkehr unsicherer und sind schlecht für die Umwelt.,,agent007653,/r/PolitikBRD/comments/1fcasq5/dicke_autos_machen_den_verkehr_unsicherer_und/,https://www.reddit.com/gallery/1fcasq5,,51,9,t3_1fcasq5,2024-09-08 22:58:59+00:00,post
1fcjtt2,1725867208,💥MEGA SKANDAL: IRRE AUSSAGE DER CDU ÜBER DIE WÄHLER KOMMT ANS LICHT💥,,Ok_Yak8517,/r/PolitikBRD/comments/1fcjtt2/mega_skandal_irre_aussage_der_cdu_über_die_wähler/,https://youtu.be/WnJpA8aucAc?si=LVY-wozax_Y6FIRs,,1,1,t3_1fcjtt2,2024-09-09 07:33:28+00:00,post
1fcker0,1725869933,13 Fragen- Diese Diskussion ist sinnlos.,,Ok_Yak8517,/r/PolitikBRD/comments/1fcker0/13_fragen_diese_diskussion_ist_sinnlos/,https://youtu.be/T_eCUBLVxfc?si=ERzw7hpZTBISscCV,,1,1,t3_1fcker0,2024-09-09 08:18:53+00:00,post
1fckoku,1725871196,Was ist denn mit Sarah los?,,Ok_Yak8517,/r/PolitikBRD/comments/1fckoku/was_ist_denn_mit_sarah_los/,https://youtu.be/Du3jI92XAjE?si=1sSNK7nud-j33QuC,,1,1,t3_1fckoku,2024-09-09 08:39:56+00:00,post
1fckvfw,1725872093,Brandenburg-Umfrage: Grüne fallen HISTORISCH tief!,,Ok_Yak8517,/r/PolitikBRD/comments/1fckvfw/brandenburgumfrage_grüne_fallen_historisch_tief/,https://youtu.be/xOvxZT9VPk0?si=ZSlAkdmIYEub2OUz,,1,1,t3_1fckvfw,2024-09-09 08:54:53+00:00,post
1fclhmd,1725874912,Eilmeldung: Sachse erschüttert Baerbock,,Ok_Yak8517,/r/PolitikBRD/comments/1fclhmd/eilmeldung_sachse_erschüttert_baerbock/,https://youtu.be/3WVKBo_pT08?si=WvXxUibPThOf-98j,,1,1,t3_1fclhmd,2024-09-09 09:41:52+00:00,post
1fcq5i4,1725890486,"Während dem Tag der offenen Tür im Bundestag sagt der Abgeordnete Brandner (AfD) ""Es ist völliger quatsch, dass die AfD auch nur den Hauch irgendwelcher extremistischen Aktivitäten verbreitet"" ","In einer [Podiumsdiskussion ](https://youtu.be/K0U0hHEWBAk?t=29076)des Rechtsausschuss am Tag der offenen Tür im deutschen Bundestag sprach der Abgeordnete Brandner (AfD) dem Verfassungsschutz (der Länder) die Unabhängigkeit ab und behauptete die Beobachtung der AfD wäre rein politisch motiviert.   
Ich hoffe es entspricht den hier geltenden Regeln auf diese Aussage aufmerksam zu machen. ",A_Grey_A,/r/PolitikBRD/comments/1fcq5i4/während_dem_tag_der_offenen_tür_im_bundestag_sagt/,https://www.reddit.com/r/PolitikBRD/comments/1fcq5i4/während_dem_tag_der_offenen_tür_im_bundestag_sagt/,,1,1,t3_1fcq5i4,2024-09-09 14:01:26+00:00,post
1fczag4,1725912995,Deutscher Politischer Kompass,,RasiererBruh,/r/PolitikBRD/comments/1fczag4/deutscher_politischer_kompass/,https://i.redd.it/mdjo0q1gdund1.jpeg,,1,1,t3_1fczag4,2024-09-09 20:16:35+00:00,post
1fd0egh,1725915695,Warum und wie relativiert die sogenannte Neue Rechte diese Fakten ?,,agent007653,/r/PolitikBRD/comments/1fd0egh/warum_und_wie_relativiert_die_sogenannte_neue/,https://www.reddit.com/gallery/1fd0egh,,27,3,t3_1fd0egh,2024-09-09 21:01:35+00:00,post
1fd0goc,1725915841,"Viele junge Menschen in Ostdeutschland erhoffen sich von der AfD eine bessere
finanzielle Zukunft. Warum ist das so ?",,agent007653,/r/PolitikBRD/comments/1fd0goc/viele_junge_menschen_in_ostdeutschland_erhoffen/,https://www.reddit.com/gallery/1fd0goc,,42,15,t3_1fd0goc,2024-09-09 21:04:01+00:00,post
1fd0ike,1725915958,Brauchen wir eine Zuckersteuer ?,,agent007653,/r/PolitikBRD/comments/1fd0ike/brauchen_wir_eine_zuckersteuer/,https://v.redd.it/95oy0516mund1,,5,7,t3_1fd0ike,2024-09-09 21:05:58+00:00,post
1fd0vcb,1725916823,LINDNER WIRD VON DEN LINKEN VERKLAGT,,agent007653,/r/PolitikBRD/comments/1fd0vcb/lindner_wird_von_den_linken_verklagt/,https://i.redd.it/ryiz46wqound1.jpeg,,112,4,t3_1fd0vcb,2024-09-09 21:20:23+00:00,post
1fd0xgn,1725916966,DEUTSCHE KLASSEN-GESELLSCHAFT,,agent007653,/r/PolitikBRD/comments/1fd0xgn/deutsche_klassengesellschaft/,https://v.redd.it/1rs62ei5pund1,,91,18,t3_1fd0xgn,2024-09-09 21:22:46+00:00,post
1fd0zsf,1725917134,WIRTSCHAFTSFEIND HÖCKE ?,,agent007653,/r/PolitikBRD/comments/1fd0zsf/wirtschaftsfeind_höcke/,https://www.reddit.com/gallery/1fd0zsf,,16,1,t3_1fd0zsf,2024-09-09 21:25:34+00:00,post
1fd145g,1725917441,"In der DDR linientreu, jetzt in den Reihen der
AfD: Über die Stasi-Vergangenheit in den
Parteireihen",,agent007653,/r/PolitikBRD/comments/1fd145g/in_der_ddr_linientreu_jetzt_in_den_reihen_der_afd/,https://www.reddit.com/gallery/1fd145g,,31,3,t3_1fd145g,2024-09-09 21:30:41+00:00,post
1fd15j8,1725917537,"Deutschland
Zahlen zu Geflüchteten und Abschiebungen",,agent007653,/r/PolitikBRD/comments/1fd15j8/deutschland_zahlen_zu_geflüchteten_und/,https://www.reddit.com/gallery/1fd15j8,,16,1,t3_1fd15j8,2024-09-09 21:32:17+00:00,post
1fd4db0,1725926222,»Moral verdeckt den Blick auf Realpolitik«,,PlecotusAuritus,/r/PolitikBRD/comments/1fd4db0/moral_verdeckt_den_blick_auf_realpolitik/,https://www.reddit.com/r/PolitikBRD/comments/1fd4db0/moral_verdeckt_den_blick_auf_realpolitik/,,1,1,t3_1fd4db0,2024-09-09 23:57:02+00:00,post
1fd8eib,1725938452,UNFASSBAR!💥Sie FÜRCHTET NIEMANDEN!,,Ok_Yak8517,/r/PolitikBRD/comments/1fd8eib/unfassbarsie_fürchtet_niemanden/,https://youtu.be/tjqNrVIz9HA?si=Qfc5wjEaDGGzPLMS,,1,1,t3_1fd8eib,2024-09-10 03:20:52+00:00,post
1fd8flw,1725938551,💥EKLAT: LANZ DEMÜTIGT KÜHNERT!💥 PRECHT LEGT KNALLHART NACH!! #ampelmussweg #afd,,Ok_Yak8517,/r/PolitikBRD/comments/1fd8flw/eklat_lanz_demütigt_kühnert_precht_legt_knallhart/,https://youtu.be/ehM3lTUSG3Y?si=WeY0L3T1tz-JHtct,,1,1,t3_1fd8flw,2024-09-10 03:22:31+00:00,post
1fdhru4,1725974615,Faesers Supergau: Die Ampel ist am Ende!,,Ok_Yak8517,/r/PolitikBRD/comments/1fdhru4/faesers_supergau_die_ampel_ist_am_ende/,https://youtu.be/NnDb5lhQFfQ?si=g9_NqrBzUUNa96sz,,1,1,t3_1fdhru4,2024-09-10 13:23:35+00:00,post
1fdhsoh,1725974683,BREAKING! 💥 WEIDEL KNÜPFT SICH VON DER LEYEN VOR! 💥 NACH DIESEM VIDEO KAUFST DU DIR KEIN E-AUTO!,,Ok_Yak8517,/r/PolitikBRD/comments/1fdhsoh/breaking_weidel_knüpft_sich_von_der_leyen_vor/,https://youtu.be/1FSV3otBU_c?si=-IH9LqDzexFksCHS,,1,1,t3_1fdhsoh,2024-09-10 13:24:43+00:00,post
1fdt2r5,1726002770,Welche Koalitiinsmöglichkeiten bzw. Regierungsformen sind bei den Wahlen in Brandenburg im Hinblick auf solche Prognosen bitte möglich? Läuft das nicht zwangsläufig auf die Unmöglichkeit einer Regierungsbilsung hinaus?,[removed],Zestyclose_Force_694,/r/PolitikBRD/comments/1fdt2r5/welche_koalitiinsmöglichkeiten_bzw/,https://www.reddit.com/r/PolitikBRD/comments/1fdt2r5/welche_koalitiinsmöglichkeiten_bzw/,,1,1,t3_1fdt2r5,2024-09-10 21:12:50+00:00,post
1fdt4fv,1726002890,Welche Koalitiinsmöglichkeiten bzw. Regierungsformen sind bei den Wahlen in Brandenburg im Hinblick auf solche Prognosen bitte möglich? Läuft das nicht zwangsläufig auf die Unmöglichkeit einer Mehrheitsregierung hinaus?,https://dawum.de/Brandenburg/,Zestyclose_Force_694,/r/PolitikBRD/comments/1fdt4fv/welche_koalitiinsmöglichkeiten_bzw/,https://www.reddit.com/r/PolitikBRD/comments/1fdt4fv/welche_koalitiinsmöglichkeiten_bzw/,,1,1,t3_1fdt4fv,2024-09-10 21:14:50+00:00,post
1fdujuf,1726006624,"Klimageld : In Osterreich kein Problem, in Deutschland Wunschdenken",,agent007653,/r/PolitikBRD/comments/1fdujuf/klimageld_in_osterreich_kein_problem_in/,https://i.redd.it/up78voaq32od1.jpeg,,58,4,t3_1fdujuf,2024-09-10 22:17:04+00:00,post
1fdup7r,1726007024,"Weitere Erfolge vor Gericht
Unterlassungen wegen Falschbehauptungen gegen Höcke, Baumann und Urban (AfD)",,agent007653,/r/PolitikBRD/comments/1fdup7r/weitere_erfolge_vor_gericht_unterlassungen_wegen/,https://www.reddit.com/gallery/1fdup7r,,18,1,t3_1fdup7r,2024-09-10 22:23:44+00:00,post
1fduqjh,1726007126,Aneinander vorbei kommuniziert,,agent007653,/r/PolitikBRD/comments/1fduqjh/aneinander_vorbei_kommuniziert/,https://i.redd.it/9flbsfr952od1.jpeg,,68,24,t3_1fduqjh,2024-09-10 22:25:26+00:00,post
1fdutpr,1726007370,So redet sich die Alkohol-Lobby das Saufen schön,,agent007653,/r/PolitikBRD/comments/1fdutpr/so_redet_sich_die_alkohollobby_das_saufen_schön/,https://v.redd.it/inhzn0ey52od1,,39,12,t3_1fdutpr,2024-09-10 22:29:30+00:00,post
1fduuz6,1726007472,"WIRKLICH, FRAU VON DER LEYEN ?",,agent007653,/r/PolitikBRD/comments/1fduuz6/wirklich_frau_von_der_leyen/,https://www.reddit.com/gallery/1fduuz6,,9,3,t3_1fduuz6,2024-09-10 22:31:12+00:00,post
1fduwn4,1726007601,Nichtwähler sind nicht die schlechteren Demokraten!,,agent007653,/r/PolitikBRD/comments/1fduwn4/nichtwähler_sind_nicht_die_schlechteren_demokraten/,https://www.reddit.com/gallery/1fduwn4,,14,1,t3_1fduwn4,2024-09-10 22:33:21+00:00,post
1fduyuj,1726007771,LEERE VERSPRECHEN ?,,agent007653,/r/PolitikBRD/comments/1fduyuj/leere_versprechen/,https://www.reddit.com/gallery/1fduyuj,,12,2,t3_1fduyuj,2024-09-10 22:36:11+00:00,post
1fdv0y6,1726007931,"3 Grafiken, die jeder zu den Landtagswahlen kennen muss",,agent007653,/r/PolitikBRD/comments/1fdv0y6/3_grafiken_die_jeder_zu_den_landtagswahlen_kennen/,https://www.reddit.com/gallery/1fdv0y6,,66,2,t3_1fdv0y6,2024-09-10 22:38:51+00:00,post
1felxi8,1726090733,POLITIK FÜR DIE REICHEN,,agent007653,/r/PolitikBRD/comments/1felxi8/politik_für_die_reichen/,https://v.redd.it/hxmldh6w19od1,,49,4,t3_1felxi8,2024-09-11 21:38:53+00:00,post
1fem06w,1726090929,"Hitzewelle, Brände und Dürren:
So trifft die Klimakrise unsere Kinder.",,agent007653,/r/PolitikBRD/comments/1fem06w/hitzewelle_brände_und_dürren_so_trifft_die/,https://i.redd.it/5jsvgwhg29od1.jpeg,,35,2,t3_1fem06w,2024-09-11 21:42:09+00:00,post
1fem26f,1726091072,"AKTIONÄRE FIRST, BELEGSCHAFT LAST ?",,agent007653,/r/PolitikBRD/comments/1fem26f/aktionäre_first_belegschaft_last/,https://www.reddit.com/gallery/1fem26f,,60,8,t3_1fem26f,2024-09-11 21:44:32+00:00,post
1fem3pi,1726091183,Rekordwert für Erneuerbare Energien in Deutschland ,,agent007653,/r/PolitikBRD/comments/1fem3pi/rekordwert_für_erneuerbare_energien_in_deutschland/,https://www.reddit.com/gallery/1fem3pi,,49,4,t3_1fem3pi,2024-09-11 21:46:23+00:00,post
1fem4xf,1726091278,"Arbeitsminister Heil
2025 keine Bürgergeld-Erhöhung",,agent007653,/r/PolitikBRD/comments/1fem4xf/arbeitsminister_heil_2025_keine_bürgergelderhöhung/,https://i.redd.it/htg8j4oi39od1.jpeg,,25,23,t3_1fem4xf,2024-09-11 21:47:58+00:00,post
1fem7hk,1726091463,"Trump vs. Harris
Scharfe Angriffe bei TV-Duell",,agent007653,/r/PolitikBRD/comments/1fem7hk/trump_vs_harris_scharfe_angriffe_bei_tvduell/,https://www.reddit.com/gallery/1fem7hk,,5,6,t3_1fem7hk,2024-09-11 21:51:03+00:00,post
1fem964,1726091582,KOALITIONSBILDUNG FÜR FORTGESCHRITTENE,,agent007653,/r/PolitikBRD/comments/1fem964/koalitionsbildung_für_fortgeschrittene/,https://www.reddit.com/gallery/1fem964,,32,16,t3_1fem964,2024-09-11 21:53:02+00:00,post
1feny07,1726096133, Reichelt reicht's ! Folge 1 - Feuchte Sommernachtsträume ,,ReicheltReichts,/r/PolitikBRD/comments/1feny07/reichelt_reichts_folge_1_feuchte/,https://www.youtube.com/watch?v=Vd95V9pWTGY,,1,1,t3_1feny07,2024-09-11 23:08:53+00:00,post
1fexgmz,1726129140,Brandenburg-Umfrage: Grüne vor MEGA-Blamage!,,Ok_Yak8517,/r/PolitikBRD/comments/1fexgmz/brandenburgumfrage_grüne_vor_megablamage/,https://youtu.be/ej1GO8VKzR4?si=0gMYiQtNl6JTDCZe,,1,1,t3_1fexgmz,2024-09-12 08:19:00+00:00,post
1ff75gt,1726159446,Demokratiedefizit in Deutschland ,"Ich will mal was zu einem bekannten Demokratiedefizit in unserem politischen System schreiben:

Wie funktioniert Wählen in Deutschland?:

Bei der Bundestagswahl hat man zwei Stimmen. Mit der ersten Stimme wird die erste Hälfte der Abgeordneten im Bundestag gewählt, mit der zweiten Stimme die zweite Hälfte.

Wie funktioniert die erste Stimme?

Deutschland ist in Wahlkreise eingeteilt. Meine Region hat z. B. Wahlkreis 39. In den Wahlkreisen gibt es Parteien, von denen man eine Person wählen kann. Auf dem Wahlzettel kann man Personen wählen, die jeweils zu einer bestimmten Partei gehören, z. B. Hans Mustermann (SPD), Dieter Meier (CDU) usw.

Die Person, die im Wahlkreis die meisten Stimmen bekommen hat, kommt in den Bundestag und repräsentiert dort den Wahlkreis 39 (im Beispiel meines Wahlkreises). Z. B. Hans hat 10 Stimmen bekommen, Dieter 7. Also geht Hans für meinen Wahlkreis in den Bundestag. Man sagt, die Person hat ein ""Direktmandat"". Das geht so für alle Wahlkreise.

Wie funktioniert die zweite Stimme?

Die zweite Stimme ist das Verhältniswahlrecht.

Mit dieser Stimme wählt man eine Partei. Also man kann auswählen zwischen SPD, CDU, FDP usw.

Diese Stimmen der Verhältniswahl werden zusammengezählt und es wird berechnet, wieviele Leute wieviel Prozent von der jeweiligen Partei gewählt haben.

Also z. B. von allen Wahlberechtigten haben 20% die SPD gewählt, 30% die CDU, 20% die FDP 20%, die Grünen und 10% Die Linke.

Anhand dieser Zahlen wird bestimmt, wieviele Sitze die jeweilige Partei im Bundestag hat.

Also z. B. die SPD hat 20% aller Stimmen bekommen, also kriegt sie 20% der Sitze im Bundestag. Die CDU hat 30% aller Stimmen bekommen, also kriegt sie 30% aller Sitze usw. Dadurch ergibt sich die zweite Hälfte der Sitze im Bundestag.

Jetzt die Frage: Welche Personen kommen über die zweite Stimme in den Bundestag? Z. B. die 30% der Stimmen für die CDU? Welche Leute sind diese 30%?

Die werden von den Parteien selbst bestimmt in geheimen Wahlen.

Die Parteien erstellen eine Liste mit Namen von Personen aus der eigenen Partei, die sie ausgewählt haben und erstellen damit eine Rangfolge.

Z. B. CDU erstellt eine Liste aus Leuten ihrer Partei: Hans 1,Jürgen 2, Marcus 3 usw.

Die füllen dann die 30% der Sitze im Bundestag. Je weiter oben eine Person in der Rangliste ist, umso wahrscheinlicher ist es, das sie in den Bundestag kommt. Wenn es z. B. nur 30 Sitze gäbe, die Liste aber 40 Leute hat, dann kommen die ersten 30 in den Bundestag, die letzten 10 nicht. Die Sitze werden praktisch ""aufgefüllt"" mit den Leuten aus der Liste. Falls Personen ausscheiden aus irgendwelchen Gründen, dann rücken die Nächsten nach.

Das sind die sogenannten Landeslisten der Parteien. Jede Partei macht so eine Liste.

Und das ist ein Demokratiedefizit, weil die Landeslisten das Prinzip der unmittelbaren Wahl nicht erfüllen.

Man nennt diese Listen auch ""starre Landeslisten"", weil die Leute von der Partei vorbestimmt sind.

Die Parteien alleine bestimmen, wer in der Liste ist. Sie werden von den Parteien in geheimen Wahlen, unter Auschluss der Öffentlichkeit gewählt, ohne dass der Bürger auswählen kann.

Mal ein Beispiel für eine Person, die über Direktmandat in den Bundestag gekommen ist und ein Beispiel für eine Person, die über die Landesliste reingekommen ist:

Marco Bülow hat in seinem Wahlkreis die meisten Stimmen bekommen und ist dadurch in den Bundestag gekommen. Er wurde also von den Bürgern in seinem Wahlkreis gewählt.

Ana-Maria Trasnea

Sie ist über die Landesliste in den Bundestag gekommen.

Bei ihr ist es sogar so, dass sie nur nachgerückt ist, weil Cansel Kiziltepe, aus irgendeinem Grund, ausgeschieden ist.

Mit diesen Landeslisten können Abgeordnete in den Bundestag kommen, die von Niemandem gewählt wurden. Besonders gravierend ist es, wenn die Person in ihrem Wahlkreis nicht gewählt wurde, sie aber gleichzeitig auch auf der Landesliste ist und über die Landesliste trotzdem in den Bundestag kommt. Was auch durch dieses System passiert, ist, dass auf die vorderen Plätze der Landeslisten immer die ""gemachten"" Politiker gesetzt werden, was dann dazu führt, dass immer die gleichen Leute im Bundestag sind. Es lässt sich in manchen Fälle sogar sicher vorhersagen, wer im Bundestag sitzt. Daher sitzen auch immer die gleichen Kotzbrocken im Bundestag wie zb Carsten Linnemann. Die FDP hat seit 1990 kein Direktmandat mehr bekommen. 

Zitat:
""Die vom Wähler getroffenen personellen Wahlkreisentscheidungen werden von den Parteien allerdings häufig über so genannte sichere Listenplätze konterkariert. So gelangten in der Bundestagswahl 2002 ca. 54 Prozent der Parlamentskandidaten sicher prognostizierbar, das heißt unabhängig von maximalen Schwankungen der Wählerzustimmung zu einzelnen Parteien, in den Bundestag.[5]""

https://userpage.fu-berlin.de/vvp/wahl_ohne_auswahl.htm

"" Unmittelbare Wahl? Nach bisherigem Wahlrecht ist etwa die Hälfte der Abgeordneten nicht unmittelbar wählbar; vielmehr bestimmen die Parteien durch die Reihenfolge auf ihren Kandidatenlisten selbst darüber, welche Kandidaten voraussichtlich in den Bundestag einziehen und welche geringe oder keine Chancen darauf haben - eine Verletzung der Wählersouveränität. Dies zeigt sich insbesondere dann, wenn nicht oder abgewählte Direktwahlkandidaten dennoch über ihre Parteiliste ins Parlament gelangen.""

https://www.bpb.de/shop/zeitsc…emokratisches-wahlsystem/

Ende Zitate. 

Man muss es so offen sagen: 50% der Abgeordneten im Bundestag werden nicht vom Bürger gewählt! 

Das Starre Listensystem ist auch verfassungswidrig. Weil in der Verfassung, im Grundgesetz, steht, dass alle Wahlen immer direkt sein soll (unmittelbar). Es wurde auch schonmal geklagt, aber das Bundesverfassungsgericht hat sich metaphysische Grund ausgedacht, warum das doch direkt wäre. 

Ein sehr guter Aufsatz dazu von Hans Herbert von Arnim. Er heißt: ""Wählen wir unsere Abgeordneten unmittelbar?"" Findet man leicht bei Google als pdf zum runterladen von der Universität Speyer. Kann ich jedem dringend empfehlen. 

Eine Alternative wären übrigens offene Wahllisten wie in Hamburg oder bei lokalen Wahlen, wo man panachieren und akkumulieren kann. 

Die repräsentative Demokratie ist aber grundsätzlich keine Demokratie aus einer historischen Perspektive gesehen. Der Begriff ist ein Oxymoron. Demokratie kommt ursprünglich aus dem antiken Griechenland. Und damals hat Demokratie bedeutet, dass es eine maximale Partizipation der Bürger an allen Entscheidungen gibt (auch wenn viele Leute ausgeschlossen waren). Wahlsysteme wie unseres wurden als Oligarchie betrachtet. Und diese Auffassung von Demokratie hat bis zum Ende des 18. Jahrhunderts jeder Intellektuelle gehabt, der sich mit Demokratie beschäftigt hat, wie z. B. Aristoteles, James Harrington, James Madison (der an der US-Verfassung mitgeschrieben hat), Emmanuel Sieves, Charles Montesquieu.

Die Leute, die sich unser repräsentatives System ausgedacht haben, haben dieses System nicht als Demokratie gedacht, sondern es streng davon unterschieden. Sie wollten keine Demokratie, aus grob drei Gründen:

1. Hohes Bevölkerungswachstum mache Demokratie unmöglich.

2. Die industrielle Revolution (der Beginn des modernen Kapitalismus, Lohnarbeit) habe dazu geführt, dass die meisten Menschen 10, 12, 14 Stunden am Tag arbeiten müssen und sie daher keine Zeit haben sich politisch einzubringen.

3. In einer Gesellschaft in der einige wenige alles haben und der große Rest nichts, würde es in einer tatsächlichen Demokratie dazu kommen, dass sich die Mehrheit entscheidet, die Reichen zu enteignen und deren Besitz aufzuteilen.

4. Nur den Besitzenden könne man die Regierung anvertrauen, weil sie geübt darin wären, Verantwort zu haben, da sie ja schon Verantwortung für ihren Besitz haben. Übrigens Theodor Heuss vom Parlamentarischen Rat 1945 meinte, dass, wenn es in Deutschland mehr Demokratie gäbe, dann würde es wieder zu einer Fürstenenteignung kommen, wie es in der Weimarer-Republik passiert ist. Und daher war er gegen Demokratie. In der Weimarer-Republik gab es Volksentscheide (die ich nicht als Demokratie sehe, aber es gab sie auf jeden Fall).

In den Politikwissenschaften ist es bekannt, dass die ""repräsentative Demokratie"" eine konstitutionelle Oligarchie ist. Aber es wird damit entgegnet, dass das ja nicht so schlimm sei, weil:

1. Ein friedlicher Machtwechsel möglich ist.

2. Sie sei das geeignetste System in einer Massengesellschaft.

In den letzten zehn Jahren oder so ist noch ein weiteres Argument hinzugekommen. Nämlich, dass es gar keine Rolle mehr spiele, ob es noch demokratische Prozesse gibt, weil man es vom Ergebnis her sehen sollte. Aber wenn man so argumentiert, dann könnte man ja gleich sagen, dass ein Diktator auch in Ordnung wäre, solange er für wirtschaftliches Wachstum sorgt.

Die repräsentative Demokratie mit ihrem Parlament ist nicht in der Antike entstanden, sondern in der englischen Revolution 1689. Das Bürgertum hat ein Parlament gegründet, in dem es sich versammelte, um mitentscheiden zu können, wenn der König neue Steuern einbringen wollte. Nur Menschen mit Eigentum (die zb Landbesitz hatten) durften wählen, es gab das Zensuswahlrecht. Nie war vorgesehen, dass die allgemeine Bevölkerung etwas zu sagen hat oder jemanden wählen darf. Das kam später und wurde dann nach Bürgerkriegs-ähnlichen Zuständen eingeführt. ",JonnyBadFox,/r/PolitikBRD/comments/1ff75gt/demokratiedefizit_in_deutschland/,https://www.reddit.com/r/PolitikBRD/comments/1ff75gt/demokratiedefizit_in_deutschland/,,1,1,t3_1ff75gt,2024-09-12 16:44:06+00:00,post
1ffdzfp,1726176558,ES BEWEGT SICH WAS,,agent007653,/r/PolitikBRD/comments/1ffdzfp/es_bewegt_sich_was/,https://www.reddit.com/gallery/1ffdzfp,,56,1,t3_1ffdzfp,2024-09-12 21:29:18+00:00,post
1ffe1h9,1726176700,Eine Leiche auf der Anklagebank ?,,agent007653,/r/PolitikBRD/comments/1ffe1h9/eine_leiche_auf_der_anklagebank/,https://www.reddit.com/gallery/1ffe1h9,,1,0,t3_1ffe1h9,2024-09-12 21:31:40+00:00,post
1ffe54f,1726176961,BAERBOCK-MINISTERIUM KONTERT TRUMP ?!,,agent007653,/r/PolitikBRD/comments/1ffe54f/baerbockministerium_kontert_trump/,https://www.reddit.com/gallery/1ffe54f,,44,10,t3_1ffe54f,2024-09-12 21:36:01+00:00,post
1ffe6mo,1726177075,BÜROKRATIE MADE IN GERMANY,,agent007653,/r/PolitikBRD/comments/1ffe6mo/bürokratie_made_in_germany/,https://www.reddit.com/gallery/1ffe6mo,,15,2,t3_1ffe6mo,2024-09-12 21:37:55+00:00,post
1ffe7pm,1726177158,"Sonntagsfrage
Landtagswahl in Brandenburg | in Prozent",,agent007653,/r/PolitikBRD/comments/1ffe7pm/sonntagsfrage_landtagswahl_in_brandenburg_in/,https://i.redd.it/bzgvkj8w6god1.jpeg,,11,13,t3_1ffe7pm,2024-09-12 21:39:18+00:00,post
1ffe9b1,1726177272,BETRIEBSRÄTE UNERWÜNSCHT,,agent007653,/r/PolitikBRD/comments/1ffe9b1/betriebsräte_unerwünscht/,https://www.reddit.com/gallery/1ffe9b1,,59,4,t3_1ffe9b1,2024-09-12 21:41:12+00:00,post
1ffeb5d,1726177410,"Luftqualität wirkt sich auf mentale Gesundheit aus
Umweltzonen senken laut Studie das Risiko für Angststörungen und Depressionen",,agent007653,/r/PolitikBRD/comments/1ffeb5d/luftqualität_wirkt_sich_auf_mentale_gesundheit/,https://i.redd.it/cucmjmtl7god1.jpeg,,32,2,t3_1ffeb5d,2024-09-12 21:43:30+00:00,post
1ffecf9,1726177509,"WAS DENN JETZT, HERR KRETSCHMER ?",,agent007653,/r/PolitikBRD/comments/1ffecf9/was_denn_jetzt_herr_kretschmer/,https://i.redd.it/l9hn26yw7god1.jpeg,,13,2,t3_1ffecf9,2024-09-12 21:45:09+00:00,post
1ffeedq,1726177652,"HALLO GRÜNE?
NOCH DA ?",,agent007653,/r/PolitikBRD/comments/1ffeedq/hallo_grüne_noch_da/,https://i.redd.it/l56jb76c8god1.jpeg,,145,96,t3_1ffeedq,2024-09-12 21:47:32+00:00,post
1ffpxpf,1726217025,"Ich habe das Gefühl, die SPD hat Sklaverei light und Rassismus light eingeführt. ","Ich provoziere hier und stelle meine Punkte überspitzt dar. Ich bin selbst ein Kind einer Migrantin. In Deutschland läuft noch vieles gut, aber diese Entwicklung möchte ich dennoch thematisieren.

Die Argumentation ist ziemlich einfach:

Deutschland hat ein demografisches Loch.  
Dieses wurde durch den Nachhaltigkeitsfaktor und den Lebenserwartungsfaktor in der Agenda 2010 gestopft. Es war zwar unangenehm den Älteren zu sagen, dass sie bis 67 arbeiten und etwas weniger bekommen werden, aber das System war nachhaltig.

In der Groko wurden diese Faktoren herausgenommen und es wurde die abschlagsfreie Rente mit 63 eingeführt. Damit konnte die SPD punkten und stellt nun den Kanzler.

Nur muss dieses Wahlversprechen jetzt bedient werden. Dafür müssen die zu wenigen Kinder einsteigen, die aber keine Rentengarantie bekommen. Das heißt Arbeit ohne fairen Ausgleich. Das klingt mir nach Sklaverei.

Außerdem sind viele Ausländer ins Land gelassen worden, die helfen sollen, dieses Loch zu stopfen. Also sieht es für mich so aus, dass die Ausländer von der SPD genau wie die eigene arbeitende Bevölkerung ausgenutzt werden.

  
Edit: Die Lösung ist unpopulär und deutlich schmerzhafter als die Agenda 2010. Die SPD muss als der Sündenbock abgestraft werden. Die Regierung muss den unpopulären Schritt machen und deutlich mehr von den Rentnern erwarten, bei gleichzeitiger Kürzung der Leistungen.

Wir müssen wieder mehr in Kitas und Schulen investieren und nicht in die Lebenserwartungsverlängerung von Menschen, die nie mehr leisten werden. Man kann den Rentnern vorwerfen, dass sie zu geringe Beiträge im Vergleich zu den zu wenigen Kindern, die es jetzt gibt, gezahlt haben. ",BewitchedHare,/r/PolitikBRD/comments/1ffpxpf/ich_habe_das_gefühl_die_spd_hat_sklaverei_light/,https://www.reddit.com/r/PolitikBRD/comments/1ffpxpf/ich_habe_das_gefühl_die_spd_hat_sklaverei_light/,,0,21,t3_1ffpxpf,2024-09-13 08:43:45+00:00,post
1fg1cys,1726250907,Neuester EU-Anlauf zur Chatkontrolle: Werden Messenger-Dienste in Europa gesperrt?,,EinAndererNutzer,/r/PolitikBRD/comments/1fg1cys/neuester_euanlauf_zur_chatkontrolle_werden/,https://www.piratenpartei.de/2024/09/12/neuester-eu-anlauf-zur-chatkontrolle-werden-messenger-dienste-in-europa-gesperrt/,,1,1,t3_1fg1cys,2024-09-13 18:08:27+00:00,post
1fg7q3x,1726267520,CDU mit AFD in Sachsen oder Thüringen?,[removed],RoutineSpecific8486,/r/PolitikBRD/comments/1fg7q3x/cdu_mit_afd_in_sachsen_oder_thüringen/,https://www.reddit.com/r/PolitikBRD/comments/1fg7q3x/cdu_mit_afd_in_sachsen_oder_thüringen/,,1,1,t3_1fg7q3x,2024-09-13 22:45:20+00:00,post
